40,1,1,1,1,1,1,1,1,1,1
40,1,4,1,1,1,1,1,1,1,1
40,1,7,1,1,1,1,1,1,1,1
40,1,10,1,1,1,1,1,1,1,1
40,1,13,1,1,1,1,1,1,1,1
40,1,16,1,1,1,1,1,1,1,1
40,1,19,1,1,1,1,1,1,1,1
40,1,22,1,1,1,1,1,1,1,1
40,1,25,1,1,1,1,1,1,1,1
40,1,28,1,1,1,1,1,1,1,1
40,1,31,1,1,1,1,1,1,1,1
40,1,34,1,1,1,1,1,1,1,1
40,1,37,1,1,1,1,1,1,1,1
40,1,40,1,1,1,1,1,1,1,1
40,1,43,1,1,1,1,1,1,1,1
40,1,46,1,1,1,1,1,1,1,1
40,1,49,1,1,1,1,1,1,1,1
40,1,52,1,1,1,1,1,1,1,1
40,1,55,1,1,1,1,1,1,1,1
40,1,58,1,1,1,1,1,1,1,1
40,1,61,1,1,1,1,1,1,1,1
40,1,64,1,1,1,1,1,1,1,1
40,1,67,1,1,1,1,1,1,1,1
40,1,70,1,1,1,1,1,1,1,1
40,1,73,1,1,1,1,1,1,1,1
40,1,76,1,1,1,1,1,1,1,1
40,1,79,1,1,1,1,1,1,1,1
40,1,82,1,1,1,1,1,1,1,1
40,1,85,1,1,1,1,1,1,1,1
40,1,88,1,1,1,1,1,1,1,1
40,1,91,1,1,1,1,1,1,1,1
40,1,94,1,1,1,1,1,1,1,1
40,1,97,1,1,1,1,1,1,1,1
40,1,100,1,1,1,1,1,1,1,1
40,1,103,1,1,1,1,1,1,1,1
40,1,106,1,1,1,1,1,1,1,1
40,1,109,1,1,1,1,1,1,1,1
40,1,112,1,1,1,1,1,1,1,1
40,1,115,1,1,1,1,1,1,1,1
40,1,118,1,1,1,1,1,1,1,1
40,1,121,1,1,1,1,1,1,1,1
40,1,124,1,1,1,1,1,1,1,1
40,1,127,1,1,1,1,1,1,1,1
40,1,130,1,1,1,1,1,1,1,1
40,1,133,1,1,1,1,1,1,1,1
40,1,136,1,1,1,1,1,1,1,1
40,1,139,1,1,1,1,1,1,1,1
40,1,142,1,1,1,1,1,1,1,1
40,1,145,1,1,1,1,1,1,1,1
40,1,148,1,1,1,1,1,1,1,1
40,1,151,1,1,1,1,1,1,1,1
40,1,154,1,1,1,1,1,1,1,1
40,1,157,1,1,1,1,1,1,1,1
40,1,160,1,1,1,1,1,1,1,1
40,1,163,1,1,1,1,1,1,1,1
40,1,166,1,1,1,1,1,1,1,1
40,1,169,1,1,1,1,1,1,1,1
40,1,172,1,1,1,1,1,1,1,1
40,1,175,1,1,1,1,1,1,1,1
40,1,178,1,1,1,1,1,1,1,1
40,1,181,1,1,1,1,1,1,1,1
40,1,184,1,1,1,1,1,1,1,1
40,1,187,1,1,1,1,1,1,1,1
40,1,190,1,1,1,1,1,1,1,1
40,1,193,1,1,1,1,1,1,1,1
40,1,196,1,1,1,1,1,1,1,1
40,1,199,1,1,1,1,1,1,1,1
40,1,202,1,1,1,1,1,1,1,1
40,1,205,1,1,1,1,1,1,1,1
40,2,1,0,0,0,0,0,0,0,0
40,2,4,0,0,0,0,0,0,0,0
40,2,7,0,0,0,0,0,0,0,0
40,2,10,0,0,0,0,0,0,0,0
40,2,13,0,0,0,0,0,0,0,0
40,2,16,0,0,0,0,0,0,0,0
40,2,19,0,0,0,0,0,0,0,0
40,2,22,0,0,0,0,0,0,0,0
40,2,25,0,0,0,0,0,0,0,0
40,2,28,0,0,0,0,0,0,0,0
40,2,31,0,0,0,0,0,0,0,0
40,2,34,0,0,0,0,0,0,0,0
40,2,37,0,0,0,0,0,0,0,0
40,2,40,0,0,0,0,0,0,0,0
40,2,43,0,0,0,0,0,0,0,0
40,2,46,0,0,0,0,0,0,0,0
40,2,49,0,0,0,0,0,0,0,0
40,2,52,0,0,0,0,0,0,0,0
40,2,55,0,0,0,0,0,0,0,0
40,2,58,0,0,0,0,0,0,0,0
40,2,61,0,0,0,0,0,0,0,0
40,2,64,0,0,0,0,0,0,0,0
40,2,67,0,0,0,0,0,0,0,0
40,2,70,0,0,0,0,0,0,0,0
40,2,73,0,0,0,0,0,0,0,0
40,2,76,0,0,0,0,0,0,0,0
40,2,79,0,0,0,0,0,0,0,0
40,2,82,0,0,0,0,0,0,0,0
40,2,85,0,0,0,0,0,0,0,0
40,2,88,0,0,0,0,0,0,0,0
40,2,91,0,0,0,0,0,0,0,0
40,2,94,0,0,0,0,0,0,0,0
40,2,97,0,0,0,0,0,0,0,0
40,2,100,0,0,0,0,0,0,0,0
40,2,103,0,0,0,0,0,0,0,0
40,2,106,0,0,0,0,0,0,0,0
40,2,109,0,0,0,0,0,0,0,0
40,2,112,0,0,0,0,0,0,0,0
40,2,115,0,0,0,0,0,0,0,0
40,2,118,0,0,0,0,0,0,0,0
40,2,121,0,0,0,0,0,0,0,0
40,2,124,0,0,0,0,0,0,0,0
40,2,127,0,0,0,0,0,0,0,0
40,2,130,0,0,0,0,0,0,0,0
40,2,133,0,0,0,0,0,0,0,0
40,2,136,0,0,0,0,0,0,0,0
40,2,139,0,0,0,0,0,0,0,0
40,2,142,0,0,0,0,0,0,0,0
40,2,145,0,0,0,0,0,0,0,0
40,2,148,0,0,0,0,0,0,0,0
40,2,151,0,0,0,0,0,0,0,0
40,2,154,0,0,0,0,0,0,0,0
40,2,157,0,0,0,0,0,0,0,0
40,2,160,0,0,0,0,0,0,0,0
40,2,163,0,0,0,0,0,0,0,0
40,2,166,0,0,0,0,0,0,0,0
40,2,169,0,0,0,0,0,0,0,0
40,2,172,0,0,0,0,0,0,0,0
40,2,175,0,0,0,0,0,0,0,0
40,2,178,0,0,0,0,0,0,0,0
40,2,181,0,0,0,0,0,0,0,0
40,2,184,0,0,0,0,0,0,0,0
40,2,187,0,0,0,0,0,0,0,0
40,2,190,0,0,0,0,0,0,0,0
40,2,193,0,0,0,0,0,0,0,0
40,2,196,0,0,0,0,0,0,0,0
40,2,199,0,0,0,0,0,0,0,0
40,2,202,0,0,0,0,0,0,0,0
40,2,205,0,0,0,0,0,0,0,0
40,3,1,0,0,0,0,0,0,0,0
40,3,4,0,0,0,0,0,0,0,0
40,3,7,0,0,0,0,0,0,0,0
40,3,10,0,0,0,0,0,0,0,0
40,3,13,0,0,0,0,0,0,0,0
40,3,16,0,0,0,0,0,0,0,0
40,3,19,0,0,0,0,0,0,0,0
40,3,22,0,0,0,0,0,0,0,0
40,3,25,0,0,0,0,0,0,0,0
40,3,28,0,0,0,0,0,0,0,0
40,3,31,0,0,0,0,0,0,0,0
40,3,34,0,0,0,0,0,0,0,0
40,3,37,0,0,0,0,0,0,0,0
40,3,40,0,0,0,0,0,0,0,0
40,3,43,0,0,0,0,0,0,0,0
40,3,46,0,0,0,0,0,0,0,0
40,3,49,0,0,0,0,0,0,0,0
40,3,52,0,0,0,0,0,0,0,0
40,3,55,0,0,0,0,0,0,0,0
40,3,58,0,0,0,0,0,0,0,0
40,3,61,0,0,0,0,0,0,0,0
40,3,64,0,0,0,0,0,0,0,0
40,3,67,0,0,0,0,0,0,0,0
40,3,70,0,0,0,0,0,0,0,0
40,3,73,0,0,0,0,0,0,0,0
40,3,76,0,0,0,0,0,0,0,0
40,3,79,0,0,0,0,0,0,0,0
40,3,82,0,0,0,0,0,0,0,0
40,3,85,0,0,0,0,0,-0.25751,-0.25751,-0.25751
40,3,88,0,0,-0.25751,-0.25751,-0.25751,-0.25751,-0.25751,-0.25751
40,3,91,-0.25751,-0.25751,-0.25751,-0.25751,-0.25751,-0.25751,-0.25751,0
40,3,94,-0.25751,-0.25751,-0.25751,-0.25751,0,0,0,0
40,3,97,-0.25751,0,0,0,0,0,0,0
40,3,100,0,0,0,0,0,0,0,0
40,3,103,0,0,0,0,0,0,0,0
40,3,106,0,0,0,0,0,0,0,0
40,3,109,0,0,0,0,0,0,0,0
40,3,112,0,0,0,0,0,0,0,0
40,3,115,0,0,0,0,0,0,0,0
40,3,118,0,0,0,0,0,0,0,0
40,3,121,0,0,0,0,0,0,0,0
40,3,124,0,0,0,0,0,0,0,0
40,3,127,0,0,0,0,0,0,0,0
40,3,130,0,0,0,0,0,0,0,0
40,3,133,0,0,0,0,0,0,0,0
40,3,136,0,0,0,0,0,0,0,0
40,3,139,0,0,0,0,0,0,0,0
40,3,142,0,0,0,0,0,0,0,0
40,3,145,0,0,0,0,0,0,0,0
40,3,148,0,0,0,0,0,0,0,0
40,3,151,0,0,0,0,0,0,0,0
40,3,154,0,0,0,0,0,0,0,0
40,3,157,0,0,0,0,0,0,0,0
40,3,160,0,0,0,0,0,0,0,0
40,3,163,0,0,0,0,0,0,0,0
40,3,166,0,0,0,0,0,0,0,0
40,3,169,0,0,0,0,0,0,0,0
40,3,172,0,0,0,0,0,0,0,0
40,3,175,0,0,0,0,0,0,0,0
40,3,178,0,0,0,0,0,0,0,0
40,3,181,0,0,0,0,0,0,0,0
40,3,184,0,0,0,0,0,0,0,0
40,3,187,0,0,0,0,0,0,0,0
40,3,190,0,0,0,0,0,0,0,0
40,3,193,0,0,0,0,0,0,0,0
40,3,196,0,0,0,0,0,0,0,0
40,3,199,0,0,0,0,0,0,0,0
40,3,202,0,0,0,0,0,0,0,0
40,3,205,0,0,0,0,0,0,0,0
40,4,1,0,0,0,0,0,0,0,0
40,4,4,0,0,0,0,0,0,0,0
40,4,7,0,0,0,0,0,0,0,0
40,4,10,0,0,0,0,0,0,0,0
40,4,13,0,0,0,0,0,0,0,0
40,4,16,0,0,0,0,0,0,0,0
40,4,19,0,0,0,0,0,0,0,0
40,4,22,0,0,0,0,0,0,0,0
40,4,25,0,0,0,0,0,0,0,0
40,4,28,0,0,0,0,0,0,0,0
40,4,31,0,0,0,0,0,0,0,0
40,4,34,0,0,0,0,0,0,0,0
40,4,37,0,0,0,0,0,0,0,0
40,4,40,0,0,0,0,0,0,0,0
40,4,43,0,0,0,0,0,0,0,0
40,4,46,0,0,0,0,0,0,0,0
40,4,49,0,0,0,0,0,0,0,0
40,4,52,0,0,0,0,0,0,0,0
40,4,55,0,0,0,0,0,0,0,0
40,4,58,0,0,0,0,0,0,0,0
40,4,61,0,0,0,0,0,0,0,0
40,4,64,0,0,0,0,0,0,0,0
40,4,67,0,0,0,0,0,0,0,0
40,4,70,0,0,0,0,0,0,0,0
40,4,73,0,0,0,0,0,0,0,0
40,4,76,0,0,0,0,0,0,0,0
40,4,79,0,0,0,0,0,-0.38627,-0.38627,-0.38627
40,4,82,0,0,-0.38627,-0.38627,-0.38627,-0.38627,-0.38627,-0.38627
40,4,85,-0.38627,-0.38627,-0.38627,-0.38627,-0.38627,-0.56297,-0.56297,-0.56297
40,4,88,-0.38627,-0.38627,-0.56297,-0.56297,-0.56297,-0.60992,-0.617,-0.60992
40,4,91,-0.56297,-0.56297,-0.60992,-0.617,-0.60992,-0.60992,-0.56297,-0.56297
40,4,94,-0.617,-0.60992,-0.60992,-0.56297,-0.56297,-0.38627,-0.38627,-0.38627
40,4,97,-0.56297,-0.56297,-0.38627,-0.38627,-0.38627,-0.38627,-0.38627,-0.38627
40,4,100,-0.38627,-0.38627,-0.38627,-0.38627,-0.38627,0,0,0
40,4,103,-0.38627,-0.38627,0,0,0,0,0,0
40,4,106,0,0,0,0,0,0,0,0
40,4,109,0,0,0,0,0,0,0,0
40,4,112,0,0,0,0,0,0,0,0
40,4,115,0,0,0,0,0,0,0,0
40,4,118,0,0,0,0,0,0,0,0
40,4,121,0,0,0,0,0,0,0,0
40,4,124,0,0,0,0,0,0,0,0
40,4,127,0,0,0,0,0,0,0,0
40,4,130,0,0,0,0,0,0,0,0
40,4,133,0,0,0,0,0,0,0,0
40,4,136,0,0,0,0,0,0,0,0
40,4,139,0,0,0,0,0,0,0,0
40,4,142,0,0,0,0,0,0,0,0
40,4,145,0,0,0,0,0,0,0,0
40,4,148,0,0,0,0,0,0,0,0
40,4,151,0,0,0,0,0,0,0,0
40,4,154,0,0,0,0,0,0,0,0
40,4,157,0,0,0,0,0,0,0,0
40,4,160,0,0,0,0,0,0,0,0
40,4,163,0,0,0,0,0,0,0,0
40,4,166,0,0,0,0,0,0,0,0
40,4,169,0,0,0,0,0,0,0,0
40,4,172,0,0,0,0,0,0,0,0
40,4,175,0,0,0,0,0,0,0,0
40,4,178,0,0,0,0,0,0,0,0
40,4,181,0,0,0,0,0,0,0,0
40,4,184,0,0,0,0,0,0,0,0
40,4,187,0,0,0,0,0,0,0,0
40,4,190,0,0,0,0,0,0,0,0
40,4,193,0,0,0,0,0,0,0,0
40,4,196,0,0,0,0,0,0,0,0
40,4,199,0,0,0,0,0,0,0,0
40,4,202,0,0,0,0,0,0,0,0
40,4,205,0,0,0,0,0,0,0,0
40,5,1,0,0,0,0,0,0,0,0
40,5,4,0,0,0,0,0,0,0,0
40,5,7,0,0,0,0,0,0,0,0
40,5,10,0,0,0,0,0,0,0,0
40,5,13,0,0,0,0,0,0,0,0
40,5,16,0,0,0,0,0,0,0,0
40,5,19,0,0,0,0,0,0,0,0
40,5,22,0,0,0,0,0,0,0,0
40,5,25,0,0,0,0,0,0,0,0
40,5,28,0,0,0,0,0,0,0,0
40,5,31,0,0,0,0,0,0,0,0
40,5,34,0,0,0,0,0,0,0,0
40,5,37,0,0,0,0,0,0,0,0
40,5,40,0,0,0,0,0,0,0,0
40,5,43,0,0,0,0,0,0,0,0
40,5,46,0,0,0,0,0,0,0,0
40,5,49,0,0,0,0,0,0,0,0
40,5,52,0,0,0,0,0,0,0,0
40,5,55,0,0,0,0,0,0,0,0
40,5,58,0,0,0,0,0,0,0,0
40,5,61,0,0,0,0,0,0,0,0
40,5,64,0,0,0,0,0,0,0,0
40,5,67,0,0,0,0,0,0,0,0
40,5,70,0,0,0,0,0,0,0,0
40,5,73,0,0,0,0,0,0,0,0
40,5,76,0,0,0,0,0,0,0,0
40,5,79,0,0,0,0,0,0.60708,0.60708,0.60708
40,5,82,0,0,0.60708,0.60708,0.60708,0.60708,0.60708,0.60708
40,5,85,0.60708,0.60708,0.60708,0.60708,0.60708,0.69249,0.69249,0.69249
40,5,88,0.60708,0.60708,0.69249,0.69249,0.69249,0.70928,0.71165,0.70928
40,5,91,0.69249,0.69249,0.70928,0.71165,0.70928,0.70928,0.69249,0.69249
40,5,94,0.71165,0.70928,0.70928,0.69249,0.69249,0.60708,0.60708,0.60708
40,5,97,0.69249,0.69249,0.60708,0.60708,0.60708,0.60708,0.60708,0.60708
40,5,100,0.60708,0.60708,0.60708,0.60708,0.60708,0,0,0
40,5,103,0.60708,0.60708,0,0,0,0,0,0
40,5,106,0,0,0,0,0,0,0,0
40,5,109,0,0,0,0,0,0,0,0
40,5,112,0,0,0,0,0,0,0,0
40,5,115,0,0,0,0,0,0,0,0
40,5,118,0,0,0,0,0,0,0,0
40,5,121,0,0,0,0,0,0,0,0
40,5,124,0,0,0,0,0,0,0,0
40,5,127,0,0,0,0,0,0,0,0
40,5,130,0,0,0,0,0,0,0,0
40,5,133,0,0,0,0,0,0,0,0
40,5,136,0,0,0,0,0,0,0,0
40,5,139,0,0,0,0,0,0,0,0
40,5,142,0,0,0,0,0,0,0,0
40,5,145,0,0,0,0,0,0,0,0
40,5,148,0,0,0,0,0,0,0,0
40,5,151,0,0,0,0,0,0,0,0
40,5,154,0,0,0,0,0,0,0,0
40,5,157,0,0,0,0,0,0,0,0
40,5,160,0,0,0,0,0,0,0,0
40,5,163,0,0,0,0,0,0,0,0
40,5,166,0,0,0,0,0,0,0,0
40,5,169,0,0,0,0,0,0,0,0
40,5,172,0,0,0,0,0,0,0,0
40,5,175,0,0,0,0,0,0,0,0
40,5,178,0,0,0,0,0,0,0,0
40,5,181,0,0,0,0,0,0,0,0
40,5,184,0,0,0,0,0,0,0,0
40,5,187,0,0,0,0,0,0,0,0
40,5,190,0,0,0,0,0,0,0,0
40,5,193,0,0,0,0,0,0,0,0
40,5,196,0,0,0,0,0,0,0,0
40,5,199,0,0,0,0,0,0,0,0
40,5,202,0,0,0,0,0,0,0,0
40,5,205,0,0,0,0,0,0,0,0
40,6,1,0,0,0,0,0,0,0,0
40,6,4,0,0,0,0,0,0,0,0
40,6,7,0,0,0,0,0,0,0,0
40,6,10,0,0,0,0,0,0,0,0
40,6,13,0,0,0,0,0,0,0,0
40,6,16,0,0,0,0,0,0,0,0
40,6,19,0,0,0,0,0,0,0,0
40,6,22,0,0,0,0,0,0,0,0
40,6,25,0,0,0,0,0,0,0,0
40,6,28,0,0,0,0,0,0,0,0
40,6,31,0,0,0,0,0,0,0,0
40,6,34,0,0,0,0,0,0,0,0
40,6,37,0,0,0,0,0,0,0,0
40,6,40,0,0,0,0,0,0,0,0
40,6,43,0,0,0,0,0,0,0,0
40,6,46,0,0,0,0,0,0,0,0
40,6,49,0,0,0,0,0,0,0,0
40,6,52,0,0,0,0,0,0,0,0
40,6,55,0,0,0,0,0,0,0,0
40,6,58,0,0,0,0,0,0,0,0
40,6,61,0,0,0,0,0,0,0,0
40,6,64,0,0,0,0,0,0,0,0
40,6,67,0,0,0,0,0,0,0,0
40,6,70,0,0,0,0,0,0,0,0
40,6,73,0,0,0,0,0,0,0,0
40,6,76,0,0,0,0,0,0,0,0
40,6,79,0,0,0,0,0,0,0,0
40,6,82,0,0,0,0,0,0,0,0
40,6,85,0,0,0,0,0,0,0,0
40,6,88,0,0,0,0,0,0,0,0
40,6,91,0,0,0,0,0,0,0,0
40,6,94,0,0,0,0,0,0,0,0
40,6,97,0,0,0,0,0,0,0,0
40,6,100,0,0,0,0,0,0,0,0
40,6,103,0,0,0,0,0,0,0,0
40,6,106,0,0,0,0,0,0,0,0
40,6,109,0,0,0,0,0,0,0,0
40,6,112,0,0,0,0,0,0,0,0
40,6,115,0,0,0,0,0,0,0,0
40,6,118,0,0,0,0,0,0,0,0
40,6,121,0,0,0,0,0,0,0,0
40,6,124,0,0,0,0,0,0,0,0
40,6,127,0,0,0,0,0,0,0,0
40,6,130,0,0,0,0,0,0,0,0
40,6,133,0,0,0,0,0,0,0,0
40,6,136,0,0,0,0,0,0,0,0
40,6,139,0,0,0,0,0,0,0,0
40,6,142,0,0,0,0,0,0,0,0
40,6,145,0,0,0,0,0,0,0,0
40,6,148,0,0,0,0,0,0,0,0
40,6,151,0,0,0,0,0,0,0,0
40,6,154,0,0,0,0,0,0,0,0
40,6,157,0,0,0,0,0,0,0,0
40,6,160,0,0,0,0,0,0,0,0
40,6,163,0,0,0,0,0,0,0,0
40,6,166,0,0,0,0,0,0,0,0
40,6,169,0,0,0,0,0,0,0,0
40,6,172,0,0,0,0,0,0,0,0
40,6,175,0,0,0,0,0,0,0,0
40,6,178,0,0,0,0,0,0,0,0
40,6,181,0,0,0,0,0,0,0,0
40,6,184,0,0,0,0,0,0,0,0
40,6,187,0,0,0,0,0,0,0,0
40,6,190,0,0,0,0,0,0,0,0
40,6,193,0,0,0,0,0,0,0,0
40,6,196,0,0,0,0,0,0,0,0
40,6,199,0,0,0,0,0,0,0,0
40,6,202,0,0,0,0,0,0,0,0
40,6,205,0,0,0,0,0,0,0,0
40,7,1,0,0,0,0,0,0,0,0
40,7,4,0,0,0,0,0,0,0,0
40,7,7,0,0,0,0,0,0,0,0
40,7,10,0,0,0,0,0,0,0,0
40,7,13,0,0,0,0,0,0,0,0
40,7,16,0,0,0,0,0,0,0,0
40,7,19,0,0,0,0,0,0,0,0
40,7,22,0,0,0,0,0,0,0,0
40,7,25,0,0,0,0,0,0,0,0
40,7,28,0,0,0,0,0,0,0,0
40,7,31,0,0,0,0,0,0,0,0
40,7,34,0,0,0,0,0,0,0,0
40,7,37,0,0,0,0,0,0,0,0
40,7,40,0,0,0,0,0,0,0,0
40,7,43,0,0,0,0,0,0,0,0
40,7,46,0,0,0,0,0,0,0,0
40,7,49,0,0,0,0,0,0,0,0
40,7,52,0,0,0,0,0,0,0,0
40,7,55,0,0,0,0,0,0,0,0
40,7,58,0,0,0,0,0,0,0,0
40,7,61,0,0,0,0,0,0,0,0
40,7,64,0,0,0,0,0,0,0,0
40,7,67,0,0,0,0,0,0,0,0
40,7,70,0,0,0,0,0,0,0,0
40,7,73,0,0,0,0,0,0,0,0
40,7,76,0,0,0,0,0,0,0,0
40,7,79,0,0,0,0,0,0,0,0
40,7,82,0,0,0,0,0,0,0,0
40,7,85,0,0,0,0,0,0,0,0
40,7,88,0,0,0,0,0,0,0,0
40,7,91,0,0,0,0,0,0,0,0
40,7,94,0,0,0,0,0,0,0,0
40,7,97,0,0,0,0,0,0,0,0
40,7,100,0,0,0,0,0,0,0,0
40,7,103,0,0,0,0,0,0,0,0
40,7,106,0,0,0,0,0,0,0,0
40,7,109,0,0,0,0,0,0,0,0
40,7,112,0,0,0,0,0,0,0,0
40,7,115,0,0,0,0,0,0,0,0
40,7,118,0,0,0,0,0,0,0,0
40,7,121,0,0,0,0,0,0,0,0
40,7,124,0,0,0,0,0,0,0,0
40,7,127,0,0,0,0,0,0,0,0
40,7,130,0,0,0,0,0,0,0,0
40,7,133,0,0,0,0,0,0,0,0
40,7,136,0,0,0,0,0,0,0,0
40,7,139,0,0,0,0,0,0,0,0
40,7,142,0,0,0,0,0,0,0,0
40,7,145,0,0,0,0,0,0,0,0
40,7,148,0,0,0,0,0,0,0,0
40,7,151,0,0,0,0,0,0,0,0
40,7,154,0,0,0,0,0,0,0,0
40,7,157,0,0,0,0,0,0,0,0
40,7,160,0,0,0,0,0,0,0,0
40,7,163,0,0,0,0,0,0,0,0
40,7,166,0,0,0,0,0,0,0,0
40,7,169,0,0,0,0,0,0,0,0
40,7,172,0,0,0,0,0,0,0,0
40,7,175,0,0,0,0,0,0,0,0
40,7,178,0,0,0,0,0,0,0,0
40,7,181,0,0,0,0,0,0,0,0
40,7,184,0,0,0,0,0,0,0,0
40,7,187,0,0,0,0,0,0,0,0
40,7,190,0,0,0,0,0,0,0,0
40,7,193,0,0,0,0,0,0,0,0
40,7,196,0,0,0,0,0,0,0,0
40,7,199,0,0,0,0,0,0,0,0
40,7,202,0,0,0,0,0,0,0,0
40,7,205,0,0,0,0,0,0,0,0
40,8,1,0,0,0,0,0,0,0,0
40,8,4,0,0,0,0,0,0,0,0
40,8,7,0,0,0,0,0,0,0,0
40,8,10,0,0,0,0,0,0,0,0
40,8,13,0,0,0,0,0,0,0,0
40,8,16,0,0,0,0,0,0,0,0
40,8,19,0,0,0,0,0,0,0,0
40,8,22,0,0,0,0,0,0,0,0
40,8,25,0,0,0,0,0,0,0,0
40,8,28,0,0,0,0,0,0,0,0
40,8,31,0,0,0,0,0,0,0,0
40,8,34,0,0,0,0,0,0,0,0
40,8,37,0,0,0,0,0,0,0,0
40,8,40,0,0,0,0,0,0,0,0
40,8,43,0,0,0,0,0,0,0,0
40,8,46,0,0,0,0,0,0,0,0
40,8,49,0,0,0,0,0,0,0,0
40,8,52,0,0,0,0,0,0,0,0
40,8,55,0,0,0,0,0,0,0,0
40,8,58,0,0,0,0,0,0,0,0
40,8,61,0,0,0,0,0,0,0,0
40,8,64,0,0,0,0,0,0,0,0
40,8,67,0,0,0,0,0,0,0,0
40,8,70,0,0,0,0,0,0,0,0
40,8,73,0,0,0,0,0,0,0,0
40,8,76,0,0,0,0,0,0,0,0
40,8,79,0,0,0,0,0,0,0,0
40,8,82,0,0,0,0,0,0,0,0
40,8,85,0,0,0,0,0,0,0,0
40,8,88,0,0,0,0,0,0,0,0
40,8,91,0,0,0,0,0,0,0,0
40,8,94,0,0,0,0,0,0,0,0
40,8,97,0,0,0,0,0,0,0,0
40,8,100,0,0,0,0,0,0,0,0
40,8,103,0,0,0,0,0,0,0,0
40,8,106,0,0,0,0,0,0,0,0
40,8,109,0,0,0,0,0,0,0,0
40,8,112,0,0,0,0,0,0,0,0
40,8,115,0,0,0,0,0,0,0,0
40,8,118,0,0,0,0,0,0,0,0
40,8,121,0,0,0,0,0,0,0,0
40,8,124,0,0,0,0,0,0,0,0
40,8,127,0,0,0,0,0,0,0,0
40,8,130,0,0,0,0,0,0,0,0
40,8,133,0,0,0,0,0,0,0,0
40,8,136,0,0,0,0,0,0,0,0
40,8,139,0,0,0,0,0,0,0,0
40,8,142,0,0,0,0,0,0,0,0
40,8,145,0,0,0,0,0,0,0,0
40,8,148,0,0,0,0,0,0,0,0
40,8,151,0,0,0,0,0,0,0,0
40,8,154,0,0,0,0,0,0,0,0
40,8,157,0,0,0,0,0,0,0,0
40,8,160,0,0,0,0,0,0,0,0
40,8,163,0,0,0,0,0,0,0,0
40,8,166,0,0,0,0,0,0,0,0
40,8,169,0,0,0,0,0,0,0,0
40,8,172,0,0,0,0,0,0,0,0
40,8,175,0,0,0,0,0,0,0,0
40,8,178,0,0,0,0,0,0,0,0
40,8,181,0,0,0,0,0,0,0,0
40,8,184,0,0,0,0,0,0,0,0
40,8,187,0,0,0,0,0,0,0,0
40,8,190,0,0,0,0,0,0,0,0
40,8,193,0,0,0,0,0,0,0,0
40,8,196,0,0,0,0,0,0,0,0
40,8,199,0,0,0,0,0,0,0,0
40,8,202,0,0,0,0,0,0,0,0
40,8,205,0,0,0,0,0,0,0,0
40,9,1,0,0,0,0,0,0,0,0
40,9,4,0,0,0,0,0,0,0,0
40,9,7,0,0,0,0,0,0,0,0
40,9,10,0,0,0,0,0,0,0,0
40,9,13,0,0,0,0,0,0,0,0
40,9,16,0,0,0,0,0,0,0,0
40,9,19,0,0,0,0,0,0,0,0
40,9,22,0,0,0,0,0,0,0,0
40,9,25,0,0,0,0,0,0,0,0
40,9,28,0,0,0,0,0,0,0,0
40,9,31,0,0,0,0,0,0,0,0
40,9,34,0,0,0,0,0,0,0,0
40,9,37,0,0,0,0,0,0,0,0
40,9,40,0,0,0,0,0,0,0,0
40,9,43,0,0,0,0,0,0,0,0
40,9,46,0,0,0,0,0,0,0,0
40,9,49,0,0,0,0,0,0,0,0
40,9,52,0,0,0,0,0,0,0,0
40,9,55,0,0,0,0,0,0,0,0
40,9,58,0,0,0,0,0,0,0,0
40,9,61,0,0,0,0,0,0,0,0
40,9,64,0,0,0,0,0,0,0,0
40,9,67,0,0,0,0,0,0,0,0
40,9,70,0,0,0,0,0,0,0,0
40,9,73,0,0,0,0,0,0,0,0
40,9,76,0,0,0,0,0,0,0,0
40,9,79,0,0,0,0,0,0,0,0
40,9,82,0,0,0,0,0,0,0,0
40,9,85,0,0,0,0,0,0,0,0
40,9,88,0,0,0,0,0,0,0,0
40,9,91,0,0,0,0,0,0,0,0
40,9,94,0,0,0,0,0,0,0,0
40,9,97,0,0,0,0,0,0,0,0
40,9,100,0,0,0,0,0,0,0,0
40,9,103,0,0,0,0,0,0,0,0
40,9,106,0,0,0,0,0,0,0,0
40,9,109,0,0,0,0,0,0,0,0
40,9,112,0,0,0,0,0,0,0,0
40,9,115,0,0,0,0,0,0,0,0
40,9,118,0,0,0,0,0,0,0,0
40,9,121,0,0,0,0,0,0,0,0
40,9,124,0,0,0,0,0,0,0,0
40,9,127,0,0,0,0,0,0,0,0
40,9,130,0,0,0,0,0,0,0,0
40,9,133,0,0,0,0,0,0,0,0
40,9,136,0,0,0,0,0,0,0,0
40,9,139,0,0,0,0,0,0,0,0
40,9,142,0,0,0,0,0,0,0,0
40,9,145,0,0,0,0,0,0,0,0
40,9,148,0,0,0,0,0,0,0,0
40,9,151,0,0,0,0,0,0,0,0
40,9,154,0,0,0,0,0,0,0,0
40,9,157,0,0,0,0,0,0,0,0
40,9,160,0,0,0,0,0,0,0,0
40,9,163,0,0,0,0,0,0,0,0
40,9,166,0,0,0,0,0,0,0,0
40,9,169,0,0,0,0,0,0,0,0
40,9,172,0,0,0,0,0,0,0,0
40,9,175,0,0,0,0,0,0,0,0
40,9,178,0,0,0,0,0,0,0,0
40,9,181,0,0,0,0,0,0,0,0
40,9,184,0,0,0,0,0,0,0,0
40,9,187,0,0,0,0,0,0,0,0
40,9,190,0,0,0,0,0,0,0,0
40,9,193,0,0,0,0,0,0,0,0
40,9,196,0,0,0,0,0,0,0,0
40,9,199,0,0,0,0,0,0,0,0
40,9,202,0,0,0,0,0,0,0,0
40,9,205,0,0,0,0,0,0,0,0
40,10,1,0,0,0,0,0,0,0,0
40,10,4,0,0,0,0,0,0,0,0
40,10,7,0,0,0,0,0,0,0,0
40,10,10,0,0,0,0,0,0,0,0
40,10,13,0,0,0,0,0,0,0,0
40,10,16,0,0,0,0,0,0,0,0
40,10,19,0,0,0,0,0,0,0,0
40,10,22,0,0,0,0,0,0,0,0
40,10,25,0,0,0,0,0,0,0,0
40,10,28,0,0,0,0,0,0,0,0
40,10,31,0,0,0,0,0,0,0,0
40,10,34,0,0,0,0,0,0,0,0
40,10,37,0,0,0,0,0,0,0,0
40,10,40,0,0,0,0,0,0,0,0
40,10,43,0,0,0,0,0,0,0,0
40,10,46,0,0,0,0,0,0,0,0
40,10,49,0,0,0,0,0,0,0,0
40,10,52,0,0,0,0,0,0,0,0
40,10,55,0,0,0,0,0,0,0,0
40,10,58,0,0,0,0,0,0,0,0
40,10,61,0,0,0,0,0,0,0,0
40,10,64,0,0,0,0,0,0,0,0
40,10,67,0,0,0,0,0,0,0,0
40,10,70,0,0,0,0,0,0,0,0
40,10,73,0,0,0,0,0,0,0,0
40,10,76,0,0,0,0,0,0,0,0
40,10,79,0,0,0,0,0,0,0,0
40,10,82,0,0,0,0,0,0,0,0
40,10,85,0,0,0,0,0,0,0,0
40,10,88,0,0,0,0,0,0,0,0
40,10,91,0,0,0,0,0,0,0,0
40,10,94,0,0,0,0,0,0,0,0
40,10,97,0,0,0,0,0,0,0,0
40,10,100,0,0,0,0,0,0,0,0
40,10,103,0,0,0,0,0,0,0,0
40,10,106,0,0,0,0,0,0,0,0
40,10,109,0,0,0,0,0,0,0,0
40,10,112,0,0,0,0,0,0,0,0
40,10,115,0,0,0,0,0,0,0,0
40,10,118,0,0,0,0,0,0,0,0
40,10,121,0,0,0,0,0,0,0,0
40,10,124,0,0,0,0,0,0,0,0
40,10,127,0,0,0,0,0,0,0,0
40,10,130,0,0,0,0,0,0,0,0
40,10,133,0,0,0,0,0,0,0,0
40,10,136,0,0,0,0,0,0,0,0
40,10,139,0,0,0,0,0,0,0,0
40,10,142,0,0,0,0,0,0,0,0
40,10,145,0,0,0,0,0,0,0,0
40,10,148,0,0,0,0,0,0,0,0
40,10,151,0,0,0,0,0,0,0,0
40,10,154,0,0,0,0,0,0,0,0
40,10,157,0,0,0,0,0,0,0,0
40,10,160,0,0,0,0,0,0,0,0
40,10,163,0,0,0,0,0,0,0,0
40,10,166,0,0,0,0,0,0,0,0
40,10,169,0,0,0,0,0,0,0,0
40,10,172,0,0,0,0,0,0,0,0
40,10,175,0,0,0,0,0,0,0,0
40,10,178,0,0,0,0,0,0,0,0
40,10,181,0,0,0,0,0,0,0,0
40,10,184,0,0,0,0,0,0,0,0
40,10,187,0,0,0,0,0,0,0,0
40,10,190,0,0,0,0,0,0,0,0
40,10,193,0,0,0,0,0,0,0,0
40,10,196,0,0,0,0,0,0,0,0
40,10,199,0,0,0,0,0,0,0,0
40,10,202,0,0,0,0,0,0,0,0
40,10,205,0,0,0,0,0,0,0,0
40,11,1,0,0,0,0,0,0,0,0
40,11,4,0,0,0,0,0,0,0,0
40,11,7,0,0,0,0,0,0,0,0
40,11,10,0,0,0,0,0,0,0,0
40,11,13,0,0,0,0,0,0,0,0
40,11,16,0,0,0,0,0,0,0,0
40,11,19,0,0,0,0,0,0,0,0
40,11,22,0,0,0,0,0,0,0,0
40,11,25,0,0,0,0,0,0,0,0
40,11,28,0,0,0,0,0,0,0,0
40,11,31,0,0,0,0,0,0,0,0
40,11,34,0,0,0,0,0,0,0,0
40,11,37,0,0,0,0,0,0,0,0
40,11,40,0,0,0,0,0,0,0,0
40,11,43,0,0,0,0,0,0,0,0
40,11,46,0,0,0,0,0,0,0,0
40,11,49,0,0,0,0,0,0,0,0
40,11,52,0,0,0,0,0,0,0,0
40,11,55,0,0,0,0,0,0,0,0
40,11,58,0,0,0,0,0,0,0,0
40,11,61,0,0,0,0,0,0,0,0
40,11,64,0,0,0,0,0,0,0,0
40,11,67,0,0,0,0,0,0,0,0
40,11,70,0,0,0,0,0,0,0,0
40,11,73,0,0,0,0,0,0,0,0
40,11,76,0,0,0,0,0,0,0,0
40,11,79,0,0,0,0,0,0,0,0
40,11,82,0,0,0,0,0,0,0,0
40,11,85,0,0,0,0,0,0,0,0
40,11,88,0,0,0,0,0,0,0,0
40,11,91,0,0,0,0,0,0,0,0
40,11,94,0,0,0,0,0,0,0,0
40,11,97,0,0,0,0,0,0,0,0
40,11,100,0,0,0,0,0,0,0,0
40,11,103,0,0,0,0,0,0,0,0
40,11,106,0,0,0,0,0,0,0,0
40,11,109,0,0,0,0,0,0,0,0
40,11,112,0,0,0,0,0,0,0,0
40,11,115,0,0,0,0,0,0,0,0
40,11,118,0,0,0,0,0,0,0,0
40,11,121,0,0,0,0,0,0,0,0
40,11,124,0,0,0,0,0,0,0,0
40,11,127,0,0,0,0,0,0,0,0
40,11,130,0,0,0,0,0,0,0,0
40,11,133,0,0,0,0,0,0,0,0
40,11,136,0,0,0,0,0,0,0,0
40,11,139,0,0,0,0,0,0,0,0
40,11,142,0,0,0,0,0,0,0,0
40,11,145,0,0,0,0,0,0,0,0
40,11,148,0,0,0,0,0,0,0,0
40,11,151,0,0,0,0,0,0,0,0
40,11,154,0,0,0,0,0,0,0,0
40,11,157,0,0,0,0,0,0,0,0
40,11,160,0,0,0,0,0,0,0,0
40,11,163,0,0,0,0,0,0,0,0
40,11,166,0,0,0,0,0,0,0,0
40,11,169,0,0,0,0,0,0,0,0
40,11,172,0,0,0,0,0,0,0,0
40,11,175,0,0,0,0,0,0,0,0
40,11,178,0,0,0,0,0,0,0,0
40,11,181,0,0,0,0,0,0,0,0
40,11,184,0,0,0,0,0,0,0,0
40,11,187,0,0,0,0,0,0,0,0
40,11,190,0,0,0,0,0,0,0,0
40,11,193,0,0,0,0,0,0,0,0
40,11,196,0,0,0,0,0,0,0,0
40,11,199,0,0,0,0,0,0,0,0
40,11,202,0,0,0,0,0,0,0,0
40,11,205,0,0,0,0,0,0,0,0
40,12,1,1,1,1,1,1,1,1,1
40,12,4,1,1,1,1,1,1,1,1
40,12,7,1,1,1,1,1,1,1,1
40,12,10,1,1,1,1,1,1,1,1
40,12,13,1,1,1,1,1,1,1,1
40,12,16,1,1,1,1,1,1,1,1
40,12,19,1,1,1,1,1,1,1,1
40,12,22,1,1,1,1,1,1,1,1
40,12,25,1,1,1,1,1,1,1,1
40,12,28,1,1,1,1,1,1,1,1
40,12,31,1,1,1,1,1,1,1,1
40,12,34,1,1,1,1,1,1,1,1
40,12,37,1,1,1,1,1,1,1,1
40,12,40,1,1,1,1,1,1,1,1
40,12,43,1,1,1,1,1,1,1,1
40,12,46,1,1,1,1,1,1,1,1
40,12,49,1,1,1,1,1,1,1,1
40,12,52,1,1,1,1,1,1,1,1
40,12,55,1,1,1,1,1,1,1,1
40,12,58,1,1,1,1,1,1,1,1
40,12,61,1,1,1,1,1,1,1,1
40,12,64,1,1,1,1,1,1,1,1
40,12,67,1,1,1,1,1,1,1,1
40,12,70,1,1,1,1,1,1,1,1
40,12,73,1,1,1,1,1,1,1,1
40,12,76,1,1,1,1,1,1,1,1
40,12,79,1,1,1,1,1,1,1,1
40,12,82,1,1,1,1,1,1,1,1
40,12,85,1,1,1,1,1,1,1,1
40,12,88,1,1,1,1,1,1,1,1
40,12,91,1,1,1,1,1,1,1,1
40,12,94,1,1,1,1,1,1,1,1
40,12,97,1,1,1,1,1,1,1,1
40,12,100,1,1,1,1,1,1,1,1
40,12,103,1,1,1,1,1,1,1,1
40,12,106,1,1,1,1,1,1,1,1
40,12,109,1,1,1,1,1,1,1,1
40,12,112,1,1,1,1,1,1,1,1
40,12,115,1,1,1,1,1,1,1,1
40,12,118,1,1,1,1,1,1,1,1
40,12,121,1,1,1,1,1,1,1,1
40,12,124,1,1,1,1,1,1,1,1
40,12,127,1,1,1,1,1,1,1,1
40,12,130,1,1,1,1,1,1,1,1
40,12,133,1,1,1,1,1,1,1,1
40,12,136,1,1,1,1,1,1,1,1
40,12,139,1,1,1,1,1,1,1,1
40,12,142,1,1,1,1,1,1,1,1
40,12,145,1,1,1,1,1,1,1,1
40,12,148,1,1,1,1,1,1,1,1
40,12,151,1,1,1,1,1,1,1,1
40,12,154,1,1,1,1,1,1,1,1
40,12,157,1,1,1,1,1,1,1,1
40,12,160,1,1,1,1,1,1,1,1
40,12,163,1,1,1,1,1,1,1,1
40,12,166,1,1,1,1,1,1,1,1
40,12,169,1,1,1,1,1,1,1,1
40,12,172,1,1,1,1,1,1,1,1
40,12,175,1,1,1,1,1,1,1,1
40,12,178,1,1,1,1,1,1,1,1
40,12,181,1,1,1,1,1,1,1,1
40,12,184,1,1,1,1,1,1,1,1
40,12,187,1,1,1,1,1,1,1,1
40,12,190,1,1,1,1,1,1,1,1
40,12,193,1,1,1,1,1,1,1,1
40,12,196,1,1,1,1,1,1,1,1
40,12,199,1,1,1,1,1,1,1,1
40,12,202,1,1,1,1,1,1,1,1
40,12,205,1,1,1,1,1,1,1,1
40,13,1,0,0,0,0,0,0,0,0
40,13,4,0,0,0,0,0,0,0,0
40,13,7,0,0,0,0,0,0,0,0
40,13,10,0,0,0,0,0,0,0,0
40,13,13,0,0,0,0,0,0,0,0
40,13,16,0,0,0,0,0,0,0,0
40,13,19,0,0,0,0,0,0,0,0
40,13,22,0,0,0,0,0,0,0,0
40,13,25,0,0,0,0,0,0,0,0
40,13,28,0,0,0,0,0,0,0,0
40,13,31,0,0,0,0,0,0,0,0
40,13,34,0,0,0,0,0,0,0,0
40,13,37,0,0,0,0,0,0,0,0
40,13,40,0,0,0,0,0,0,0,0
40,13,43,0,0,0,0,0,0,0,0
40,13,46,0,0,0,0,0,0,0,0
40,13,49,0,0,0,0,0,0,0,0
40,13,52,0,0,0,0,0,0,0,0
40,13,55,0,0,0,0,0,0,0,0
40,13,58,0,0,0,0,0,0,0,0
40,13,61,0,0,0,0,0,0,0,0
40,13,64,0,0,0,0,0,0,0,0
40,13,67,0,0,0,0,0,0,0,0
40,13,70,0,0,0,0,0,0,0,0
40,13,73,0,0,0,0,0,0,0,0
40,13,76,0,0,0,0,0,0,0,0
40,13,79,0,0,0,0,0,0,0,0
40,13,82,0,0,0,0,0,0,0,0
40,13,85,0,0,0,0,0,0,0,0
40,13,88,0,0,0,0,0,0,0,0
40,13,91,0,0,0,0,0,0,0,0
40,13,94,0,0,0,0,0,0,0,0
40,13,97,0,0,0,0,0,0,0,0
40,13,100,0,0,0,0,0,0,0,0
40,13,103,0,0,0,0,0,0,0,0
40,13,106,0,0,0,0,0,0,0,0
40,13,109,0,0,0,0,0,0,0,0
40,13,112,0,0,0,0,0,0,0,0
40,13,115,0,0,0,0,0,0,0,0
40,13,118,0,0,0,0,0,0,0,0
40,13,121,0,0,0,0,0,0,0,0
40,13,124,0,0,0,0,0,0,0,0
40,13,127,0,0,0,0,0,0,0,0
40,13,130,0,0,0,0,0,0,0,0
40,13,133,0,0,0,0,0,0,0,0
40,13,136,0,0,0,0,0,0,0,0
40,13,139,0,0,0,0,0,0,0,0
40,13,142,0,0,0,0,0,0,0,0
40,13,145,0,0,0,0,0,0,0,0
40,13,148,0,0,0,0,0,0,0,0
40,13,151,0,0,0,0,0,0,0,0
40,13,154,0,0,0,0,0,0,0,0
40,13,157,0,0,0,0,0,0,0,0
40,13,160,0,0,0,0,0,0,0,0
40,13,163,0,0,0,0,0,0,0,0
40,13,166,0,0,0,0,0,0,0,0
40,13,169,0,0,0,0,0,0,0,0
40,13,172,0,0,0,0,0,0,0,0
40,13,175,0,0,0,0,0,0,0,0
40,13,178,0,0,0,0,0,0,0,0
40,13,181,0,0,0,0,0,0,0,0
40,13,184,0,0,0,0,0,0,0,0
40,13,187,0,0,0,0,0,0,0,0
40,13,190,0,0,0,0,0,0,0,0
40,13,193,0,0,0,0,0,0,0,0
40,13,196,0,0,0,0,0,0,0,0
40,13,199,0,0,0,0,0,0,0,0
40,13,202,0,0,0,0,0,0,0,0
40,13,205,0,0,0,0,0,0,0,0
40,14,1,0,0,0,0,0,0,0,0
40,14,4,0,0,0,0,0,0,0,0
40,14,7,0,0,0,0,0,0,0,0
40,14,10,0,0,0,0,0,0,0,0
40,14,13,0,0,0,0,0,0,0,0
40,14,16,0,0,0,0,0,0,0,0
40,14,19,0,0,0,0,0,0,0,0
40,14,22,0,0,0,0,0,0,0,0
40,14,25,0,0,0,0,0,0,0,0
40,14,28,0,0,0,0,0,0,0,0
40,14,31,0,0,0,0,0,0,0,0
40,14,34,0,0,0,0,0,0,0,0
40,14,37,0,0,0,0,0,0,0,0
40,14,40,0,0,0,0,0,0,0,0
40,14,43,0,0,0,0,0,0,0,0
40,14,46,0,0,0,0,0,0,0,0
40,14,49,0,0,0,0,0,0,0,0
40,14,52,0,0,0,0,0,0,0,0
40,14,55,0,0,0,0,0,0,0,0
40,14,58,0,0,0,0,0,0,0,0
40,14,61,0,0,0,0,0,0,0,0
40,14,64,0,0,0,0,0,0,0,0
40,14,67,0,0,0,0,0,0,0,0
40,14,70,0,0,0,0,0,0,0,0
40,14,73,0,0,0,0,0,0,0,0
40,14,76,0,0,0,0,0,0,0,0
40,14,79,0,0,0,0,0,0,0,0
40,14,82,0,0,0,0,0,0,0,0
40,14,85,0,0,0,0,0,0,0,0
40,14,88,0,0,0,0,0,0,0,0
40,14,91,0,0,0,0,0,0,0,0
40,14,94,0,0,0,0,0,0,0,0
40,14,97,0,0,0,0,0,0,0,0
40,14,100,0,0,0,0,0,0,0,0
40,14,103,0,0,0,0,0,0,0,0
40,14,106,0,0,0,0,0,0,0,0
40,14,109,0,0,0,0,0,0,0,0
40,14,112,0,0,0,0,0,0,0,0
40,14,115,0,0,0,0,0,0,0,0
40,14,118,0,0,0,0,0,0,0,0
40,14,121,0,0,0,0,0,0,0,0
40,14,124,0,0,0,0,0,0,0,0
40,14,127,0,0,0,0,0,0,0,0
40,14,130,0,0,0,0,0,0,0,0
40,14,133,0,0,0,0,0,0,0,0
40,14,136,0,0,0,0,0,0,0,0
40,14,139,0,0,0,0,0,0,0,0
40,14,142,0,0,0,0,0,0,0,0
40,14,145,0,0,0,0,0,0,0,0
40,14,148,0,0,0,0,0,0,0,0
40,14,151,0,0,0,0,0,0,0,0
40,14,154,0,0,0,0,0,0,0,0
40,14,157,0,0,0,0,0,0,0,0
40,14,160,0,0,0,0,0,0,0,0
40,14,163,0,0,0,0,0,0,0,0
40,14,166,0,0,0,0,0,0,0,0
40,14,169,0,0,0,0,0,0,0,0
40,14,172,0,0,0,0,0,0,0,0
40,14,175,0,0,0,0,0,0,0,0
40,14,178,0,0,0,0,0,0,0,0
40,14,181,0,0,0,0,0,0,0,0
40,14,184,0,0,0,0,0,0,0,0
40,14,187,0,0,0,0,0,0,0,0
40,14,190,0,0,0,0,0,0,0,0
40,14,193,0,0,0,0,0,0,0,0
40,14,196,0,0,0,0,0,0,0,0
40,14,199,0,0,0,0,0,0,0,0
40,14,202,0,0,0,0,0,0,0,0
40,14,205,0,0,0,0,0,0,0,0
40,15,1,0,0,0,0,0,0,0,0
40,15,4,0,0,0,0,0,0,0,0
40,15,7,0,0,0,0,0,0,0,0
40,15,10,0,0,0,0,0,0,0,0
40,15,13,0,0,0,0,0,0,0,0
40,15,16,0,0,0,0,0,0,0,0
40,15,19,0,0,0,0,0,0,0,0
40,15,22,0,0,0,0,0,0,0,0
40,15,25,0,0,0,0,0,0,0,0
40,15,28,0,0,0,0,0,0,0,0
40,15,31,0,0,0,0,0,0,0,0
40,15,34,0,0,0,0,0,0,0,0
40,15,37,0,0,0,0,0,0,0,0
40,15,40,0,0,0,0,0,0,0,0
40,15,43,0,0,0,0,0,0,0,0
40,15,46,0,0,0,0,0,0,0,0
40,15,49,0,0,0,0,0,0,0,0
40,15,52,0,0,0,0,0,0,0,0
40,15,55,0,0,0,0,0,0,0,0
40,15,58,0,0,0,0,0,0,0,0
40,15,61,0,0,0,0,0,0,0,0
40,15,64,0,0,0,0,0,0,0,0
40,15,67,0,0,0,0,0,0,0,0
40,15,70,0,0,0,0,0,0,0,0
40,15,73,0,0,0,0,0,0,0,0
40,15,76,0,0,0,0,0,0,0,0
40,15,79,0,0,0,0,0,0,0,0
40,15,82,0,0,0,0,0,0,0,0
40,15,85,0,0,0,0,0,0,0,0
40,15,88,0,0,0,0,0,0,0,0
40,15,91,0,0,0,0,0,0,0,0
40,15,94,0,0,0,0,0,0,0,0
40,15,97,0,0,0,0,0,0,0,0
40,15,100,0,0,0,0,0,0,0,0
40,15,103,0,0,0,0,0,0,0,0
40,15,106,0,0,0,0,0,0,0,0
40,15,109,0,0,0,0,0,0,0,0
40,15,112,0,0,0,0,0,0,0,0
40,15,115,0,0,0,0,0,0,0,0
40,15,118,0,0,0,0,0,0,0,0
40,15,121,0,0,0,0,0,0,0,0
40,15,124,0,0,0,0,0,0,0,0
40,15,127,0,0,0,0,0,0,0,0
40,15,130,0,0,0,0,0,0,0,0
40,15,133,0,0,0,0,0,0,0,0
40,15,136,0,0,0,0,0,0,0,0
40,15,139,0,0,0,0,0,0,0,0
40,15,142,0,0,0,0,0,0,0,0
40,15,145,0,0,0,0,0,0,0,0
40,15,148,0,0,0,0,0,0,0,0
40,15,151,0,0,0,0,0,0,0,0
40,15,154,0,0,0,0,0,0,0,0
40,15,157,0,0,0,0,0,0,0,0
40,15,160,0,0,0,0,0,0,0,0
40,15,163,0,0,0,0,0,0,0,0
40,15,166,0,0,0,0,0,0,0,0
40,15,169,0,0,0,0,0,0,0,0
40,15,172,0,0,0,0,0,0,0,0
40,15,175,0,0,0,0,0,0,0,0
40,15,178,0,0,0,0,0,0,0,0
40,15,181,0,0,0,0,0,0,0,0
40,15,184,0,0,0,0,0,0,0,0
40,15,187,0,0,0,0,0,0,0,0
40,15,190,0,0,0,0,0,0,0,0
40,15,193,0,0,0,0,0,0,0,0
40,15,196,0,0,0,0,0,0,0,0
40,15,199,0,0,0,0,0,0,0,0
40,15,202,0,0,0,0,0,0,0,0
40,15,205,0,0,0,0,0,0,0,0
40,16,1,0,0,0,0,0,0,0,0
40,16,4,0,0,0,0,0,0,0,0
40,16,7,0,0,0,0,0,0,0,0
40,16,10,0,0,0,0,0,0,0,0
40,16,13,0,0,0,0,0,0,0,0
40,16,16,0,0,0,0,0,0,0,0
40,16,19,0,0,0,0,0,0,0,0
40,16,22,0,0,0,0,0,0,0,0
40,16,25,0,0,0,0,0,0,0,0
40,16,28,0,0,0,0,0,0,0,0
40,16,31,0,0,0,0,0,0,0,0
40,16,34,0,0,0,0,0,0,0,0
40,16,37,0,0,0,0,0,0,0,0
40,16,40,0,0,0,0,0,0,0,0
40,16,43,0,0,0,0,0,0,0,0
40,16,46,0,0,0,0,0,0,0,0
40,16,49,0,0,0,0,0,0,0,0
40,16,52,0,0,0,0,0,0,0,0
40,16,55,0,0,0,0,0,0,0,0
40,16,58,0,0,0,0,0,0,0,0
40,16,61,0,0,0,0,0,0,0,0
40,16,64,0,0,0,0,0,0,0,0
40,16,67,0,0,0,0,0,0,0,0
40,16,70,0,0,0,0,0,0,0,0
40,16,73,0,0,0,0,0,0,0,0
40,16,76,0,0,0,0,0,0,0,0
40,16,79,0,0,0,0,0,0,0,0
40,16,82,0,0,0,0,0,0,0,0
40,16,85,0,0,0,0,0,0,0,0
40,16,88,0,0,0,0,0,0,0,0
40,16,91,0,0,0,0,0,0,0,0
40,16,94,0,0,0,0,0,0,0,0
40,16,97,0,0,0,0,0,0,0,0
40,16,100,0,0,0,0,0,0,0,0
40,16,103,0,0,0,0,0,0,0,0
40,16,106,0,0,0,0,0,0,0,0
40,16,109,0,0,0,0,0,0,0,0
40,16,112,0,0,0,0,0,0,0,0
40,16,115,0,0,0,0,0,0,0,0
40,16,118,0,0,0,0,0,0,0,0
40,16,121,0,0,0,0,0,0,0,0
40,16,124,0,0,0,0,0,0,0,0
40,16,127,0,0,0,0,0,0,0,0
40,16,130,0,0,0,0,0,0,0,0
40,16,133,0,0,0,0,0,0,0,0
40,16,136,0,0,0,0,0,0,0,0
40,16,139,0,0,0,0,0,0,0,0
40,16,142,0,0,0,0,0,0,0,0
40,16,145,0,0,0,0,0,0,0,0
40,16,148,0,0,0,0,0,0,0,0
40,16,151,0,0,0,0,0,0,0,0
40,16,154,0,0,0,0,0,0,0,0
40,16,157,0,0,0,0,0,0,0,0
40,16,160,0,0,0,0,0,0,0,0
40,16,163,0,0,0,0,0,0,0,0
40,16,166,0,0,0,0,0,0,0,0
40,16,169,0,0,0,0,0,0,0,0
40,16,172,0,0,0,0,0,0,0,0
40,16,175,0,0,0,0,0,0,0,0
40,16,178,0,0,0,0,0,0,0,0
40,16,181,0,0,0,0,0,0,0,0
40,16,184,0,0,0,0,0,0,0,0
40,16,187,0,0,0,0,0,0,0,0
40,16,190,0,0,0,0,0,0,0,0
40,16,193,0,0,0,0,0,0,0,0
40,16,196,0,0,0,0,0,0,0,0
40,16,199,0,0,0,0,0,0,0,0
40,16,202,0,0,0,0,0,0,0,0
40,16,205,0,0,0,0,0,0,0,0
40,17,1,0,0,0,0,0,0,0,0
40,17,4,0,0,0,0,0,0,0,0
40,17,7,0,0,0,0,0,0,0,0
40,17,10,0,0,0,0,0,0,0,0
40,17,13,0,0,0,0,0,0,0,0
40,17,16,0,0,0,0,0,0,0,0
40,17,19,0,0,0,0,0,0,0,0
40,17,22,0,0,0,0,0,0,0,0
40,17,25,0,0,0,0,0,0,0,0
40,17,28,0,0,0,0,0,0,0,0
40,17,31,0,0,0,0,0,0,0,0
40,17,34,0,0,0,0,0,0,0,0
40,17,37,0,0,0,0,0,0,0,0
40,17,40,0,0,0,0,0,0,0,0
40,17,43,0,0,0,0,0,0,0,0
40,17,46,0,0,0,0,0,0,0,0
40,17,49,0,0,0,0,0,0,0,0
40,17,52,0,0,0,0,0,0,0,0
40,17,55,0,0,0,0,0,0,0,0
40,17,58,0,0,0,0,0,0,0,0
40,17,61,0,0,0,0,0,0,0,0
40,17,64,0,0,0,0,0,0,0,0
40,17,67,0,0,0,0,0,0,0,0
40,17,70,0,0,0,0,0,0,0,0
40,17,73,0,0,0,0,0,0,0,0
40,17,76,0,0,0,0,0,0,0,0
40,17,79,0,0,0,0,0,0,0,0
40,17,82,0,0,0,0,0,0,0,0
40,17,85,0,0,0,0,0,0,0,0
40,17,88,0,0,0,0,0,0,0,0
40,17,91,0,0,0,0,0,0,0,0
40,17,94,0,0,0,0,0,0,0,0
40,17,97,0,0,0,0,0,0,0,0
40,17,100,0,0,0,0,0,0,0,0
40,17,103,0,0,0,0,0,0,0,0
40,17,106,0,0,0,0,0,0,0,0
40,17,109,0,0,0,0,0,0,0,0
40,17,112,0,0,0,0,0,0,0,0
40,17,115,0,0,0,0,0,0,0,0
40,17,118,0,0,0,0,0,0,0,0
40,17,121,0,0,0,0,0,0,0,0
40,17,124,0,0,0,0,0,0,0,0
40,17,127,0,0,0,0,0,0,0,0
40,17,130,0,0,0,0,0,0,0,0
40,17,133,0,0,0,0,0,0,0,0
40,17,136,0,0,0,0,0,0,0,0
40,17,139,0,0,0,0,0,0,0,0
40,17,142,0,0,0,0,0,0,0,0
40,17,145,0,0,0,0,0,0,0,0
40,17,148,0,0,0,0,0,0,0,0
40,17,151,0,0,0,0,0,0,0,0
40,17,154,0,0,0,0,0,0,0,0
40,17,157,0,0,0,0,0,0,0,0
40,17,160,0,0,0,0,0,0,0,0
40,17,163,0,0,0,0,0,0,0,0
40,17,166,0,0,0,0,0,0,0,0
40,17,169,0,0,0,0,0,0,0,0
40,17,172,0,0,0,0,0,0,0,0
40,17,175,0,0,0,0,0,0,0,0
40,17,178,0,0,0,0,0,0,0,0
40,17,181,0,0,0,0,0,0,0,0
40,17,184,0,0,0,0,0,0,0,0
40,17,187,0,0,0,0,0,0,0,0
40,17,190,0,0,0,0,0,0,0,0
40,17,193,0,0,0,0,0,0,0,0
40,17,196,0,0,0,0,0,0,0,0
40,17,199,0,0,0,0,0,0,0,0
40,17,202,0,0,0,0,0,0,0,0
40,17,205,0,0,0,0,0,0,0,0
40,18,1,0,0,0,0,0,0,0,0
40,18,4,0,0,0,0,0,0,0,0
40,18,7,0,0,0,0,0,0,0,0
40,18,10,0,0,0,0,0,0,0,0
40,18,13,0,0,0,0,0,0,0,0
40,18,16,0,0,0,0,0,0,0,0
40,18,19,0,0,0,0,0,0,0,0
40,18,22,0,0,0,0,0,0,0,0
40,18,25,0,0,0,0,0,0,0,0
40,18,28,0,0,0,0,0,0,0,0
40,18,31,0,0,0,0,0,0,0,0
40,18,34,0,0,0,0,0,0,0,0
40,18,37,0,0,0,0,0,0,0,0
40,18,40,0,0,0,0,0,0,0,0
40,18,43,0,0,0,0,0,0,0,0
40,18,46,0,0,0,0,0,0,0,0
40,18,49,0,0,0,0,0,0,0,0
40,18,52,0,0,0,0,0,0,0,0
40,18,55,0,0,0,0,0,0,0,0
40,18,58,0,0,0,0,0,0,0,0
40,18,61,0,0,0,0,0,0,0,0
40,18,64,0,0,0,0,0,0,0,0
40,18,67,0,0,0,0,0,0,0,0
40,18,70,0,0,0,0,0,0,0,0
40,18,73,0,0,0,0,0,0,0,0
40,18,76,0,0,0,0,0,0,0,0
40,18,79,0,0,0,0,0,0,0,0
40,18,82,0,0,0,0,0,0,0,0
40,18,85,0,0,0,0,0,0,0,0
40,18,88,0,0,0,0,0,0,0,0
40,18,91,0,0,0,0,0,0,0,0
40,18,94,0,0,0,0,0,0,0,0
40,18,97,0,0,0,0,0,0,0,0
40,18,100,0,0,0,0,0,0,0,0
40,18,103,0,0,0,0,0,0,0,0
40,18,106,0,0,0,0,0,0,0,0
40,18,109,0,0,0,0,0,0,0,0
40,18,112,0,0,0,0,0,0,0,0
40,18,115,0,0,0,0,0,0,0,0
40,18,118,0,0,0,0,0,0,0,0
40,18,121,0,0,0,0,0,0,0,0
40,18,124,0,0,0,0,0,0,0,0
40,18,127,0,0,0,0,0,0,0,0
40,18,130,0,0,0,0,0,0,0,0
40,18,133,0,0,0,0,0,0,0,0
40,18,136,0,0,0,0,0,0,0,0
40,18,139,0,0,0,0,0,0,0,0
40,18,142,0,0,0,0,0,0,0,0
40,18,145,0,0,0,0,0,0,0,0
40,18,148,0,0,0,0,0,0,0,0
40,18,151,0,0,0,0,0,0,0,0
40,18,154,0,0,0,0,0,0,0,0
40,18,157,0,0,0,0,0,0,0,0
40,18,160,0,0,0,0,0,0,0,0
40,18,163,0,0,0,0,0,0,0,0
40,18,166,0,0,0,0,0,0,0,0
40,18,169,0,0,0,0,0,0,0,0
40,18,172,0,0,0,0,0,0,0,0
40,18,175,0,0,0,0,0,0,0,0
40,18,178,0,0,0,0,0,0,0,0
40,18,181,0,0,0,0,0,0,0,0
40,18,184,0,0,0,0,0,0,0,0
40,18,187,0,0,0,0,0,0,0,0
40,18,190,0,0,0,0,0,0,0,0
40,18,193,0,0,0,0,0,0,0,0
40,18,196,0,0,0,0,0,0,0,0
40,18,199,0,0,0,0,0,0,0,0
40,18,202,0,0,0,0,0,0,0,0
40,18,205,0,0,0,0,0,0,0,0
40,19,1,0,0,0,0,0,0,0,0
40,19,4,0,0,0,0,0,0,0,0
40,19,7,0,0,0,0,0,0,0,0
40,19,10,0,0,0,0,0,0,0,0
40,19,13,0,0,0,0,0,0,0,0
40,19,16,0,0,0,0,0,0,0,0
40,19,19,0,0,0,0,0,0,0,0
40,19,22,0,0,0,0,0,0,0,0
40,19,25,0,0,0,0,0,0,0,0
40,19,28,0,0,0,0,0,0,0,0
40,19,31,0,0,0,0,0,0,0,0
40,19,34,0,0,0,0,0,0,0,0
40,19,37,0,0,0,0,0,0,0,0
40,19,40,0,0,0,0,0,0,0,0
40,19,43,0,0,0,0,0,0,0,0
40,19,46,0,0,0,0,0,0,0,0
40,19,49,0,0,0,0,0,0,0,0
40,19,52,0,0,0,0,0,0,0,0
40,19,55,0,0,0,0,0,0,0,0
40,19,58,0,0,0,0,0,0,0,0
40,19,61,0,0,0,0,0,0,0,0
40,19,64,0,0,0,0,0,0,0,0
40,19,67,0,0,0,0,0,0,0,0
40,19,70,0,0,0,0,0,0,0,0
40,19,73,0,0,0,0,0,0,0,0
40,19,76,0,0,0,0,0,0,0,0
40,19,79,0,0,0,0,0,0,0,0
40,19,82,0,0,0,0,0,0,0,0
40,19,85,0,0,0,0,0,-0.51503,-0.51503,-0.51503
40,19,88,0,0,-0.51503,-0.51503,-0.51503,-0.51503,-0.51503,-0.51503
40,19,91,-0.51503,-0.51503,-0.51503,-0.51503,-0.51503,-0.51503,-0.51503,0
40,19,94,-0.51503,-0.51503,-0.51503,-0.51503,0,0,0,0
40,19,97,-0.51503,0,0,0,0,0,0,0
40,19,100,0,0,0,0,0,0,0,0
40,19,103,0,0,0,0,0,0,0,0
40,19,106,0,0,0,0,0,0,0,0
40,19,109,0,0,0,0,0,0,0,0
40,19,112,0,0,0,0,0,0,0,0
40,19,115,0,0,0,0,0,0,0,0
40,19,118,0,0,0,0,0,0,0,0
40,19,121,0,0,0,0,0,0,0,0
40,19,124,0,0,0,0,0,0,0,0
40,19,127,0,0,0,0,0,0,0,0
40,19,130,0,0,0,0,0,0,0,0
40,19,133,0,0,0,0,0,0,0,0
40,19,136,0,0,0,0,0,0,0,0
40,19,139,0,0,0,0,0,0,0,0
40,19,142,0,0,0,0,0,0,0,0
40,19,145,0,0,0,0,0,0,0,0
40,19,148,0,0,0,0,0,0,0,0
40,19,151,0,0,0,0,0,0,0,0
40,19,154,0,0,0,0,0,0,0,0
40,19,157,0,0,0,0,0,0,0,0
40,19,160,0,0,0,0,0,0,0,0
40,19,163,0,0,0,0,0,0,0,0
40,19,166,0,0,0,0,0,0,0,0
40,19,169,0,0,0,0,0,0,0,0
40,19,172,0,0,0,0,0,0,0,0
40,19,175,0,0,0,0,0,0,0,0
40,19,178,0,0,0,0,0,0,0,0
40,19,181,0,0,0,0,0,0,0,0
40,19,184,0,0,0,0,0,0,0,0
40,19,187,0,0,0,0,0,0,0,0
40,19,190,0,0,0,0,0,0,0,0
40,19,193,0,0,0,0,0,0,0,0
40,19,196,0,0,0,0,0,0,0,0
40,19,199,0,0,0,0,0,0,0,0
40,19,202,0,0,0,0,0,0,0,0
40,19,205,0,0,0,0,0,0,0,0
40,20,1,0,0,0,0,0,0,0,0
40,20,4,0,0,0,0,0,0,0,0
40,20,7,0,0,0,0,0,0,0,0
40,20,10,0,0,0,0,0,0,0,0
40,20,13,0,0,0,0,0,0,0,0
40,20,16,0,0,0,0,0,0,0,0
40,20,19,0,0,0,0,0,0,0,0
40,20,22,0,0,0,0,0,0,0,0
40,20,25,0,0,0,0,0,0,0,0
40,20,28,0,0,0,0,0,0,0,0
40,20,31,0,0,0,0,0,0,0,0
40,20,34,0,0,0,0,0,0,0,0
40,20,37,0,0,0,0,0,0,0,0
40,20,40,0,0,0,0,0,0,0,0
40,20,43,0,0,0,0,0,0,0,0
40,20,46,0,0,0,0,0,0,0,0
40,20,49,0,0,0,0,0,0,0,0
40,20,52,0,0,0,0,0,0,0,0
40,20,55,0,0,0,0,0,0,0,0
40,20,58,0,0,0,0,0,0,0,0
40,20,61,0,0,0,0,0,0,0,0
40,20,64,0,0,0,0,0,0,0,0
40,20,67,0,0,0,0,0,0,0,0
40,20,70,0,0,0,0,0,0,0,0
40,20,73,0,0,0,0,0,0,0,0
40,20,76,0,0,0,0,0,0,0,0
40,20,79,0,0,0,0,0,0,0,0
40,20,82,0,0,0,0,0,0,0,0
40,20,85,0,0,0,0,0,0,0,0
40,20,88,0,0,0,0,0,0,0,0
40,20,91,0,0,0,0,0,0,0,0
40,20,94,0,0,0,0,0,0,0,0
40,20,97,0,0,0,0,0,0,0,0
40,20,100,0,0,0,0,0,0,0,0
40,20,103,0,0,0,0,0,0,0,0
40,20,106,0,0,0,0,0,0,0,0
40,20,109,0,0,0,0,0,0,0,0
40,20,112,0,0,0,0,0,0,0,0
40,20,115,0,0,0,0,0,0,0,0
40,20,118,0,0,0,0,0,0,0,0
40,20,121,0,0,0,0,0,0,0,0
40,20,124,0,0,0,0,0,0,0,0
40,20,127,0,0,0,0,0,0,0,0
40,20,130,0,0,0,0,0,0,0,0
40,20,133,0,0,0,0,0,0,0,0
40,20,136,0,0,0,0,0,0,0,0
40,20,139,0,0,0,0,0,0,0,0
40,20,142,0,0,0,0,0,0,0,0
40,20,145,0,0,0,0,0,0,0,0
40,20,148,0,0,0,0,0,0,0,0
40,20,151,0,0,0,0,0,0,0,0
40,20,154,0,0,0,0,0,0,0,0
40,20,157,0,0,0,0,0,0,0,0
40,20,160,0,0,0,0,0,0,0,0
40,20,163,0,0,0,0,0,0,0,0
40,20,166,0,0,0,0,0,0,0,0
40,20,169,0,0,0,0,0,0,0,0
40,20,172,0,0,0,0,0,0,0,0
40,20,175,0,0,0,0,0,0,0,0
40,20,178,0,0,0,0,0,0,0,0
40,20,181,0,0,0,0,0,0,0,0
40,20,184,0,0,0,0,0,0,0,0
40,20,187,0,0,0,0,0,0,0,0
40,20,190,0,0,0,0,0,0,0,0
40,20,193,0,0,0,0,0,0,0,0
40,20,196,0,0,0,0,0,0,0,0
40,20,199,0,0,0,0,0,0,0,0
40,20,202,0,0,0,0,0,0,0,0
40,20,205,0,0,0,0,0,0,0,0
40,21,1,0,0,0,0,0,0,0,0
40,21,4,0,0,0,0,0,0,0,0
40,21,7,0,0,0,0,0,0,0,0
40,21,10,0,0,0,0,0,0,0,0
40,21,13,0,0,0,0,0,0,0,0
40,21,16,0,0,0,0,0,0,0,0
40,21,19,0,0,0,0,0,0,0,0
40,21,22,0,0,0,0,0,0,0,0
40,21,25,0,0,0,0,0,0,0,0
40,21,28,0,0,0,0,0,0,0,0
40,21,31,0,0,0,0,0,0,0,0
40,21,34,0,0,0,0,0,0,0,0
40,21,37,0,0,0,0,0,0,0,0
40,21,40,0,0,0,0,0,0,0,0
40,21,43,0,0,0,0,0,0,0,0
40,21,46,0,0,0,0,0,0,0,0
40,21,49,0,0,0,0,0,0,0,0
40,21,52,0,0,0,0,0,0,0,0
40,21,55,0,0,0,0,0,0,0,0
40,21,58,0,0,0,0,0,0,0,0
40,21,61,0,0,0,0,0,0,0,0
40,21,64,0,0,0,0,0,0,0,0
40,21,67,0,0,0,0,0,0,0,0
40,21,70,0,0,0,0,0,0,0,0
40,21,73,0,0,0,0,0,0,0,0
40,21,76,0,0,0,0,0,0,0,0
40,21,79,0,0,0,0,0,0,0,0
40,21,82,0,0,0,0,0,0,0,0
40,21,85,0,0,0,0,0,0,0,0
40,21,88,0,0,0,0,0,0,0,0
40,21,91,0,0,0,0,0,0,0,0
40,21,94,0,0,0,0,0,0,0,0
40,21,97,0,0,0,0,0,0,0,0
40,21,100,0,0,0,0,0,0,0,0
40,21,103,0,0,0,0,0,0,0,0
40,21,106,0,0,0,0,0,0,0,0
40,21,109,0,0,0,0,0,0,0,0
40,21,112,0,0,0,0,0,0,0,0
40,21,115,0,0,0,0,0,0,0,0
40,21,118,0,0,0,0,0,0,0,0
40,21,121,0,0,0,0,0,0,0,0
40,21,124,0,0,0,0,0,0,0,0
40,21,127,0,0,0,0,0,0,0,0
40,21,130,0,0,0,0,0,0,0,0
40,21,133,0,0,0,0,0,0,0,0
40,21,136,0,0,0,0,0,0,0,0
40,21,139,0,0,0,0,0,0,0,0
40,21,142,0,0,0,0,0,0,0,0
40,21,145,0,0,0,0,0,0,0,0
40,21,148,0,0,0,0,0,0,0,0
40,21,151,0,0,0,0,0,0,0,0
40,21,154,0,0,0,0,0,0,0,0
40,21,157,0,0,0,0,0,0,0,0
40,21,160,0,0,0,0,0,0,0,0
40,21,163,0,0,0,0,0,0,0,0
40,21,166,0,0,0,0,0,0,0,0
40,21,169,0,0,0,0,0,0,0,0
40,21,172,0,0,0,0,0,0,0,0
40,21,175,0,0,0,0,0,0,0,0
40,21,178,0,0,0,0,0,0,0,0
40,21,181,0,0,0,0,0,0,0,0
40,21,184,0,0,0,0,0,0,0,0
40,21,187,0,0,0,0,0,0,0,0
40,21,190,0,0,0,0,0,0,0,0
40,21,193,0,0,0,0,0,0,0,0
40,21,196,0,0,0,0,0,0,0,0
40,21,199,0,0,0,0,0,0,0,0
40,21,202,0,0,0,0,0,0,0,0
40,21,205,0,0,0,0,0,0,0,0
40,22,1,0,0,0,0,0,0,0,0
40,22,4,0,0,0,0,0,0,0,0
40,22,7,0,0,0,0,0,0,0,0
40,22,10,0,0,0,0,0,0,0,0
40,22,13,0,0,0,0,0,0,0,0
40,22,16,0,0,0,0,0,0,0,0
40,22,19,0,0,0,0,0,0,0,0
40,22,22,0,0,0,0,0,0,0,0
40,22,25,0,0,0,0,0,0,0,0
40,22,28,0,0,0,0,0,0,0,0
40,22,31,0,0,0,0,0,0,0,0
40,22,34,0,0,0,0,0,0,0,0
40,22,37,0,0,0,0,0,0,0,0
40,22,40,0,0,0,0,0,0,0,0
40,22,43,0,0,0,0,0,0,0,0
40,22,46,0,0,0,0,0,0,0,0
40,22,49,0,0,0,0,0,0,0,0
40,22,52,0,0,0,0,0,0,0,0
40,22,55,0,0,0,0,0,0,0,0
40,22,58,0,0,0,0,0,0,0,0
40,22,61,0,0,0,0,0,0,0,0
40,22,64,0,0,0,0,0,0,0,0
40,22,67,0,0,0,0,0,0,0,0
40,22,70,0,0,0,0,0,0,0,0
40,22,73,0,0,0,0,0,0,0,0
40,22,76,0,0,0,0,0,0,0,0
40,22,79,0,0,0,0,0,0,0,0
40,22,82,0,0,0,0,0,0,0,0
40,22,85,0,0,0,0,0,0,0,0
40,22,88,0,0,0,0,0,0,0,0
40,22,91,0,0,0,0,0,0,0,0
40,22,94,0,0,0,0,0,0,0,0
40,22,97,0,0,0,0,0,0,0,0
40,22,100,0,0,0,0,0,0,0,0
40,22,103,0,0,0,0,0,0,0,0
40,22,106,0,0,0,0,0,0,0,0
40,22,109,0,0,0,0,0,0,0,0
40,22,112,0,0,0,0,0,0,0,0
40,22,115,0,0,0,0,0,0,0,0
40,22,118,0,0,0,0,0,0,0,0
40,22,121,0,0,0,0,0,0,0,0
40,22,124,0,0,0,0,0,0,0,0
40,22,127,0,0,0,0,0,0,0,0
40,22,130,0,0,0,0,0,0,0,0
40,22,133,0,0,0,0,0,0,0,0
40,22,136,0,0,0,0,0,0,0,0
40,22,139,0,0,0,0,0,0,0,0
40,22,142,0,0,0,0,0,0,0,0
40,22,145,0,0,0,0,0,0,0,0
40,22,148,0,0,0,0,0,0,0,0
40,22,151,0,0,0,0,0,0,0,0
40,22,154,0,0,0,0,0,0,0,0
40,22,157,0,0,0,0,0,0,0,0
40,22,160,0,0,0,0,0,0,0,0
40,22,163,0,0,0,0,0,0,0,0
40,22,166,0,0,0,0,0,0,0,0
40,22,169,0,0,0,0,0,0,0,0
40,22,172,0,0,0,0,0,0,0,0
40,22,175,0,0,0,0,0,0,0,0
40,22,178,0,0,0,0,0,0,0,0
40,22,181,0,0,0,0,0,0,0,0
40,22,184,0,0,0,0,0,0,0,0
40,22,187,0,0,0,0,0,0,0,0
40,22,190,0,0,0,0,0,0,0,0
40,22,193,0,0,0,0,0,0,0,0
40,22,196,0,0,0,0,0,0,0,0
40,22,199,0,0,0,0,0,0,0,0
40,22,202,0,0,0,0,0,0,0,0
40,22,205,0,0,0,0,0,0,0,0
40,23,1,0,0,0,0,0,0,0,0
40,23,4,0,0,0,0,0,0,0,0
40,23,7,0,0,0,0,0,0,0,0
40,23,10,0,0,0,0,0,0,0,0
40,23,13,0,0,0,0,0,0,0,0
40,23,16,0,0,0,0,0,0,0,0
40,23,19,0,0,0,0,0,0,0,0
40,23,22,0,0,0,0,0,0,0,0
40,23,25,0,0,0,0,0,0,0,0
40,23,28,0,0,0,0,0,0,0,0
40,23,31,0,0,0,0,0,0,0,0
40,23,34,0,0,0,0,0,0,0,0
40,23,37,0,0,0,0,0,0,0,0
40,23,40,0,0,0,0,0,0,0,0
40,23,43,0,0,0,0,0,0,0,0
40,23,46,0,0,0,0,0,0,0,0
40,23,49,0,0,0,0,0,0,0,0
40,23,52,0,0,0,0,0,0,0,0
40,23,55,0,0,0,0,0,0,0,0
40,23,58,0,0,0,0,0,0,0,0
40,23,61,0,0,0,0,0,0,0,0
40,23,64,0,0,0,0,0,0,0,0
40,23,67,0,0,0,0,0,0,0,0
40,23,70,0,0,0,0,0,0,0,0
40,23,73,0,0,0,0,0,0,0,0
40,23,76,0,0,0,0,0,0,0,0
40,23,79,0,0,0,0,0,0,0,0
40,23,82,0,0,0,0,0,0,0,0
40,23,85,0,0,0,0,0,0,0,0
40,23,88,0,0,0,0,0,0,0,0
40,23,91,0,0,0,0,0,0,0,0
40,23,94,0,0,0,0,0,0,0,0
40,23,97,0,0,0,0,0,0,0,0
40,23,100,0,0,0,0,0,0,0,0
40,23,103,0,0,0,0,0,0,0,0
40,23,106,0,0,0,0,0,0,0,0
40,23,109,0,0,0,0,0,0,0,0
40,23,112,0,0,0,0,0,0,0,0
40,23,115,0,0,0,0,0,0,0,0
40,23,118,0,0,0,0,0,0,0,0
40,23,121,0,0,0,0,0,0,0,0
40,23,124,0,0,0,0,0,0,0,0
40,23,127,0,0,0,0,0,0,0,0
40,23,130,0,0,0,0,0,0,0,0
40,23,133,0,0,0,0,0,0,0,0
40,23,136,0,0,0,0,0,0,0,0
40,23,139,0,0,0,0,0,0,0,0
40,23,142,0,0,0,0,0,0,0,0
40,23,145,0,0,0,0,0,0,0,0
40,23,148,0,0,0,0,0,0,0,0
40,23,151,0,0,0,0,0,0,0,0
40,23,154,0,0,0,0,0,0,0,0
40,23,157,0,0,0,0,0,0,0,0
40,23,160,0,0,0,0,0,0,0,0
40,23,163,0,0,0,0,0,0,0,0
40,23,166,0,0,0,0,0,0,0,0
40,23,169,0,0,0,0,0,0,0,0
40,23,172,0,0,0,0,0,0,0,0
40,23,175,0,0,0,0,0,0,0,0
40,23,178,0,0,0,0,0,0,0,0
40,23,181,0,0,0,0,0,0,0,0
40,23,184,0,0,0,0,0,0,0,0
40,23,187,0,0,0,0,0,0,0,0
40,23,190,0,0,0,0,0,0,0,0
40,23,193,0,0,0,0,0,0,0,0
40,23,196,0,0,0,0,0,0,0,0
40,23,199,0,0,0,0,0,0,0,0
40,23,202,0,0,0,0,0,0,0,0
40,23,205,0,0,0,0,0,0,0,0
40,24,1,0,0,0,0,0,0,0,0
40,24,4,0,0,0,0,0,0,0,0
40,24,7,0,0,0,0,0,0,0,0
40,24,10,0,0,0,0,0,0,0,0
40,24,13,0,0,0,0,0,0,0,0
40,24,16,0,0,0,0,0,0,0,0
40,24,19,0,0,0,0,0,0,0,0
40,24,22,0,0,0,0,0,0,0,0
40,24,25,0,0,0,0,0,0,0,0
40,24,28,0,0,0,0,0,0,0,0
40,24,31,0,0,0,0,0,0,0,0
40,24,34,0,0,0,0,0,0,0,0
40,24,37,0,0,0,0,0,0,0,0
40,24,40,0,0,0,0,0,0,0,0
40,24,43,0,0,0,0,0,0,0,0
40,24,46,0,0,0,0,0,0,0,0
40,24,49,0,0,0,0,0,0,0,0
40,24,52,0,0,0,0,0,0,0,0
40,24,55,0,0,0,0,0,0,0,0
40,24,58,0,0,0,0,0,0,0,0
40,24,61,0,0,0,0,0,0,0,0
40,24,64,0,0,0,0,0,0,0,0
40,24,67,0,0,0,0,0,0,0,0
40,24,70,0,0,0,0,0,0,0,0
40,24,73,0,0,0,0,0,0,0,0
40,24,76,0,0,0,0,0,0,0,0
40,24,79,0,0,0,0,0,0,0,0
40,24,82,0,0,0,0,0,0,0,0
40,24,85,0,0,0,0,0,0,0,0
40,24,88,0,0,0,0,0,0,0,0
40,24,91,0,0,0,0,0,0,0,0
40,24,94,0,0,0,0,0,0,0,0
40,24,97,0,0,0,0,0,0,0,0
40,24,100,0,0,0,0,0,0,0,0
40,24,103,0,0,0,0,0,0,0,0
40,24,106,0,0,0,0,0,0,0,0
40,24,109,0,0,0,0,0,0,0,0
40,24,112,0,0,0,0,0,0,0,0
40,24,115,0,0,0,0,0,0,0,0
40,24,118,0,0,0,0,0,0,0,0
40,24,121,0,0,0,0,0,0,0,0
40,24,124,0,0,0,0,0,0,0,0
40,24,127,0,0,0,0,0,0,0,0
40,24,130,0,0,0,0,0,0,0,0
40,24,133,0,0,0,0,0,0,0,0
40,24,136,0,0,0,0,0,0,0,0
40,24,139,0,0,0,0,0,0,0,0
40,24,142,0,0,0,0,0,0,0,0
40,24,145,0,0,0,0,0,0,0,0
40,24,148,0,0,0,0,0,0,0,0
40,24,151,0,0,0,0,0,0,0,0
40,24,154,0,0,0,0,0,0,0,0
40,24,157,0,0,0,0,0,0,0,0
40,24,160,0,0,0,0,0,0,0,0
40,24,163,0,0,0,0,0,0,0,0
40,24,166,0,0,0,0,0,0,0,0
40,24,169,0,0,0,0,0,0,0,0
40,24,172,0,0,0,0,0,0,0,0
40,24,175,0,0,0,0,0,0,0,0
40,24,178,0,0,0,0,0,0,0,0
40,24,181,0,0,0,0,0,0,0,0
40,24,184,0,0,0,0,0,0,0,0
40,24,187,0,0,0,0,0,0,0,0
40,24,190,0,0,0,0,0,0,0,0
40,24,193,0,0,0,0,0,0,0,0
40,24,196,0,0,0,0,0,0,0,0
40,24,199,0,0,0,0,0,0,0,0
40,24,202,0,0,0,0,0,0,0,0
40,24,205,0,0,0,0,0,0,0,0
40,25,1,0,0,0,0,0,0,0,0
40,25,4,0,0,0,0,0,0,0,0
40,25,7,0,0,0,0,0,0,0,0
40,25,10,0,0,0,0,0,0,0,0
40,25,13,0,0,0,0,0,0,0,0
40,25,16,0,0,0,0,0,0,0,0
40,25,19,0,0,0,0,0,0,0,0
40,25,22,0,0,0,0,0,0,0,0
40,25,25,0,0,0,0,0,0,0,0
40,25,28,0,0,0,0,0,0,0,0
40,25,31,0,0,0,0,0,0,0,0
40,25,34,0,0,0,0,0,0,0,0
40,25,37,0,0,0,0,0,0,0,0
40,25,40,0,0,0,0,0,0,0,0
40,25,43,0,0,0,0,0,0,0,0
40,25,46,0,0,0,0,0,0,0,0
40,25,49,0,0,0,0,0,0,0,0
40,25,52,0,0,0,0,0,0,0,0
40,25,55,0,0,0,0,0,0,0,0
40,25,58,0,0,0,0,0,0,0,0
40,25,61,0,0,0,0,0,0,0,0
40,25,64,0,0,0,0,0,0,0,0
40,25,67,0,0,0,0,0,0,0,0
40,25,70,0,0,0,0,0,0,0,0
40,25,73,0,0,0,0,0,0,0,0
40,25,76,0,0,0,0,0,0,0,0
40,25,79,0,0,0,0,0,0,0,0
40,25,82,0,0,0,0,0,0,0,0
40,25,85,0,0,0,0,0,0,0,0
40,25,88,0,0,0,0,0,0,0,0
40,25,91,0,0,0,0,0,0,0,0
40,25,94,0,0,0,0,0,0,0,0
40,25,97,0,0,0,0,0,0,0,0
40,25,100,0,0,0,0,0,0,0,0
40,25,103,0,0,0,0,0,0,0,0
40,25,106,0,0,0,0,0,0,0,0
40,25,109,0,0,0,0,0,0,0,0
40,25,112,0,0,0,0,0,0,0,0
40,25,115,0,0,0,0,0,0,0,0
40,25,118,0,0,0,0,0,0,0,0
40,25,121,0,0,0,0,0,0,0,0
40,25,124,0,0,0,0,0,0,0,0
40,25,127,0,0,0,0,0,0,0,0
40,25,130,0,0,0,0,0,0,0,0
40,25,133,0,0,0,0,0,0,0,0
40,25,136,0,0,0,0,0,0,0,0
40,25,139,0,0,0,0,0,0,0,0
40,25,142,0,0,0,0,0,0,0,0
40,25,145,0,0,0,0,0,0,0,0
40,25,148,0,0,0,0,0,0,0,0
40,25,151,0,0,0,0,0,0,0,0
40,25,154,0,0,0,0,0,0,0,0
40,25,157,0,0,0,0,0,0,0,0
40,25,160,0,0,0,0,0,0,0,0
40,25,163,0,0,0,0,0,0,0,0
40,25,166,0,0,0,0,0,0,0,0
40,25,169,0,0,0,0,0,0,0,0
40,25,172,0,0,0,0,0,0,0,0
40,25,175,0,0,0,0,0,0,0,0
40,25,178,0,0,0,0,0,0,0,0
40,25,181,0,0,0,0,0,0,0,0
40,25,184,0,0,0,0,0,0,0,0
40,25,187,0,0,0,0,0,0,0,0
40,25,190,0,0,0,0,0,0,0,0
40,25,193,0,0,0,0,0,0,0,0
40,25,196,0,0,0,0,0,0,0,0
40,25,199,0,0,0,0,0,0,0,0
40,25,202,0,0,0,0,0,0,0,0
40,25,205,0,0,0,0,0,0,0,0
40,26,1,0,0,0,0,0,0,0,0
40,26,4,0,0,0,0,0,0,0,0
40,26,7,0,0,0,0,0,0,0,0
40,26,10,0,0,0,0,0,0,0,0
40,26,13,0,0,0,0,0,0,0,0
40,26,16,0,0,0,0,0,0,0,0
40,26,19,0,0,0,0,0,0,0,0
40,26,22,0,0,0,0,0,0,0,0
40,26,25,0,0,0,0,0,0,0,0
40,26,28,0,0,0,0,0,0,0,0
40,26,31,0,0,0,0,0,0,0,0
40,26,34,0,0,0,0,0,0,0,0
40,26,37,0,0,0,0,0,0,0,0
40,26,40,0,0,0,0,0,0,0,0
40,26,43,0,0,0,0,0,0,0,0
40,26,46,0,0,0,0,0,0,0,0
40,26,49,0,0,0,0,0,0,0,0
40,26,52,0,0,0,0,0,0,0,0
40,26,55,0,0,0,0,0,0,0,0
40,26,58,0,0,0,0,0,0,0,0
40,26,61,0,0,0,0,0,0,0,0
40,26,64,0,0,0,0,0,0,0,0
40,26,67,0,0,0,0,0,0,0,0
40,26,70,0,0,0,0,0,0,0,0
40,26,73,0,0,0,0,0,0,0,0
40,26,76,0,0,0,0,0,0,0,0
40,26,79,0,0,0,0,0,0,0,0
40,26,82,0,0,0,0,0,0,0,0
40,26,85,0,0,0,0,0,0,0,0
40,26,88,0,0,0,0,0,0,0,0
40,26,91,0,0,0,0,0,0,0,0
40,26,94,0,0,0,0,0,0,0,0
40,26,97,0,0,0,0,0,0,0,0
40,26,100,0,0,0,0,0,0,0,0
40,26,103,0,0,0,0,0,0,0,0
40,26,106,0,0,0,0,0,0,0,0
40,26,109,0,0,0,0,0,0,0,0
40,26,112,0,0,0,0,0,0,0,0
40,26,115,0,0,0,0,0,0,0,0
40,26,118,0,0,0,0,0,0,0,0
40,26,121,0,0,0,0,0,0,0,0
40,26,124,0,0,0,0,0,0,0,0
40,26,127,0,0,0,0,0,0,0,0
40,26,130,0,0,0,0,0,0,0,0
40,26,133,0,0,0,0,0,0,0,0
40,26,136,0,0,0,0,0,0,0,0
40,26,139,0,0,0,0,0,0,0,0
40,26,142,0,0,0,0,0,0,0,0
40,26,145,0,0,0,0,0,0,0,0
40,26,148,0,0,0,0,0,0,0,0
40,26,151,0,0,0,0,0,0,0,0
40,26,154,0,0,0,0,0,0,0,0
40,26,157,0,0,0,0,0,0,0,0
40,26,160,0,0,0,0,0,0,0,0
40,26,163,0,0,0,0,0,0,0,0
40,26,166,0,0,0,0,0,0,0,0
40,26,169,0,0,0,0,0,0,0,0
40,26,172,0,0,0,0,0,0,0,0
40,26,175,0,0,0,0,0,0,0,0
40,26,178,0,0,0,0,0,0,0,0
40,26,181,0,0,0,0,0,0,0,0
40,26,184,0,0,0,0,0,0,0,0
40,26,187,0,0,0,0,0,0,0,0
40,26,190,0,0,0,0,0,0,0,0
40,26,193,0,0,0,0,0,0,0,0
40,26,196,0,0,0,0,0,0,0,0
40,26,199,0,0,0,0,0,0,0,0
40,26,202,0,0,0,0,0,0,0,0
40,26,205,0,0,0,0,0,0,0,0
40,27,1,0,0,0,0,0,0,0,0
40,27,4,0,0,0,0,0,0,0,0
40,27,7,0,0,0,0,0,0,0,0
40,27,10,0,0,0,0,0,0,0,0
40,27,13,0,0,0,0,0,0,0,0
40,27,16,0,0,0,0,0,0,0,0
40,27,19,0,0,0,0,0,0,0,0
40,27,22,0,0,0,0,0,0,0,0
40,27,25,0,0,0,0,0,0,0,0
40,27,28,0,0,0,0,0,0,0,0
40,27,31,0,0,0,0,0,0,0,0
40,27,34,0,0,0,0,0,0,0,0
40,27,37,0,0,0,0,0,0,0,0
40,27,40,0,0,0,0,0,0,0,0
40,27,43,0,0,0,0,0,0,0,0
40,27,46,0,0,0,0,0,0,0,0
40,27,49,0,0,0,0,0,0,0,0
40,27,52,0,0,0,0,0,0,0,0
40,27,55,0,0,0,0,0,0,0,0
40,27,58,0,0,0,0,0,0,0,0
40,27,61,0,0,0,0,0,0,0,0
40,27,64,0,0,0,0,0,0,0,0
40,27,67,0,0,0,0,0,0,0,0
40,27,70,0,0,0,0,0,0,0,0
40,27,73,0,0,0,0,0,0,0,0
40,27,76,0,0,0,0,0,0,0,0
40,27,79,0,0,0,0,0,0,0,0
40,27,82,0,0,0,0,0,0,0,0
40,27,85,0,0,0,0,0,0,0,0
40,27,88,0,0,0,0,0,0,0,0
40,27,91,0,0,0,0,0,0,0,0
40,27,94,0,0,0,0,0,0,0,0
40,27,97,0,0,0,0,0,0,0,0
40,27,100,0,0,0,0,0,0,0,0
40,27,103,0,0,0,0,0,0,0,0
40,27,106,0,0,0,0,0,0,0,0
40,27,109,0,0,0,0,0,0,0,0
40,27,112,0,0,0,0,0,0,0,0
40,27,115,0,0,0,0,0,0,0,0
40,27,118,0,0,0,0,0,0,0,0
40,27,121,0,0,0,0,0,0,0,0
40,27,124,0,0,0,0,0,0,0,0
40,27,127,0,0,0,0,0,0,0,0
40,27,130,0,0,0,0,0,0,0,0
40,27,133,0,0,0,0,0,0,0,0
40,27,136,0,0,0,0,0,0,0,0
40,27,139,0,0,0,0,0,0,0,0
40,27,142,0,0,0,0,0,0,0,0
40,27,145,0,0,0,0,0,0,0,0
40,27,148,0,0,0,0,0,0,0,0
40,27,151,0,0,0,0,0,0,0,0
40,27,154,0,0,0,0,0,0,0,0
40,27,157,0,0,0,0,0,0,0,0
40,27,160,0,0,0,0,0,0,0,0
40,27,163,0,0,0,0,0,0,0,0
40,27,166,0,0,0,0,0,0,0,0
40,27,169,0,0,0,0,0,0,0,0
40,27,172,0,0,0,0,0,0,0,0
40,27,175,0,0,0,0,0,0,0,0
40,27,178,0,0,0,0,0,0,0,0
40,27,181,0,0,0,0,0,0,0,0
40,27,184,0,0,0,0,0,0,0,0
40,27,187,0,0,0,0,0,0,0,0
40,27,190,0,0,0,0,0,0,0,0
40,27,193,0,0,0,0,0,0,0,0
40,27,196,0,0,0,0,0,0,0,0
40,27,199,0,0,0,0,0,0,0,0
40,27,202,0,0,0,0,0,0,0,0
40,27,205,0,0,0,0,0,0,0,0
40,28,1,0,0,0,0,0,0,0,0
40,28,4,0,0,0,0,0,0,0,0
40,28,7,0,0,0,0,0,0,0,0
40,28,10,0,0,0,0,0,0,0,0
40,28,13,0,0,0,0,0,0,0,0
40,28,16,0,0,0,0,0,0,0,0
40,28,19,0,0,0,0,0,0,0,0
40,28,22,0,0,0,0,0,0,0,0
40,28,25,0,0,0,0,0,0,0,0
40,28,28,0,0,0,0,0,0,0,0
40,28,31,0,0,0,0,0,0,0,0
40,28,34,0,0,0,0,0,0,0,0
40,28,37,0,0,0,0,0,0,0,0
40,28,40,0,0,0,0,0,0,0,0
40,28,43,0,0,0,0,0,0,0,0
40,28,46,0,0,0,0,0,0,0,0
40,28,49,0,0,0,0,0,0,0,0
40,28,52,0,0,0,0,0,0,0,0
40,28,55,0,0,0,0,0,0,0,0
40,28,58,0,0,0,0,0,0,0,0
40,28,61,0,0,0,0,0,0,0,0
40,28,64,0,0,0,0,0,0,0,0
40,28,67,0,0,0,0,0,0,0,0
40,28,70,0,0,0,0,0,0,0,0
40,28,73,0,0,0,0,0,0,0,0
40,28,76,0,0,0,0,0,0,0,0
40,28,79,0,0,0,0,0,0,0,0
40,28,82,0,0,0,0,0,0,0,0
40,28,85,0,0,0,0,0,0,0,0
40,28,88,0,0,0,0,0,0,0,0
40,28,91,0,0,0,0,0,0,0,0
40,28,94,0,0,0,0,0,0,0,0
40,28,97,0,0,0,0,0,0,0,0
40,28,100,0,0,0,0,0,0,0,0
40,28,103,0,0,0,0,0,0,0,0
40,28,106,0,0,0,0,0,0,0,0
40,28,109,0,0,0,0,0,0,0,0
40,28,112,0,0,0,0,0,0,0,0
40,28,115,0,0,0,0,0,0,0,0
40,28,118,0,0,0,0,0,0,0,0
40,28,121,0,0,0,0,0,0,0,0
40,28,124,0,0,0,0,0,0,0,0
40,28,127,0,0,0,0,0,0,0,0
40,28,130,0,0,0,0,0,0,0,0
40,28,133,0,0,0,0,0,0,0,0
40,28,136,0,0,0,0,0,0,0,0
40,28,139,0,0,0,0,0,0,0,0
40,28,142,0,0,0,0,0,0,0,0
40,28,145,0,0,0,0,0,0,0,0
40,28,148,0,0,0,0,0,0,0,0
40,28,151,0,0,0,0,0,0,0,0
40,28,154,0,0,0,0,0,0,0,0
40,28,157,0,0,0,0,0,0,0,0
40,28,160,0,0,0,0,0,0,0,0
40,28,163,0,0,0,0,0,0,0,0
40,28,166,0,0,0,0,0,0,0,0
40,28,169,0,0,0,0,0,0,0,0
40,28,172,0,0,0,0,0,0,0,0
40,28,175,0,0,0,0,0,0,0,0
40,28,178,0,0,0,0,0,0,0,0
40,28,181,0,0,0,0,0,0,0,0
40,28,184,0,0,0,0,0,0,0,0
40,28,187,0,0,0,0,0,0,0,0
40,28,190,0,0,0,0,0,0,0,0
40,28,193,0,0,0,0,0,0,0,0
40,28,196,0,0,0,0,0,0,0,0
40,28,199,0,0,0,0,0,0,0,0
40,28,202,0,0,0,0,0,0,0,0
40,28,205,0,0,0,0,0,0,0,0
40,29,1,0,0,0,0,0,0,0,0
40,29,4,0,0,0,0,0,0,0,0
40,29,7,0,0,0,0,0,0,0,0
40,29,10,0,0,0,0,0,0,0,0
40,29,13,0,0,0,0,0,0,0,0
40,29,16,0,0,0,0,0,0,0,0
40,29,19,0,0,0,0,0,0,0,0
40,29,22,0,0,0,0,0,0,0,0
40,29,25,0,0,0,0,0,0,0,0
40,29,28,0,0,0,0,0,0,0,0
40,29,31,0,0,0,0,0,0,0,0
40,29,34,0,0,0,0,0,0,0,0
40,29,37,0,0,0,0,0,0,0,0
40,29,40,0,0,0,0,0,0,0,0
40,29,43,0,0,0,0,0,0,0,0
40,29,46,0,0,0,0,0,0,0,0
40,29,49,0,0,0,0,0,0,0,0
40,29,52,0,0,0,0,0,0,0,0
40,29,55,0,0,0,0,0,0,0,0
40,29,58,0,0,0,0,0,0,0,0
40,29,61,0,0,0,0,0,0,0,0
40,29,64,0,0,0,0,0,0,0,0
40,29,67,0,0,0,0,0,0,0,0
40,29,70,0,0,0,0,0,0,0,0
40,29,73,0,0,0,0,0,0,0,0
40,29,76,0,0,0,0,0,0,0,0
40,29,79,0,0,0,0,0,0,0,0
40,29,82,0,0,0,0,0,0,0,0
40,29,85,0,0,0,0,0,0,0,0
40,29,88,0,0,0,0,0,0,0,0
40,29,91,0,0,0,0,0,0,0,0
40,29,94,0,0,0,0,0,0,0,0
40,29,97,0,0,0,0,0,0,0,0
40,29,100,0,0,0,0,0,0,0,0
40,29,103,0,0,0,0,0,0,0,0
40,29,106,0,0,0,0,0,0,0,0
40,29,109,0,0,0,0,0,0,0,0
40,29,112,0,0,0,0,0,0,0,0
40,29,115,0,0,0,0,0,0,0,0
40,29,118,0,0,0,0,0,0,0,0
40,29,121,0,0,0,0,0,0,0,0
40,29,124,0,0,0,0,0,0,0,0
40,29,127,0,0,0,0,0,0,0,0
40,29,130,0,0,0,0,0,0,0,0
40,29,133,0,0,0,0,0,0,0,0
40,29,136,0,0,0,0,0,0,0,0
40,29,139,0,0,0,0,0,0,0,0
40,29,142,0,0,0,0,0,0,0,0
40,29,145,0,0,0,0,0,0,0,0
40,29,148,0,0,0,0,0,0,0,0
40,29,151,0,0,0,0,0,0,0,0
40,29,154,0,0,0,0,0,0,0,0
40,29,157,0,0,0,0,0,0,0,0
40,29,160,0,0,0,0,0,0,0,0
40,29,163,0,0,0,0,0,0,0,0
40,29,166,0,0,0,0,0,0,0,0
40,29,169,0,0,0,0,0,0,0,0
40,29,172,0,0,0,0,0,0,0,0
40,29,175,0,0,0,0,0,0,0,0
40,29,178,0,0,0,0,0,0,0,0
40,29,181,0,0,0,0,0,0,0,0
40,29,184,0,0,0,0,0,0,0,0
40,29,187,0,0,0,0,0,0,0,0
40,29,190,0,0,0,0,0,0,0,0
40,29,193,0,0,0,0,0,0,0,0
40,29,196,0,0,0,0,0,0,0,0
40,29,199,0,0,0,0,0,0,0,0
40,29,202,0,0,0,0,0,0,0,0
40,29,205,0,0,0,0,0,0,0,0
40,30,1,0,0,0,0,0,0,0,0
40,30,4,0,0,0,0,0,0,0,0
40,30,7,0,0,0,0,0,0,0,0
40,30,10,0,0,0,0,0,0,0,0
40,30,13,0,0,0,0,0,0,0,0
40,30,16,0,0,0,0,0,0,0,0
40,30,19,0,0,0,0,0,0,0,0
40,30,22,0,0,0,0,0,0,0,0
40,30,25,0,0,0,0,0,0,0,0
40,30,28,0,0,0,0,0,0,0,0
40,30,31,0,0,0,0,0,0,0,0
40,30,34,0,0,0,0,0,0,0,0
40,30,37,0,0,0,0,0,0,0,0
40,30,40,0,0,0,0,0,0,0,0
40,30,43,0,0,0,0,0,0,0,0
40,30,46,0,0,0,0,0,0,0,0
40,30,49,0,0,0,0,0,0,0,0
40,30,52,0,0,0,0,0,0,0,0
40,30,55,0,0,0,0,0,0,0,0
40,30,58,0,0,0,0,0,0,0,0
40,30,61,0,0,0,0,0,0,0,0
40,30,64,0,0,0,0,0,0,0,0
40,30,67,0,0,0,0,0,0,0,0
40,30,70,0,0,0,0,0,0,0,0
40,30,73,0,0,0,0,0,0,0,0
40,30,76,0,0,0,0,0,0,0,0
40,30,79,0,0,0,0,0,0,0,0
40,30,82,0,0,0,0,0,0,0,0
40,30,85,0,0,0,0,0,0,0,0
40,30,88,0,0,0,0,0,0,0,0
40,30,91,0,0,0,0,0,0,0,0
40,30,94,0,0,0,0,0,0,0,0
40,30,97,0,0,0,0,0,0,0,0
40,30,100,0,0,0,0,0,0,0,0
40,30,103,0,0,0,0,0,0,0,0
40,30,106,0,0,0,0,0,0,0,0
40,30,109,0,0,0,0,0,0,0,0
40,30,112,0,0,0,0,0,0,0,0
40,30,115,0,0,0,0,0,0,0,0
40,30,118,0,0,0,0,0,0,0,0
40,30,121,0,0,0,0,0,0,0,0
40,30,124,0,0,0,0,0,0,0,0
40,30,127,0,0,0,0,0,0,0,0
40,30,130,0,0,0,0,0,0,0,0
40,30,133,0,0,0,0,0,0,0,0
40,30,136,0,0,0,0,0,0,0,0
40,30,139,0,0,0,0,0,0,0,0
40,30,142,0,0,0,0,0,0,0,0
40,30,145,0,0,0,0,0,0,0,0
40,30,148,0,0,0,0,0,0,0,0
40,30,151,0,0,0,0,0,0,0,0
40,30,154,0,0,0,0,0,0,0,0
40,30,157,0,0,0,0,0,0,0,0
40,30,160,0,0,0,0,0,0,0,0
40,30,163,0,0,0,0,0,0,0,0
40,30,166,0,0,0,0,0,0,0,0
40,30,169,0,0,0,0,0,0,0,0
40,30,172,0,0,0,0,0,0,0,0
40,30,175,0,0,0,0,0,0,0,0
40,30,178,0,0,0,0,0,0,0,0
40,30,181,0,0,0,0,0,0,0,0
40,30,184,0,0,0,0,0,0,0,0
40,30,187,0,0,0,0,0,0,0,0
40,30,190,0,0,0,0,0,0,0,0
40,30,193,0,0,0,0,0,0,0,0
40,30,196,0,0,0,0,0,0,0,0
40,30,199,0,0,0,0,0,0,0,0
40,30,202,0,0,0,0,0,0,0,0
40,30,205,0,0,0,0,0,0,0,0
40,31,1,0,0,0,0,0,0,0,0
40,31,4,0,0,0,0,0,0,0,0
40,31,7,0,0,0,0,0,0,0,0
40,31,10,0,0,0,0,0,0,0,0
40,31,13,0,0,0,0,0,0,0,0
40,31,16,0,0,0,0,0,0,0,0
40,31,19,0,0,0,0,0,0,0,0
40,31,22,0,0,0,0,0,0,0,0
40,31,25,0,0,0,0,0,0,0,0
40,31,28,0,0,0,0,0,0,0,0
40,31,31,0,0,0,0,0,0,0,0
40,31,34,0,0,0,0,0,0,0,0
40,31,37,0,0,0,0,0,0,0,0
40,31,40,0,0,0,0,0,0,0,0
40,31,43,0,0,0,0,0,0,0,0
40,31,46,0,0,0,0,0,0,0,0
40,31,49,0,0,0,0,0,0,0,0
40,31,52,0,0,0,0,0,0,0,0
40,31,55,0,0,0,0,0,0,0,0
40,31,58,0,0,0,0,0,0,0,0
40,31,61,0,0,0,0,0,0,0,0
40,31,64,0,0,0,0,0,0,0,0
40,31,67,0,0,0,0,0,0,0,0
40,31,70,0,0,0,0,0,0,0,0
40,31,73,0,0,0,0,0,0,0,0
40,31,76,0,0,0,0,0,0,0,0
40,31,79,0,0,0,0,0,0,0,0
40,31,82,0,0,0,0,0,0,0,0
40,31,85,0,0,0,0,0,0,0,0
40,31,88,0,0,0,0,0,0,0,0
40,31,91,0,0,0,0,0,0,0,0
40,31,94,0,0,0,0,0,0,0,0
40,31,97,0,0,0,0,0,0,0,0
40,31,100,0,0,0,0,0,0,0,0
40,31,103,0,0,0,0,0,0,0,0
40,31,106,0,0,0,0,0,0,0,0
40,31,109,0,0,0,0,0,0,0,0
40,31,112,0,0,0,0,0,0,0,0
40,31,115,0,0,0,0,0,0,0,0
40,31,118,0,0,0,0,0,0,0,0
40,31,121,0,0,0,0,0,0,0,0
40,31,124,0,0,0,0,0,0,0,0
40,31,127,0,0,0,0,0,0,0,0
40,31,130,0,0,0,0,0,0,0,0
40,31,133,0,0,0,0,0,0,0,0
40,31,136,0,0,0,0,0,0,0,0
40,31,139,0,0,0,0,0,0,0,0
40,31,142,0,0,0,0,0,0,0,0
40,31,145,0,0,0,0,0,0,0,0
40,31,148,0,0,0,0,0,0,0,0
40,31,151,0,0,0,0,0,0,0,0
40,31,154,0,0,0,0,0,0,0,0
40,31,157,0,0,0,0,0,0,0,0
40,31,160,0,0,0,0,0,0,0,0
40,31,163,0,0,0,0,0,0,0,0
40,31,166,0,0,0,0,0,0,0,0
40,31,169,0,0,0,0,0,0,0,0
40,31,172,0,0,0,0,0,0,0,0
40,31,175,0,0,0,0,0,0,0,0
40,31,178,0,0,0,0,0,0,0,0
40,31,181,0,0,0,0,0,0,0,0
40,31,184,0,0,0,0,0,0,0,0
40,31,187,0,0,0,0,0,0,0,0
40,31,190,0,0,0,0,0,0,0,0
40,31,193,0,0,0,0,0,0,0,0
40,31,196,0,0,0,0,0,0,0,0
40,31,199,0,0,0,0,0,0,0,0
40,31,202,0,0,0,0,0,0,0,0
40,31,205,0,0,0,0,0,0,0,0
40,32,1,0,0,0,0,0,0,0,0
40,32,4,0,0,0,0,0,0,0,0
40,32,7,0,0,0,0,0,0,0,0
40,32,10,0,0,0,0,0,0,0,0
40,32,13,0,0,0,0,0,0,0,0
40,32,16,0,0,0,0,0,0,0,0
40,32,19,0,0,0,0,0,0,0,0
40,32,22,0,0,0,0,0,0,0,0
40,32,25,0,0,0,0,0,0,0,0
40,32,28,0,0,0,0,0,0,0,0
40,32,31,0,0,0,0,0,0,0,0
40,32,34,0,0,0,0,0,0,0,0
40,32,37,0,0,0,0,0,0,0,0
40,32,40,0,0,0,0,0,0,0,0
40,32,43,0,0,0,0,0,0,0,0
40,32,46,0,0,0,0,0,0,0,0
40,32,49,0,0,0,0,0,0,0,0
40,32,52,0,0,0,0,0,0,0,0
40,32,55,0,0,0,0,0,0,0,0
40,32,58,0,0,0,0,0,0,0,0
40,32,61,0,0,0,0,0,0,0,0
40,32,64,0,0,0,0,0,0,0,0
40,32,67,0,0,0,0,0,0,0,0
40,32,70,0,0,0,0,0,0,0,0
40,32,73,0,0,0,0,0,0,0,0
40,32,76,0,0,0,0,0,0,0,0
40,32,79,0,0,0,0,0,0,0,0
40,32,82,0,0,0,0,0,0,0,0
40,32,85,0,0,0,0,0,0,0,0
40,32,88,0,0,0,0,0,0,0,0
40,32,91,0,0,0,0,0,0,0,0
40,32,94,0,0,0,0,0,0,0,0
40,32,97,0,0,0,0,0,0,0,0
40,32,100,0,0,0,0,0,0,0,0
40,32,103,0,0,0,0,0,0,0,0
40,32,106,0,0,0,0,0,0,0,0
40,32,109,0,0,0,0,0,0,0,0
40,32,112,0,0,0,0,0,0,0,0
40,32,115,0,0,0,0,0,0,0,0
40,32,118,0,0,0,0,0,0,0,0
40,32,121,0,0,0,0,0,0,0,0
40,32,124,0,0,0,0,0,0,0,0
40,32,127,0,0,0,0,0,0,0,0
40,32,130,0,0,0,0,0,0,0,0
40,32,133,0,0,0,0,0,0,0,0
40,32,136,0,0,0,0,0,0,0,0
40,32,139,0,0,0,0,0,0,0,0
40,32,142,0,0,0,0,0,0,0,0
40,32,145,0,0,0,0,0,0,0,0
40,32,148,0,0,0,0,0,0,0,0
40,32,151,0,0,0,0,0,0,0,0
40,32,154,0,0,0,0,0,0,0,0
40,32,157,0,0,0,0,0,0,0,0
40,32,160,0,0,0,0,0,0,0,0
40,32,163,0,0,0,0,0,0,0,0
40,32,166,0,0,0,0,0,0,0,0
40,32,169,0,0,0,0,0,0,0,0
40,32,172,0,0,0,0,0,0,0,0
40,32,175,0,0,0,0,0,0,0,0
40,32,178,0,0,0,0,0,0,0,0
40,32,181,0,0,0,0,0,0,0,0
40,32,184,0,0,0,0,0,0,0,0
40,32,187,0,0,0,0,0,0,0,0
40,32,190,0,0,0,0,0,0,0,0
40,32,193,0,0,0,0,0,0,0,0
40,32,196,0,0,0,0,0,0,0,0
40,32,199,0,0,0,0,0,0,0,0
40,32,202,0,0,0,0,0,0,0,0
40,32,205,0,0,0,0,0,0,0,0
40,33,1,0,0,0,0,0,0,0,0
40,33,4,0,0,0,0,0,0,0,0
40,33,7,0,0,0,0,0,0,0,0
40,33,10,0,0,0,0,0,0,0,0
40,33,13,0,0,0,0,0,0,0,0
40,33,16,0,0,0,0,0,0,0,0
40,33,19,0,0,0,0,0,0,0,0
40,33,22,0,0,0,0,0,0,0,0
40,33,25,0,0,0,0,0,0,0,0
40,33,28,0,0,0,0,0,0,0,0
40,33,31,0,0,0,0,0,0,0,0
40,33,34,0,0,0,0,0,0,0,0
40,33,37,0,0,0,0,0,0,0,0
40,33,40,0,0,0,0,0,0,0,0
40,33,43,0,0,0,0,0,0,0,0
40,33,46,0,0,0,0,0,0,0,0
40,33,49,0,0,0,0,0,0,0,0
40,33,52,0,0,0,0,0,0,0,0
40,33,55,0,0,0,0,0,0,0,0
40,33,58,0,0,0,0,0,0,0,0
40,33,61,0,0,0,0,0,0,0,0
40,33,64,0,0,0,0,0,0,0,0
40,33,67,0,0,0,0,0,0,0,0
40,33,70,0,0,0,0,0,0,0,0
40,33,73,0,0,0,0,0,0,0,0
40,33,76,0,0,0,0,0,0,0,0
40,33,79,0,0,0,0,0,0,0,0
40,33,82,0,0,0,0,0,0,0,0
40,33,85,0,0,0,0,0,-0.38627,-0.38627,-0.38627
40,33,88,0,0,-0.38627,-0.38627,-0.38627,-0.38627,-0.38627,-0.38627
40,33,91,-0.38627,-0.38627,-0.38627,-0.38627,-0.38627,-0.38627,-0.38627,0
40,33,94,-0.38627,-0.38627,-0.38627,-0.38627,0,0,0,0
40,33,97,-0.38627,0,0,0,0,0,0,0
40,33,100,0,0,0,0,0,0,0,0
40,33,103,0,0,0,0,0,0,0,0
40,33,106,0,0,0,0,0,0,0,0
40,33,109,0,0,0,0,0,0,0,0
40,33,112,0,0,0,0,0,0,0,0
40,33,115,0,0,0,0,0,0,0,0
40,33,118,0,0,0,0,0,0,0,0
40,33,121,0,0,0,0,0,0,0,0
40,33,124,0,0,0,0,0,0,0,0
40,33,127,0,0,0,0,0,0,0,0
40,33,130,0,0,0,0,0,0,0,0
40,33,133,0,0,0,0,0,0,0,0
40,33,136,0,0,0,0,0,0,0,0
40,33,139,0,0,0,0,0,0,0,0
40,33,142,0,0,0,0,0,0,0,0
40,33,145,0,0,0,0,0,0,0,0
40,33,148,0,0,0,0,0,0,0,0
40,33,151,0,0,0,0,0,0,0,0
40,33,154,0,0,0,0,0,0,0,0
40,33,157,0,0,0,0,0,0,0,0
40,33,160,0,0,0,0,0,0,0,0
40,33,163,0,0,0,0,0,0,0,0
40,33,166,0,0,0,0,0,0,0,0
40,33,169,0,0,0,0,0,0,0,0
40,33,172,0,0,0,0,0,0,0,0
40,33,175,0,0,0,0,0,0,0,0
40,33,178,0,0,0,0,0,0,0,0
40,33,181,0,0,0,0,0,0,0,0
40,33,184,0,0,0,0,0,0,0,0
40,33,187,0,0,0,0,0,0,0,0
40,33,190,0,0,0,0,0,0,0,0
40,33,193,0,0,0,0,0,0,0,0
40,33,196,0,0,0,0,0,0,0,0
40,33,199,0,0,0,0,0,0,0,0
40,33,202,0,0,0,0,0,0,0,0
40,33,205,0,0,0,0,0,0,0,0
40,34,1,0,0,0,0,0,0,0,0
40,34,4,0,0,0,0,0,0,0,0
40,34,7,0,0,0,0,0,0,0,0
40,34,10,0,0,0,0,0,0,0,0
40,34,13,0,0,0,0,0,0,0,0
40,34,16,0,0,0,0,0,0,0,0
40,34,19,0,0,0,0,0,0,0,0
40,34,22,0,0,0,0,0,0,0,0
40,34,25,0,0,0,0,0,0,0,0
40,34,28,0,0,0,0,0,0,0,0
40,34,31,0,0,0,0,0,0,0,0
40,34,34,0,0,0,0,0,0,0,0
40,34,37,0,0,0,0,0,0,0,0
40,34,40,0,0,0,0,0,0,0,0
40,34,43,0,0,0,0,0,0,0,0
40,34,46,0,0,0,0,0,0,0,0
40,34,49,0,0,0,0,0,0,0,0
40,34,52,0,0,0,0,0,0,0,0
40,34,55,0,0,0,0,0,0,0,0
40,34,58,0,0,0,0,0,0,0,0
40,34,61,0,0,0,0,0,0,0,0
40,34,64,0,0,0,0,0,0,0,0
40,34,67,0,0,0,0,0,0,0,0
40,34,70,0,0,0,0,0,0,0,0
40,34,73,0,0,0,0,0,0,0,0
40,34,76,0,0,0,0,0,0,0,0
40,34,79,0,0,0,0,0,-0.30902,-0.30902,-0.30902
40,34,82,0,0,-0.30902,-0.30902,-0.30902,-0.30902,-0.30902,-0.30902
40,34,85,-0.30902,-0.30902,-0.30902,-0.30902,-0.30902,-0.45037,-0.45037,-0.45037
40,34,88,-0.30902,-0.30902,-0.45037,-0.45037,-0.45037,-0.48794,-0.4936,-0.48794
40,34,91,-0.45037,-0.45037,-0.48794,-0.4936,-0.48794,-0.48794,-0.45037,-0.45037
40,34,94,-0.4936,-0.48794,-0.48794,-0.45037,-0.45037,-0.30902,-0.30902,-0.30902
40,34,97,-0.45037,-0.45037,-0.30902,-0.30902,-0.30902,-0.30902,-0.30902,-0.30902
40,34,100,-0.30902,-0.30902,-0.30902,-0.30902,-0.30902,0,0,0
40,34,103,-0.30902,-0.30902,0,0,0,0,0,0
40,34,106,0,0,0,0,0,0,0,0
40,34,109,0,0,0,0,0,0,0,0
40,34,112,0,0,0,0,0,0,0,0
40,34,115,0,0,0,0,0,0,0,0
40,34,118,0,0,0,0,0,0,0,0
40,34,121,0,0,0,0,0,0,0,0
40,34,124,0,0,0,0,0,0,0,0
40,34,127,0,0,0,0,0,0,0,0
40,34,130,0,0,0,0,0,0,0,0
40,34,133,0,0,0,0,0,0,0,0
40,34,136,0,0,0,0,0,0,0,0
40,34,139,0,0,0,0,0,0,0,0
40,34,142,0,0,0,0,0,0,0,0
40,34,145,0,0,0,0,0,0,0,0
40,34,148,0,0,0,0,0,0,0,0
40,34,151,0,0,0,0,0,0,0,0
40,34,154,0,0,0,0,0,0,0,0
40,34,157,0,0,0,0,0,0,0,0
40,34,160,0,0,0,0,0,0,0,0
40,34,163,0,0,0,0,0,0,0,0
40,34,166,0,0,0,0,0,0,0,0
40,34,169,0,0,0,0,0,0,0,0
40,34,172,0,0,0,0,0,0,0,0
40,34,175,0,0,0,0,0,0,0,0
40,34,178,0,0,0,0,0,0,0,0
40,34,181,0,0,0,0,0,0,0,0
40,34,184,0,0,0,0,0,0,0,0
40,34,187,0,0,0,0,0,0,0,0
40,34,190,0,0,0,0,0,0,0,0
40,34,193,0,0,0,0,0,0,0,0
40,34,196,0,0,0,0,0,0,0,0
40,34,199,0,0,0,0,0,0,0,0
40,34,202,0,0,0,0,0,0,0,0
40,34,205,0,0,0,0,0,0,0,0
40,35,1,0,0,0,0,0,0,0,0
40,35,4,0,0,0,0,0,0,0,0
40,35,7,0,0,0,0,0,0,0,0
40,35,10,0,0,0,0,0,0,0,0
40,35,13,0,0,0,0,0,0,0,0
40,35,16,0,0,0,0,0,0,0,0
40,35,19,0,0,0,0,0,0,0,0
40,35,22,0,0,0,0,0,0,0,0
40,35,25,0,0,0,0,0,0,0,0
40,35,28,0,0,0,0,0,0,0,0
40,35,31,0,0,0,0,0,0,0,0
40,35,34,0,0,0,0,0,0,0,0
40,35,37,0,0,0,0,0,0,0,0
40,35,40,0,0,0,0,0,0,0,0
40,35,43,0,0,0,0,0,0,0,0
40,35,46,0,0,0,0,0,0,0,0
40,35,49,0,0,0,0,0,0,0,0
40,35,52,0,0,0,0,0,0,0,0
40,35,55,0,0,0,0,0,0,0,0
40,35,58,0,0,0,0,0,0,0,0
40,35,61,0,0,0,0,0,0,0,0
40,35,64,0,0,0,0,0,0,0,0
40,35,67,0,0,0,0,0,0,0,0
40,35,70,0,0,0,0,0,0,0,0
40,35,73,0,0,0,0,0,0,0,0
40,35,76,0,0,0,0,0,0,0,0
40,35,79,0,0,0,0,0,0,0,0
40,35,82,0,0,0,0,0,0,0,0
40,35,85,0,0,0,0,0,0,0,0
40,35,88,0,0,0,0,0,0,0,0
40,35,91,0,0,0,0,0,0,0,0
40,35,94,0,0,0,0,0,0,0,0
40,35,97,0,0,0,0,0,0,0,0
40,35,100,0,0,0,0,0,0,0,0
40,35,103,0,0,0,0,0,0,0,0
40,35,106,0,0,0,0,0,0,0,0
40,35,109,0,0,0,0,0,0,0,0
40,35,112,0,0,0,0,0,0,0,0
40,35,115,0,0,0,0,0,0,0,0
40,35,118,0,0,0,0,0,0,0,0
40,35,121,0,0,0,0,0,0,0,0
40,35,124,0,0,0,0,0,0,0,0
40,35,127,0,0,0,0,0,0,0,0
40,35,130,0,0,0,0,0,0,0,0
40,35,133,0,0,0,0,0,0,0,0
40,35,136,0,0,0,0,0,0,0,0
40,35,139,0,0,0,0,0,0,0,0
40,35,142,0,0,0,0,0,0,0,0
40,35,145,0,0,0,0,0,0,0,0
40,35,148,0,0,0,0,0,0,0,0
40,35,151,0,0,0,0,0,0,0,0
40,35,154,0,0,0,0,0,0,0,0
40,35,157,0,0,0,0,0,0,0,0
40,35,160,0,0,0,0,0,0,0,0
40,35,163,0,0,0,0,0,0,0,0
40,35,166,0,0,0,0,0,0,0,0
40,35,169,0,0,0,0,0,0,0,0
40,35,172,0,0,0,0,0,0,0,0
40,35,175,0,0,0,0,0,0,0,0
40,35,178,0,0,0,0,0,0,0,0
40,35,181,0,0,0,0,0,0,0,0
40,35,184,0,0,0,0,0,0,0,0
40,35,187,0,0,0,0,0,0,0,0
40,35,190,0,0,0,0,0,0,0,0
40,35,193,0,0,0,0,0,0,0,0
40,35,196,0,0,0,0,0,0,0,0
40,35,199,0,0,0,0,0,0,0,0
40,35,202,0,0,0,0,0,0,0,0
40,35,205,0,0,0,0,0,0,0,0
40,36,1,0,0,0,0,0,0,0,0
40,36,4,0,0,0,0,0,0,0,0
40,36,7,0,0,0,0,0,0,0,0
40,36,10,0,0,0,0,0,0,0,0
40,36,13,0,0,0,0,0,0,0,0
40,36,16,0,0,0,0,0,0,0,0
40,36,19,0,0,0,0,0,0,0,0
40,36,22,0,0,0,0,0,0,0,0
40,36,25,0,0,0,0,0,0,0,0
40,36,28,0,0,0,0,0,0,0,0
40,36,31,0,0,0,0,0,0,0,0
40,36,34,0,0,0,0,0,0,0,0
40,36,37,0,0,0,0,0,0,0,0
40,36,40,0,0,0,0,0,0,0,0
40,36,43,0,0,0,0,0,0,0,0
40,36,46,0,0,0,0,0,0,0,0
40,36,49,0,0,0,0,0,0,0,0
40,36,52,0,0,0,0,0,0,0,0
40,36,55,0,0,0,0,0,0,0,0
40,36,58,0,0,0,0,0,0,0,0
40,36,61,0,0,0,0,0,0,0,0
40,36,64,0,0,0,0,0,0,0,0
40,36,67,0,0,0,0,0,0,0,0
40,36,70,0,0,0,0,0,0,0,0
40,36,73,0,0,0,0,0,0,0,0
40,36,76,0,0,0,0,0,0,0,0
40,36,79,0,0,0,0,0,0,0,0
40,36,82,0,0,0,0,0,0,0,0
40,36,85,0,0,0,0,0,0,0,0
40,36,88,0,0,0,0,0,0,0,0
40,36,91,0,0,0,0,0,0,0,0
40,36,94,0,0,0,0,0,0,0,0
40,36,97,0,0,0,0,0,0,0,0
40,36,100,0,0,0,0,0,0,0,0
40,36,103,0,0,0,0,0,0,0,0
40,36,106,0,0,0,0,0,0,0,0
40,36,109,0,0,0,0,0,0,0,0
40,36,112,0,0,0,0,0,0,0,0
40,36,115,0,0,0,0,0,0,0,0
40,36,118,0,0,0,0,0,0,0,0
40,36,121,0,0,0,0,0,0,0,0
40,36,124,0,0,0,0,0,0,0,0
40,36,127,0,0,0,0,0,0,0,0
40,36,130,0,0,0,0,0,0,0,0
40,36,133,0,0,0,0,0,0,0,0
40,36,136,0,0,0,0,0,0,0,0
40,36,139,0,0,0,0,0,0,0,0
40,36,142,0,0,0,0,0,0,0,0
40,36,145,0,0,0,0,0,0,0,0
40,36,148,0,0,0,0,0,0,0,0
40,36,151,0,0,0,0,0,0,0,0
40,36,154,0,0,0,0,0,0,0,0
40,36,157,0,0,0,0,0,0,0,0
40,36,160,0,0,0,0,0,0,0,0
40,36,163,0,0,0,0,0,0,0,0
40,36,166,0,0,0,0,0,0,0,0
40,36,169,0,0,0,0,0,0,0,0
40,36,172,0,0,0,0,0,0,0,0
40,36,175,0,0,0,0,0,0,0,0
40,36,178,0,0,0,0,0,0,0,0
40,36,181,0,0,0,0,0,0,0,0
40,36,184,0,0,0,0,0,0,0,0
40,36,187,0,0,0,0,0,0,0,0
40,36,190,0,0,0,0,0,0,0,0
40,36,193,0,0,0,0,0,0,0,0
40,36,196,0,0,0,0,0,0,0,0
40,36,199,0,0,0,0,0,0,0,0
40,36,202,0,0,0,0,0,0,0,0
40,36,205,0,0,0,0,0,0,0,0
40,37,1,0,0,0,0,0,0,0,0
40,37,4,0,0,0,0,0,0,0,0
40,37,7,0,0,0,0,0,0,0,0
40,37,10,0,0,0,0,0,0,0,0
40,37,13,0,0,0,0,0,0,0,0
40,37,16,0,0,0,0,0,0,0,0
40,37,19,0,0,0,0,0,0,0,0
40,37,22,0,0,0,0,0,0,0,0
40,37,25,0,0,0,0,0,0,0,0
40,37,28,0,0,0,0,0,0,0,0
40,37,31,0,0,0,0,0,0,0,0
40,37,34,0,0,0,0,0,0,0,0
40,37,37,0,0,0,0,0,0,0,0
40,37,40,0,0,0,0,0,0,0,0
40,37,43,0,0,0,0,0,0,0,0
40,37,46,0,0,0,0,0,0,0,0
40,37,49,0,0,0,0,0,0,0,0
40,37,52,0,0,0,0,0,0,0,0
40,37,55,0,0,0,0,0,0,0,0
40,37,58,0,0,0,0,0,0,0,0
40,37,61,0,0,0,0,0,0,0,0
40,37,64,0,0,0,0,0,0,0,0
40,37,67,0,0,0,0,0,0,0,0
40,37,70,0,0,0,0,0,0,0,0
40,37,73,0,0,0,0,0,0,0,0
40,37,76,0,0,0,0,0,0,0,0
40,37,79,0,0,0,0,0,0,0,0
40,37,82,0,0,0,0,0,0,0,0
40,37,85,0,0,0,0,0,-0.25751,-0.25751,-0.25751
40,37,88,0,0,-0.25751,-0.25751,-0.25751,-0.25751,-0.25751,-0.25751
40,37,91,-0.25751,-0.25751,-0.25751,-0.25751,-0.25751,-0.25751,-0.25751,0
40,37,94,-0.25751,-0.25751,-0.25751,-0.25751,0,0,0,0
40,37,97,-0.25751,0,0,0,0,0,0,0
40,37,100,0,0,0,0,0,0,0,0
40,37,103,0,0,0,0,0,0,0,0
40,37,106,0,0,0,0,0,0,0,0
40,37,109,0,0,0,0,0,0,0,0
40,37,112,0,0,0,0,0,0,0,0
40,37,115,0,0,0,0,0,0,0,0
40,37,118,0,0,0,0,0,0,0,0
40,37,121,0,0,0,0,0,0,0,0
40,37,124,0,0,0,0,0,0,0,0
40,37,127,0,0,0,0,0,0,0,0
40,37,130,0,0,0,0,0,0,0,0
40,37,133,0,0,0,0,0,0,0,0
40,37,136,0,0,0,0,0,0,0,0
40,37,139,0,0,0,0,0,0,0,0
40,37,142,0,0,0,0,0,0,0,0
40,37,145,0,0,0,0,0,0,0,0
40,37,148,0,0,0,0,0,0,0,0
40,37,151,0,0,0,0,0,0,0,0
40,37,154,0,0,0,0,0,0,0,0
40,37,157,0,0,0,0,0,0,0,0
40,37,160,0,0,0,0,0,0,0,0
40,37,163,0,0,0,0,0,0,0,0
40,37,166,0,0,0,0,0,0,0,0
40,37,169,0,0,0,0,0,0,0,0
40,37,172,0,0,0,0,0,0,0,0
40,37,175,0,0,0,0,0,0,0,0
40,37,178,0,0,0,0,0,0,0,0
40,37,181,0,0,0,0,0,0,0,0
40,37,184,0,0,0,0,0,0,0,0
40,37,187,0,0,0,0,0,0,0,0
40,37,190,0,0,0,0,0,0,0,0
40,37,193,0,0,0,0,0,0,0,0
40,37,196,0,0,0,0,0,0,0,0
40,37,199,0,0,0,0,0,0,0,0
40,37,202,0,0,0,0,0,0,0,0
40,37,205,0,0,0,0,0,0,0,0
40,38,1,0,0,0,0,0,0,0,0
40,38,4,0,0,0,0,0,0,0,0
40,38,7,0,0,0,0,0,0,0,0
40,38,10,0,0,0,0,0,0,0,0
40,38,13,0,0,0,0,0,0,0,0
40,38,16,0,0,0,0,0,0,0,0
40,38,19,0,0,0,0,0,0,0,0
40,38,22,0,0,0,0,0,0,0,0
40,38,25,0,0,0,0,0,0,0,0
40,38,28,0,0,0,0,0,0,0,0
40,38,31,0,0,0,0,0,0,0,0
40,38,34,0,0,0,0,0,0,0,0
40,38,37,0,0,0,0,0,0,0,0
40,38,40,0,0,0,0,0,0,0,0
40,38,43,0,0,0,0,0,0,0,0
40,38,46,0,0,0,0,0,0,0,0
40,38,49,0,0,0,0,0,0,0,0
40,38,52,0,0,0,0,0,0,0,0
40,38,55,0,0,0,0,0,0,0,0
40,38,58,0,0,0,0,0,0,0,0
40,38,61,0,0,0,0,0,0,0,0
40,38,64,0,0,0,0,0,0,0,0
40,38,67,0,0,0,0,0,0,0,0
40,38,70,0,0,0,0,0,0,0,0
40,38,73,0,0,0,0,0,0,0,0
40,38,76,0,0,0,0,0,0,0,0
40,38,79,0,0,0,0,0,-0.38627,-0.38627,-0.38627
40,38,82,0,0,-0.38627,-0.38627,-0.38627,-0.38627,-0.38627,-0.38627
40,38,85,-0.38627,-0.38627,-0.38627,-0.38627,-0.38627,-0.56297,-0.56297,-0.56297
40,38,88,-0.38627,-0.38627,-0.56297,-0.56297,-0.56297,-0.60992,-0.617,-0.60992
40,38,91,-0.56297,-0.56297,-0.60992,-0.617,-0.60992,-0.60992,-0.56297,-0.56297
40,38,94,-0.617,-0.60992,-0.60992,-0.56297,-0.56297,-0.38627,-0.38627,-0.38627
40,38,97,-0.56297,-0.56297,-0.38627,-0.38627,-0.38627,-0.38627,-0.38627,-0.38627
40,38,100,-0.38627,-0.38627,-0.38627,-0.38627,-0.38627,0,0,0
40,38,103,-0.38627,-0.38627,0,0,0,0,0,0
40,38,106,0,0,0,0,0,0,0,0
40,38,109,0,0,0,0,0,0,0,0
40,38,112,0,0,0,0,0,0,0,0
40,38,115,0,0,0,0,0,0,0,0
40,38,118,0,0,0,0,0,0,0,0
40,38,121,0,0,0,0,0,0,0,0
40,38,124,0,0,0,0,0,0,0,0
40,38,127,0,0,0,0,0,0,0,0
40,38,130,0,0,0,0,0,0,0,0
40,38,133,0,0,0,0,0,0,0,0
40,38,136,0,0,0,0,0,0,0,0
40,38,139,0,0,0,0,0,0,0,0
40,38,142,0,0,0,0,0,0,0,0
40,38,145,0,0,0,0,0,0,0,0
40,38,148,0,0,0,0,0,0,0,0
40,38,151,0,0,0,0,0,0,0,0
40,38,154,0,0,0,0,0,0,0,0
40,38,157,0,0,0,0,0,0,0,0
40,38,160,0,0,0,0,0,0,0,0
40,38,163,0,0,0,0,0,0,0,0
40,38,166,0,0,0,0,0,0,0,0
40,38,169,0,0,0,0,0,0,0,0
40,38,172,0,0,0,0,0,0,0,0
40,38,175,0,0,0,0,0,0,0,0
40,38,178,0,0,0,0,0,0,0,0
40,38,181,0,0,0,0,0,0,0,0
40,38,184,0,0,0,0,0,0,0,0
40,38,187,0,0,0,0,0,0,0,0
40,38,190,0,0,0,0,0,0,0,0
40,38,193,0,0,0,0,0,0,0,0
40,38,196,0,0,0,0,0,0,0,0
40,38,199,0,0,0,0,0,0,0,0
40,38,202,0,0,0,0,0,0,0,0
40,38,205,0,0,0,0,0,0,0,0
40,39,1,0,0,0,0,0,0,0,0
40,39,4,0,0,0,0,0,0,0,0
40,39,7,0,0,0,0,0,0,0,0
40,39,10,0,0,0,0,0,0,0,0
40,39,13,0,0,0,0,0,0,0,0
40,39,16,0,0,0,0,0,0,0,0
40,39,19,0,0,0,0,0,0,0,0
40,39,22,0,0,0,0,0,0,0,0
40,39,25,0,0,0,0,0,0,0,0
40,39,28,0,0,0,0,0,0,0,0
40,39,31,0,0,0,0,0,0,0,0
40,39,34,0,0,0,0,0,0,0,0
40,39,37,0,0,0,0,0,0,0,0
40,39,40,0,0,0,0,0,0,0,0
40,39,43,0,0,0,0,0,0,0,0
40,39,46,0,0,0,0,0,0,0,0
40,39,49,0,0,0,0,0,0,0,0
40,39,52,0,0,0,0,0,0,0,0
40,39,55,0,0,0,0,0,0,0,0
40,39,58,0,0,0,0,0,0,0,0
40,39,61,0,0,0,0,0,0,0,0
40,39,64,0,0,0,0,0,0,0,0
40,39,67,0,0,0,0,0,0,0,0
40,39,70,0,0,0,0,0,0,0,0
40,39,73,0,0,0,0,0,0,0,0
40,39,76,0,0,0,0,0,0,0,0
40,39,79,0,0,0,0,0,0,0,0
40,39,82,0,0,0,0,0,0,0,0
40,39,85,0,0,0,0,0,0,0,0
40,39,88,0,0,0,0,0,0,0,0
40,39,91,0,0,0,0,0,0,0,0
40,39,94,0,0,0,0,0,0,0,0
40,39,97,0,0,0,0,0,0,0,0
40,39,100,0,0,0,0,0,0,0,0
40,39,103,0,0,0,0,0,0,0,0
40,39,106,0,0,0,0,0,0,0,0
40,39,109,0,0,0,0,0,0,0,0
40,39,112,0,0,0,0,0,0,0,0
40,39,115,0,0,0,0,0,0,0,0
40,39,118,0,0,0,0,0,0,0,0
40,39,121,0,0,0,0,0,0,0,0
40,39,124,0,0,0,0,0,0,0,0
40,39,127,0,0,0,0,0,0,0,0
40,39,130,0,0,0,0,0,0,0,0
40,39,133,0,0,0,0,0,0,0,0
40,39,136,0,0,0,0,0,0,0,0
40,39,139,0,0,0,0,0,0,0,0
40,39,142,0,0,0,0,0,0,0,0
40,39,145,0,0,0,0,0,0,0,0
40,39,148,0,0,0,0,0,0,0,0
40,39,151,0,0,0,0,0,0,0,0
40,39,154,0,0,0,0,0,0,0,0
40,39,157,0,0,0,0,0,0,0,0
40,39,160,0,0,0,0,0,0,0,0
40,39,163,0,0,0,0,0,0,0,0
40,39,166,0,0,0,0,0,0,0,0
40,39,169,0,0,0,0,0,0,0,0
40,39,172,0,0,0,0,0,0,0,0
40,39,175,0,0,0,0,0,0,0,0
40,39,178,0,0,0,0,0,0,0,0
40,39,181,0,0,0,0,0,0,0,0
40,39,184,0,0,0,0,0,0,0,0
40,39,187,0,0,0,0,0,0,0,0
40,39,190,0,0,0,0,0,0,0,0
40,39,193,0,0,0,0,0,0,0,0
40,39,196,0,0,0,0,0,0,0,0
40,39,199,0,0,0,0,0,0,0,0
40,39,202,0,0,0,0,0,0,0,0
40,39,205,0,0,0,0,0,0,0,0
40,40,1,0,0,0,0,0,0,0,0
40,40,4,0,0,0,0,0,0,0,0
40,40,7,0,0,0,0,0,0,0,0
40,40,10,0,0,0,0,0,0,0,0
40,40,13,0,0,0,0,0,0,0,0
40,40,16,0,0,0,0,0,0,0,0
40,40,19,0,0,0,0,0,0,0,0
40,40,22,0,0,0,0,0,0,0,0
40,40,25,0,0,0,0,0,0,0,0
40,40,28,0,0,0,0,0,0,0,0
40,40,31,0,0,0,0,0,0,0,0
40,40,34,0,0,0,0,0,0,0,0
40,40,37,0,0,0,0,0,0,0,0
40,40,40,0,0,0,0,0,0,0,0
40,40,43,0,0,0,0,0,0,0,0
40,40,46,0,0,0,0,0,0,0,0
40,40,49,0,0,0,0,0,0,0,0
40,40,52,0,0,0,0,0,0,0,0
40,40,55,0,0,0,0,0,0,0,0
40,40,58,0,0,0,0,0,0,0,0
40,40,61,0,0,0,0,0,0,0,0
40,40,64,0,0,0,0,0,0,0,0
40,40,67,0,0,0,0,0,0,0,0
40,40,70,0,0,0,0,0,0,0,0
40,40,73,0,0,0,0,0,0,0,0
40,40,76,0,0,0,0,0,0,0,0
40,40,79,0,0,0,0,0,0,0,0
40,40,82,0,0,0,0,0,0,0,0
40,40,85,0,0,0,0,0,0,0,0
40,40,88,0,0,0,0,0,0,0,0
40,40,91,0,0,0,0,0,0,0,0
40,40,94,0,0,0,0,0,0,0,0
40,40,97,0,0,0,0,0,0,0,0
40,40,100,0,0,0,0,0,0,0,0
40,40,103,0,0,0,0,0,0,0,0
40,40,106,0,0,0,0,0,0,0,0
40,40,109,0,0,0,0,0,0,0,0
40,40,112,0,0,0,0,0,0,0,0
40,40,115,0,0,0,0,0,0,0,0
40,40,118,0,0,0,0,0,0,0,0
40,40,121,0,0,0,0,0,0,0,0
40,40,124,0,0,0,0,0,0,0,0
40,40,127,0,0,0,0,0,0,0,0
40,40,130,0,0,0,0,0,0,0,0
40,40,133,0,0,0,0,0,0,0,0
40,40,136,0,0,0,0,0,0,0,0
40,40,139,0,0,0,0,0,0,0,0
40,40,142,0,0,0,0,0,0,0,0
40,40,145,0,0,0,0,0,0,0,0
40,40,148,0,0,0,0,0,0,0,0
40,40,151,0,0,0,0,0,0,0,0
40,40,154,0,0,0,0,0,0,0,0
40,40,157,0,0,0,0,0,0,0,0
40,40,160,0,0,0,0,0,0,0,0
40,40,163,0,0,0,0,0,0,0,0
40,40,166,0,0,0,0,0,0,0,0
40,40,169,0,0,0,0,0,0,0,0
40,40,172,0,0,0,0,0,0,0,0
40,40,175,0,0,0,0,0,0,0,0
40,40,178,0,0,0,0,0,0,0,0
40,40,181,0,0,0,0,0,0,0,0
40,40,184,0,0,0,0,0,0,0,0
40,40,187,0,0,0,0,0,0,0,0
40,40,190,0,0,0,0,0,0,0,0
40,40,193,0,0,0,0,0,0,0,0
40,40,196,0,0,0,0,0,0,0,0
40,40,199,0,0,0,0,0,0,0,0
40,40,202,0,0,0,0,0,0,0,0
40,40,205,0,0,0,0,0,0,0,0
40,41,1,0,0,0,0,0,0,0,0
40,41,4,0,0,0,0,0,0,0,0
40,41,7,0,0,0,0,0,0,0,0
40,41,10,0,0,0,0,0,0,0,0
40,41,13,0,0,0,0,0,0,0,0
40,41,16,0,0,0,0,0,0,0,0
40,41,19,0,0,0,0,0,0,0,0
40,41,22,0,0,0,0,0,0,0,0
40,41,25,0,0,0,0,0,0,0,0
40,41,28,0,0,0,0,0,0,0,0
40,41,31,0,0,0,0,0,0,0,0
40,41,34,0,0,0,0,0,0,0,0
40,41,37,0,0,0,0,0,0,0,0
40,41,40,0,0,0,0,0,0,0,0
40,41,43,0,0,0,0,0,0,0,0
40,41,46,0,0,0,0,0,0,0,0
40,41,49,0,0,0,0,0,0,0,0
40,41,52,0,0,0,0,0,0,0,0
40,41,55,0,0,0,0,0,0,0,0
40,41,58,0,0,0,0,0,0,0,0
40,41,61,0,0,0,0,0,0,0,0
40,41,64,0,0,0,0,0,0,0,0
40,41,67,0,0,0,0,0,0,0,0
40,41,70,0,0,0,0,0,0,0,0
40,41,73,0,0,0,0,0,0,0,0
40,41,76,0,0,0,0,0,0,0,0
40,41,79,0,0,0,0,0,0,0,0
40,41,82,0,0,0,0,0,0,0,0
40,41,85,0,0,0,0,0,0,0,0
40,41,88,0,0,0,0,0,0,0,0
40,41,91,0,0,0,0,0,0,0,0
40,41,94,0,0,0,0,0,0,0,0
40,41,97,0,0,0,0,0,0,0,0
40,41,100,0,0,0,0,0,0,0,0
40,41,103,0,0,0,0,0,0,0,0
40,41,106,0,0,0,0,0,0,0,0
40,41,109,0,0,0,0,0,0,0,0
40,41,112,0,0,0,0,0,0,0,0
40,41,115,0,0,0,0,0,0,0,0
40,41,118,0,0,0,0,0,0,0,0
40,41,121,0,0,0,0,0,0,0,0
40,41,124,0,0,0,0,0,0,0,0
40,41,127,0,0,0,0,0,0,0,0
40,41,130,0,0,0,0,0,0,0,0
40,41,133,0,0,0,0,0,0,0,0
40,41,136,0,0,0,0,0,0,0,0
40,41,139,0,0,0,0,0,0,0,0
40,41,142,0,0,0,0,0,0,0,0
40,41,145,0,0,0,0,0,0,0,0
40,41,148,0,0,0,0,0,0,0,0
40,41,151,0,0,0,0,0,0,0,0
40,41,154,0,0,0,0,0,0,0,0
40,41,157,0,0,0,0,0,0,0,0
40,41,160,0,0,0,0,0,0,0,0
40,41,163,0,0,0,0,0,0,0,0
40,41,166,0,0,0,0,0,0,0,0
40,41,169,0,0,0,0,0,0,0,0
40,41,172,0,0,0,0,0,0,0,0
40,41,175,0,0,0,0,0,0,0,0
40,41,178,0,0,0,0,0,0,0,0
40,41,181,0,0,0,0,0,0,0,0
40,41,184,0,0,0,0,0,0,0,0
40,41,187,0,0,0,0,0,0,0,0
40,41,190,0,0,0,0,0,0,0,0
40,41,193,0,0,0,0,0,0,0,0
40,41,196,0,0,0,0,0,0,0,0
40,41,199,0,0,0,0,0,0,0,0
40,41,202,0,0,0,0,0,0,0,0
40,41,205,0,0,0,0,0,0,0,0
40,42,1,0,0,0,0,0,0,0,0
40,42,4,0,0,0,0,0,0,0,0
40,42,7,0,0,0,0,0,0,0,0
40,42,10,0,0,0,0,0,0,0,0
40,42,13,0,0,0,0,0,0,0,0
40,42,16,0,0,0,0,0,0,0,0
40,42,19,0,0,0,0,0,0,0,0
40,42,22,0,0,0,0,0,0,0,0
40,42,25,0,0,0,0,0,0,0,0
40,42,28,0,0,0,0,0,0,0,0
40,42,31,0,0,0,0,0,0,0,0
40,42,34,0,0,0,0,0,0,0,0
40,42,37,0,0,0,0,0,0,0,0
40,42,40,0,0,0,0,0,0,0,0
40,42,43,0,0,0,0,0,0,0,0
40,42,46,0,0,0,0,0,0,0,0
40,42,49,0,0,0,0,0,0,0,0
40,42,52,0,0,0,0,0,0,0,0
40,42,55,0,0,0,0,0,0,0,0
40,42,58,0,0,0,0,0,0,0,0
40,42,61,0,0,0,0,0,0,0,0
40,42,64,0,0,0,0,0,0,0,0
40,42,67,0,0,0,0,0,0,0,0
40,42,70,0,0,0,0,0,0,0,0
40,42,73,0,0,0,0,0,0,0,0
40,42,76,0,0,0,0,0,0,0,0
40,42,79,0,0,0,0,0,0,0,0
40,42,82,0,0,0,0,0,0,0,0
40,42,85,0,0,0,0,0,0,0,0
40,42,88,0,0,0,0,0,0,0,0
40,42,91,0,0,0,0,0,0,0,0
40,42,94,0,0,0,0,0,0,0,0
40,42,97,0,0,0,0,0,0,0,0
40,42,100,0,0,0,0,0,0,0,0
40,42,103,0,0,0,0,0,0,0,0
40,42,106,0,0,0,0,0,0,0,0
40,42,109,0,0,0,0,0,0,0,0
40,42,112,0,0,0,0,0,0,0,0
40,42,115,0,0,0,0,0,0,0,0
40,42,118,0,0,0,0,0,0,0,0
40,42,121,0,0,0,0,0,0,0,0
40,42,124,0,0,0,0,0,0,0,0
40,42,127,0,0,0,0,0,0,0,0
40,42,130,0,0,0,0,0,0,0,0
40,42,133,0,0,0,0,0,0,0,0
40,42,136,0,0,0,0,0,0,0,0
40,42,139,0,0,0,0,0,0,0,0
40,42,142,0,0,0,0,0,0,0,0
40,42,145,0,0,0,0,0,0,0,0
40,42,148,0,0,0,0,0,0,0,0
40,42,151,0,0,0,0,0,0,0,0
40,42,154,0,0,0,0,0,0,0,0
40,42,157,0,0,0,0,0,0,0,0
40,42,160,0,0,0,0,0,0,0,0
40,42,163,0,0,0,0,0,0,0,0
40,42,166,0,0,0,0,0,0,0,0
40,42,169,0,0,0,0,0,0,0,0
40,42,172,0,0,0,0,0,0,0,0
40,42,175,0,0,0,0,0,0,0,0
40,42,178,0,0,0,0,0,0,0,0
40,42,181,0,0,0,0,0,0,0,0
40,42,184,0,0,0,0,0,0,0,0
40,42,187,0,0,0,0,0,0,0,0
40,42,190,0,0,0,0,0,0,0,0
40,42,193,0,0,0,0,0,0,0,0
40,42,196,0,0,0,0,0,0,0,0
40,42,199,0,0,0,0,0,0,0,0
40,42,202,0,0,0,0,0,0,0,0
40,42,205,0,0,0,0,0,0,0,0
40,43,1,0,0,0,0,0,0,0,0
40,43,4,0,0,0,0,0,0,0,0
40,43,7,0,0,0,0,0,0,0,0
40,43,10,0,0,0,0,0,0,0,0
40,43,13,0,0,0,0,0,0,0,0
40,43,16,0,0,0,0,0,0,0,0
40,43,19,0,0,0,0,0,0,0,0
40,43,22,0,0,0,0,0,0,0,0
40,43,25,0,0,0,0,0,0,0,0
40,43,28,0,0,0,0,0,0,0,0
40,43,31,0,0,0,0,0,0,0,0
40,43,34,0,0,0,0,0,0,0,0
40,43,37,0,0,0,0,0,0,0,0
40,43,40,0,0,0,0,0,0,0,0
40,43,43,0,0,0,0,0,0,0,0
40,43,46,0,0,0,0,0,0,0,0
40,43,49,0,0,0,0,0,0,0,0
40,43,52,0,0,0,0,0,0,0,0
40,43,55,0,0,0,0,0,0,0,0
40,43,58,0,0,0,0,0,0,0,0
40,43,61,0,0,0,0,0,0,0,0
40,43,64,0,0,0,0,0,0,0,0
40,43,67,0,0,0,0,0,0,0,0
40,43,70,0,0,0,0,0,0,0,0
40,43,73,0,0,0,0,0,0,0,0
40,43,76,0,0,0,0,0,0,0,0
40,43,79,0,0,0,0,0,0,0,0
40,43,82,0,0,0,0,0,0,0,0
40,43,85,0,0,0,0,0,0,0,0
40,43,88,0,0,0,0,0,0,0,0
40,43,91,0,0,0,0,0,0,0,0
40,43,94,0,0,0,0,0,0,0,0
40,43,97,0,0,0,0,0,0,0,0
40,43,100,0,0,0,0,0,0,0,0
40,43,103,0,0,0,0,0,0,0,0
40,43,106,0,0,0,0,0,0,0,0
40,43,109,0,0,0,0,0,0,0,0
40,43,112,0,0,0,0,0,0,0,0
40,43,115,0,0,0,0,0,0,0,0
40,43,118,0,0,0,0,0,0,0,0
40,43,121,0,0,0,0,0,0,0,0
40,43,124,0,0,0,0,0,0,0,0
40,43,127,0,0,0,0,0,0,0,0
40,43,130,0,0,0,0,0,0,0,0
40,43,133,0,0,0,0,0,0,0,0
40,43,136,0,0,0,0,0,0,0,0
40,43,139,0,0,0,0,0,0,0,0
40,43,142,0,0,0,0,0,0,0,0
40,43,145,0,0,0,0,0,0,0,0
40,43,148,0,0,0,0,0,0,0,0
40,43,151,0,0,0,0,0,0,0,0
40,43,154,0,0,0,0,0,0,0,0
40,43,157,0,0,0,0,0,0,0,0
40,43,160,0,0,0,0,0,0,0,0
40,43,163,0,0,0,0,0,0,0,0
40,43,166,0,0,0,0,0,0,0,0
40,43,169,0,0,0,0,0,0,0,0
40,43,172,0,0,0,0,0,0,0,0
40,43,175,0,0,0,0,0,0,0,0
40,43,178,0,0,0,0,0,0,0,0
40,43,181,0,0,0,0,0,0,0,0
40,43,184,0,0,0,0,0,0,0,0
40,43,187,0,0,0,0,0,0,0,0
40,43,190,0,0,0,0,0,0,0,0
40,43,193,0,0,0,0,0,0,0,0
40,43,196,0,0,0,0,0,0,0,0
40,43,199,0,0,0,0,0,0,0,0
40,43,202,0,0,0,0,0,0,0,0
40,43,205,0,0,0,0,0,0,0,0
40,44,1,0,0,0,0,0,0,0,0
40,44,4,0,0,0,0,0,0,0,0
40,44,7,0,0,0,0,0,0,0,0
40,44,10,0,0,0,0,0,0,0,0
40,44,13,0,0,0,0,0,0,0,0
40,44,16,0,0,0,0,0,0,0,0
40,44,19,0,0,0,0,0,0,0,0
40,44,22,0,0,0,0,0,0,0,0
40,44,25,0,0,0,0,0,0,0,0
40,44,28,0,0,0,0,0,0,0,0
40,44,31,0,0,0,0,0,0,0,0
40,44,34,0,0,0,0,0,0,0,0
40,44,37,0,0,0,0,0,0,0,0
40,44,40,0,0,0,0,0,0,0,0
40,44,43,0,0,0,0,0,0,0,0
40,44,46,0,0,0,0,0,0,0,0
40,44,49,0,0,0,0,0,0,0,0
40,44,52,0,0,0,0,0,0,0,0
40,44,55,0,0,0,0,0,0,0,0
40,44,58,0,0,0,0,0,0,0,0
40,44,61,0,0,0,0,0,0,0,0
40,44,64,0,0,0,0,0,0,0,0
40,44,67,0,0,0,0,0,0,0,0
40,44,70,0,0,0,0,0,0,0,0
40,44,73,0,0,0,0,0,0,0,0
40,44,76,0,0,0,0,0,0,0,0
40,44,79,0,0,0,0,0,0,0,0
40,44,82,0,0,0,0,0,0,0,0
40,44,85,0,0,0,0,0,0.60708,0.60708,0.60708
40,44,88,0,0,0.60708,0.60708,0.60708,0.60708,0.60708,0.60708
40,44,91,0.60708,0.60708,0.60708,0.60708,0.60708,0.60708,0.60708,0
40,44,94,0.60708,0.60708,0.60708,0.60708,0,0,0,0
40,44,97,0.60708,0,0,0,0,0,0,0
40,44,100,0,0,0,0,0,0,0,0
40,44,103,0,0,0,0,0,0,0,0
40,44,106,0,0,0,0,0,0,0,0
40,44,109,0,0,0,0,0,0,0,0
40,44,112,0,0,0,0,0,0,0,0
40,44,115,0,0,0,0,0,0,0,0
40,44,118,0,0,0,0,0,0,0,0
40,44,121,0,0,0,0,0,0,0,0
40,44,124,0,0,0,0,0,0,0,0
40,44,127,0,0,0,0,0,0,0,0
40,44,130,0,0,0,0,0,0,0,0
40,44,133,0,0,0,0,0,0,0,0
40,44,136,0,0,0,0,0,0,0,0
40,44,139,0,0,0,0,0,0,0,0
40,44,142,0,0,0,0,0,0,0,0
40,44,145,0,0,0,0,0,0,0,0
40,44,148,0,0,0,0,0,0,0,0
40,44,151,0,0,0,0,0,0,0,0
40,44,154,0,0,0,0,0,0,0,0
40,44,157,0,0,0,0,0,0,0,0
40,44,160,0,0,0,0,0,0,0,0
40,44,163,0,0,0,0,0,0,0,0
40,44,166,0,0,0,0,0,0,0,0
40,44,169,0,0,0,0,0,0,0,0
40,44,172,0,0,0,0,0,0,0,0
40,44,175,0,0,0,0,0,0,0,0
40,44,178,0,0,0,0,0,0,0,0
40,44,181,0,0,0,0,0,0,0,0
40,44,184,0,0,0,0,0,0,0,0
40,44,187,0,0,0,0,0,0,0,0
40,44,190,0,0,0,0,0,0,0,0
40,44,193,0,0,0,0,0,0,0,0
40,44,196,0,0,0,0,0,0,0,0
40,44,199,0,0,0,0,0,0,0,0
40,44,202,0,0,0,0,0,0,0,0
40,44,205,0,0,0,0,0,0,0,0
40,45,1,0,0,0,0,0,0,0,0
40,45,4,0,0,0,0,0,0,0,0
40,45,7,0,0,0,0,0,0,0,0
40,45,10,0,0,0,0,0,0,0,0
40,45,13,0,0,0,0,0,0,0,0
40,45,16,0,0,0,0,0,0,0,0
40,45,19,0,0,0,0,0,0,0,0
40,45,22,0,0,0,0,0,0,0,0
40,45,25,0,0,0,0,0,0,0,0
40,45,28,0,0,0,0,0,0,0,0
40,45,31,0,0,0,0,0,0,0,0
40,45,34,0,0,0,0,0,0,0,0
40,45,37,0,0,0,0,0,0,0,0
40,45,40,0,0,0,0,0,0,0,0
40,45,43,0,0,0,0,0,0,0,0
40,45,46,0,0,0,0,0,0,0,0
40,45,49,0,0,0,0,0,0,0,0
40,45,52,0,0,0,0,0,0,0,0
40,45,55,0,0,0,0,0,0,0,0
40,45,58,0,0,0,0,0,0,0,0
40,45,61,0,0,0,0,0,0,0,0
40,45,64,0,0,0,0,0,0,0,0
40,45,67,0,0,0,0,0,0,0,0
40,45,70,0,0,0,0,0,0,0,0
40,45,73,0,0,0,0,0,0,0,0
40,45,76,0,0,0,0,0,0,0,0
40,45,79,0,0,0,0,0,0,0,0
40,45,82,0,0,0,0,0,0,0,0
40,45,85,0,0,0,0,0,0,0,0
40,45,88,0,0,0,0,0,0,0,0
40,45,91,0,0,0,0,0,0,0,0
40,45,94,0,0,0,0,0,0,0,0
40,45,97,0,0,0,0,0,0,0,0
40,45,100,0,0,0,0,0,0,0,0
40,45,103,0,0,0,0,0,0,0,0
40,45,106,0,0,0,0,0,0,0,0
40,45,109,0,0,0,0,0,0,0,0
40,45,112,0,0,0,0,0,0,0,0
40,45,115,0,0,0,0,0,0,0,0
40,45,118,0,0,0,0,0,0,0,0
40,45,121,0,0,0,0,0,0,0,0
40,45,124,0,0,0,0,0,0,0,0
40,45,127,0,0,0,0,0,0,0,0
40,45,130,0,0,0,0,0,0,0,0
40,45,133,0,0,0,0,0,0,0,0
40,45,136,0,0,0,0,0,0,0,0
40,45,139,0,0,0,0,0,0,0,0
40,45,142,0,0,0,0,0,0,0,0
40,45,145,0,0,0,0,0,0,0,0
40,45,148,0,0,0,0,0,0,0,0
40,45,151,0,0,0,0,0,0,0,0
40,45,154,0,0,0,0,0,0,0,0
40,45,157,0,0,0,0,0,0,0,0
40,45,160,0,0,0,0,0,0,0,0
40,45,163,0,0,0,0,0,0,0,0
40,45,166,0,0,0,0,0,0,0,0
40,45,169,0,0,0,0,0,0,0,0
40,45,172,0,0,0,0,0,0,0,0
40,45,175,0,0,0,0,0,0,0,0
40,45,178,0,0,0,0,0,0,0,0
40,45,181,0,0,0,0,0,0,0,0
40,45,184,0,0,0,0,0,0,0,0
40,45,187,0,0,0,0,0,0,0,0
40,45,190,0,0,0,0,0,0,0,0
40,45,193,0,0,0,0,0,0,0,0
40,45,196,0,0,0,0,0,0,0,0
40,45,199,0,0,0,0,0,0,0,0
40,45,202,0,0,0,0,0,0,0,0
40,45,205,0,0,0,0,0,0,0,0
40,46,1,0,0,0,0,0,0,0,0
40,46,4,0,0,0,0,0,0,0,0
40,46,7,0,0,0,0,0,0,0,0
40,46,10,0,0,0,0,0,0,0,0
40,46,13,0,0,0,0,0,0,0,0
40,46,16,0,0,0,0,0,0,0,0
40,46,19,0,0,0,0,0,0,0,0
40,46,22,0,0,0,0,0,0,0,0
40,46,25,0,0,0,0,0,0,0,0
40,46,28,0,0,0,0,0,0,0,0
40,46,31,0,0,0,0,0,0,0,0
40,46,34,0,0,0,0,0,0,0,0
40,46,37,0,0,0,0,0,0,0,0
40,46,40,0,0,0,0,0,0,0,0
40,46,43,0,0,0,0,0,0,0,0
40,46,46,0,0,0,0,0,0,0,0
40,46,49,0,0,0,0,0,0,0,0
40,46,52,0,0,0,0,0,0,0,0
40,46,55,0,0,0,0,0,0,0,0
40,46,58,0,0,0,0,0,0,0,0
40,46,61,0,0,0,0,0,0,0,0
40,46,64,0,0,0,0,0,0,0,0
40,46,67,0,0,0,0,0,0,0,0
40,46,70,0,0,0,0,0,0,0,0
40,46,73,0,0,0,0,0,0,0,0
40,46,76,0,0,0,0,0,0,0,0
40,46,79,0,0,0,0,0,0,0,0
40,46,82,0,0,0,0,0,0,0,0
40,46,85,0,0,0,0,0,0,0,0
40,46,88,0,0,0,0,0,0,0,0
40,46,91,0,0,0,0,0,0,0,0
40,46,94,0,0,0,0,0,0,0,0
40,46,97,0,0,0,0,0,0,0,0
40,46,100,0,0,0,0,0,0,0,0
40,46,103,0,0,0,0,0,0,0,0
40,46,106,0,0,0,0,0,0,0,0
40,46,109,0,0,0,0,0,0,0,0
40,46,112,0,0,0,0,0,0,0,0
40,46,115,0,0,0,0,0,0,0,0
40,46,118,0,0,0,0,0,0,0,0
40,46,121,0,0,0,0,0,0,0,0
40,46,124,0,0,0,0,0,0,0,0
40,46,127,0,0,0,0,0,0,0,0
40,46,130,0,0,0,0,0,0,0,0
40,46,133,0,0,0,0,0,0,0,0
40,46,136,0,0,0,0,0,0,0,0
40,46,139,0,0,0,0,0,0,0,0
40,46,142,0,0,0,0,0,0,0,0
40,46,145,0,0,0,0,0,0,0,0
40,46,148,0,0,0,0,0,0,0,0
40,46,151,0,0,0,0,0,0,0,0
40,46,154,0,0,0,0,0,0,0,0
40,46,157,0,0,0,0,0,0,0,0
40,46,160,0,0,0,0,0,0,0,0
40,46,163,0,0,0,0,0,0,0,0
40,46,166,0,0,0,0,0,0,0,0
40,46,169,0,0,0,0,0,0,0,0
40,46,172,0,0,0,0,0,0,0,0
40,46,175,0,0,0,0,0,0,0,0
40,46,178,0,0,0,0,0,0,0,0
40,46,181,0,0,0,0,0,0,0,0
40,46,184,0,0,0,0,0,0,0,0
40,46,187,0,0,0,0,0,0,0,0
40,46,190,0,0,0,0,0,0,0,0
40,46,193,0,0,0,0,0,0,0,0
40,46,196,0,0,0,0,0,0,0,0
40,46,199,0,0,0,0,0,0,0,0
40,46,202,0,0,0,0,0,0,0,0
40,46,205,0,0,0,0,0,0,0,0
40,47,1,0,0,0,0,0,0,0,0
40,47,4,0,0,0,0,0,0,0,0
40,47,7,0,0,0,0,0,0,0,0
40,47,10,0,0,0,0,0,0,0,0
40,47,13,0,0,0,0,0,0,0,0
40,47,16,0,0,0,0,0,0,0,0
40,47,19,0,0,0,0,0,0,0,0
40,47,22,0,0,0,0,0,0,0,0
40,47,25,0,0,0,0,0,0,0,0
40,47,28,0,0,0,0,0,0,0,0
40,47,31,0,0,0,0,0,0,0,0
40,47,34,0,0,0,0,0,0,0,0
40,47,37,0,0,0,0,0,0,0,0
40,47,40,0,0,0,0,0,0,0,0
40,47,43,0,0,0,0,0,0,0,0
40,47,46,0,0,0,0,0,0,0,0
40,47,49,0,0,0,0,0,0,0,0
40,47,52,0,0,0,0,0,0,0,0
40,47,55,0,0,0,0,0,0,0,0
40,47,58,0,0,0,0,0,0,0,0
40,47,61,0,0,0,0,0,0,0,0
40,47,64,0,0,0,0,0,0,0,0
40,47,67,0,0,0,0,0,0,0,0
40,47,70,0,0,0,0,0,0,0,0
40,47,73,0,0,0,0,0,0,0,0
40,47,76,0,0,0,0,0,0,0,0
40,47,79,0,0,0,0,0,0,0,0
40,47,82,0,0,0,0,0,0,0,0
40,47,85,0,0,0,0,0,0,0,0
40,47,88,0,0,0,0,0,0,0,0
40,47,91,0,0,0,0,0,0,0,0
40,47,94,0,0,0,0,0,0,0,0
40,47,97,0,0,0,0,0,0,0,0
40,47,100,0,0,0,0,0,0,0,0
40,47,103,0,0,0,0,0,0,0,0
40,47,106,0,0,0,0,0,0,0,0
40,47,109,0,0,0,0,0,0,0,0
40,47,112,0,0,0,0,0,0,0,0
40,47,115,0,0,0,0,0,0,0,0
40,47,118,0,0,0,0,0,0,0,0
40,47,121,0,0,0,0,0,0,0,0
40,47,124,0,0,0,0,0,0,0,0
40,47,127,0,0,0,0,0,0,0,0
40,47,130,0,0,0,0,0,0,0,0
40,47,133,0,0,0,0,0,0,0,0
40,47,136,0,0,0,0,0,0,0,0
40,47,139,0,0,0,0,0,0,0,0
40,47,142,0,0,0,0,0,0,0,0
40,47,145,0,0,0,0,0,0,0,0
40,47,148,0,0,0,0,0,0,0,0
40,47,151,0,0,0,0,0,0,0,0
40,47,154,0,0,0,0,0,0,0,0
40,47,157,0,0,0,0,0,0,0,0
40,47,160,0,0,0,0,0,0,0,0
40,47,163,0,0,0,0,0,0,0,0
40,47,166,0,0,0,0,0,0,0,0
40,47,169,0,0,0,0,0,0,0,0
40,47,172,0,0,0,0,0,0,0,0
40,47,175,0,0,0,0,0,0,0,0
40,47,178,0,0,0,0,0,0,0,0
40,47,181,0,0,0,0,0,0,0,0
40,47,184,0,0,0,0,0,0,0,0
40,47,187,0,0,0,0,0,0,0,0
40,47,190,0,0,0,0,0,0,0,0
40,47,193,0,0,0,0,0,0,0,0
40,47,196,0,0,0,0,0,0,0,0
40,47,199,0,0,0,0,0,0,0,0
40,47,202,0,0,0,0,0,0,0,0
40,47,205,0,0,0,0,0,0,0,0
40,48,1,0,0,0,0,0,0,0,0
40,48,4,0,0,0,0,0,0,0,0
40,48,7,0,0,0,0,0,0,0,0
40,48,10,0,0,0,0,0,0,0,0
40,48,13,0,0,0,0,0,0,0,0
40,48,16,0,0,0,0,0,0,0,0
40,48,19,0,0,0,0,0,0,0,0
40,48,22,0,0,0,0,0,0,0,0
40,48,25,0,0,0,0,0,0,0,0
40,48,28,0,0,0,0,0,0,0,0
40,48,31,0,0,0,0,0,0,0,0
40,48,34,0,0,0,0,0,0,0,0
40,48,37,0,0,0,0,0,0,0,0
40,48,40,0,0,0,0,0,0,0,0
40,48,43,0,0,0,0,0,0,0,0
40,48,46,0,0,0,0,0,0,0,0
40,48,49,0,0,0,0,0,0,0,0
40,48,52,0,0,0,0,0,0,0,0
40,48,55,0,0,0,0,0,0,0,0
40,48,58,0,0,0,0,0,0,0,0
40,48,61,0,0,0,0,0,0,0,0
40,48,64,0,0,0,0,0,0,0,0
40,48,67,0,0,0,0,0,0,0,0
40,48,70,0,0,0,0,0,0,0,0
40,48,73,0,0,0,0,0,0,0,0
40,48,76,0,0,0,0,0,0,0,0
40,48,79,0,0,0,0,0,0,0,0
40,48,82,0,0,0,0,0,0,0,0
40,48,85,0,0,0,0,0,0,0,0
40,48,88,0,0,0,0,0,0,0,0
40,48,91,0,0,0,0,0,0,0,0
40,48,94,0,0,0,0,0,0,0,0
40,48,97,0,0,0,0,0,0,0,0
40,48,100,0,0,0,0,0,0,0,0
40,48,103,0,0,0,0,0,0,0,0
40,48,106,0,0,0,0,0,0,0,0
40,48,109,0,0,0,0,0,0,0,0
40,48,112,0,0,0,0,0,0,0,0
40,48,115,0,0,0,0,0,0,0,0
40,48,118,0,0,0,0,0,0,0,0
40,48,121,0,0,0,0,0,0,0,0
40,48,124,0,0,0,0,0,0,0,0
40,48,127,0,0,0,0,0,0,0,0
40,48,130,0,0,0,0,0,0,0,0
40,48,133,0,0,0,0,0,0,0,0
40,48,136,0,0,0,0,0,0,0,0
40,48,139,0,0,0,0,0,0,0,0
40,48,142,0,0,0,0,0,0,0,0
40,48,145,0,0,0,0,0,0,0,0
40,48,148,0,0,0,0,0,0,0,0
40,48,151,0,0,0,0,0,0,0,0
40,48,154,0,0,0,0,0,0,0,0
40,48,157,0,0,0,0,0,0,0,0
40,48,160,0,0,0,0,0,0,0,0
40,48,163,0,0,0,0,0,0,0,0
40,48,166,0,0,0,0,0,0,0,0
40,48,169,0,0,0,0,0,0,0,0
40,48,172,0,0,0,0,0,0,0,0
40,48,175,0,0,0,0,0,0,0,0
40,48,178,0,0,0,0,0,0,0,0
40,48,181,0,0,0,0,0,0,0,0
40,48,184,0,0,0,0,0,0,0,0
40,48,187,0,0,0,0,0,0,0,0
40,48,190,0,0,0,0,0,0,0,0
40,48,193,0,0,0,0,0,0,0,0
40,48,196,0,0,0,0,0,0,0,0
40,48,199,0,0,0,0,0,0,0,0
40,48,202,0,0,0,0,0,0,0,0
40,48,205,0,0,0,0,0,0,0,0
40,49,1,0,0,0,0,0,0,0,0
40,49,4,0,0,0,0,0,0,0,0
40,49,7,0,0,0,0,0,0,0,0
40,49,10,0,0,0,0,0,0,0,0
40,49,13,0,0,0,0,0,0,0,0
40,49,16,0,0,0,0,0,0,0,0
40,49,19,0,0,0,0,0,0,0,0
40,49,22,0,0,0,0,0,0,0,0
40,49,25,0,0,0,0,0,0,0,0
40,49,28,0,0,0,0,0,0,0,0
40,49,31,0,0,0,0,0,0,0,0
40,49,34,0,0,0,0,0,0,0,0
40,49,37,0,0,0,0,0,0,0,0
40,49,40,0,0,0,0,0,0,0,0
40,49,43,0,0,0,0,0,0,0,0
40,49,46,0,0,0,0,0,0,0,0
40,49,49,0,0,0,0,0,0,0,0
40,49,52,0,0,0,0,0,0,0,0
40,49,55,0,0,0,0,0,0,0,0
40,49,58,0,0,0,0,0,0,0,0
40,49,61,0,0,0,0,0,0,0,0
40,49,64,0,0,0,0,0,0,0,0
40,49,67,0,0,0,0,0,0,0,0
40,49,70,0,0,0,0,0,0,0,0
40,49,73,0,0,0,0,0,0,0,0
40,49,76,0,0,0,0,0,0,0,0
40,49,79,0,0,0,0,0,0,0,0
40,49,82,0,0,0,0,0,0,0,0
40,49,85,0,0,0,0,0,0,0,0
40,49,88,0,0,0,0,0,0,0,0
40,49,91,0,0,0,0,0,0,0,0
40,49,94,0,0,0,0,0,0,0,0
40,49,97,0,0,0,0,0,0,0,0
40,49,100,0,0,0,0,0,0,0,0
40,49,103,0,0,0,0,0,0,0,0
40,49,106,0,0,0,0,0,0,0,0
40,49,109,0,0,0,0,0,0,0,0
40,49,112,0,0,0,0,0,0,0,0
40,49,115,0,0,0,0,0,0,0,0
40,49,118,0,0,0,0,0,0,0,0
40,49,121,0,0,0,0,0,0,0,0
40,49,124,0,0,0,0,0,0,0,0
40,49,127,0,0,0,0,0,0,0,0
40,49,130,0,0,0,0,0,0,0,0
40,49,133,0,0,0,0,0,0,0,0
40,49,136,0,0,0,0,0,0,0,0
40,49,139,0,0,0,0,0,0,0,0
40,49,142,0,0,0,0,0,0,0,0
40,49,145,0,0,0,0,0,0,0,0
40,49,148,0,0,0,0,0,0,0,0
40,49,151,0,0,0,0,0,0,0,0
40,49,154,0,0,0,0,0,0,0,0
40,49,157,0,0,0,0,0,0,0,0
40,49,160,0,0,0,0,0,0,0,0
40,49,163,0,0,0,0,0,0,0,0
40,49,166,0,0,0,0,0,0,0,0
40,49,169,0,0,0,0,0,0,0,0
40,49,172,0,0,0,0,0,0,0,0
40,49,175,0,0,0,0,0,0,0,0
40,49,178,0,0,0,0,0,0,0,0
40,49,181,0,0,0,0,0,0,0,0
40,49,184,0,0,0,0,0,0,0,0
40,49,187,0,0,0,0,0,0,0,0
40,49,190,0,0,0,0,0,0,0,0
40,49,193,0,0,0,0,0,0,0,0
40,49,196,0,0,0,0,0,0,0,0
40,49,199,0,0,0,0,0,0,0,0
40,49,202,0,0,0,0,0,0,0,0
40,49,205,0,0,0,0,0,0,0,0
40,50,1,0,0,0,0,0,0,0,0
40,50,4,0,0,0,0,0,0,0,0
40,50,7,0,0,0,0,0,0,0,0
40,50,10,0,0,0,0,0,0,0,0
40,50,13,0,0,0,0,0,0,0,0
40,50,16,0,0,0,0,0,0,0,0
40,50,19,0,0,0,0,0,0,0,0
40,50,22,0,0,0,0,0,0,0,0
40,50,25,0,0,0,0,0,0,0,0
40,50,28,0,0,0,0,0,0,0,0
40,50,31,0,0,0,0,0,0,0,0
40,50,34,0,0,0,0,0,0,0,0
40,50,37,0,0,0,0,0,0,0,0
40,50,40,0,0,0,0,0,0,0,0
40,50,43,0,0,0,0,0,0,0,0
40,50,46,0,0,0,0,0,0,0,0
40,50,49,0,0,0,0,0,0,0,0
40,50,52,0,0,0,0,0,0,0,0
40,50,55,0,0,0,0,0,0,0,0
40,50,58,0,0,0,0,0,0,0,0
40,50,61,0,0,0,0,0,0,0,0
40,50,64,0,0,0,0,0,0,0,0
40,50,67,0,0,0,0,0,0,0,0
40,50,70,0,0,0,0,0,0,0,0
40,50,73,0,0,0,0,0,0,0,0
40,50,76,0,0,0,0,0,0,0,0
40,50,79,0,0,0,0,0,0,0,0
40,50,82,0,0,0,0,0,0,0,0
40,50,85,0,0,0,0,0,0,0,0
40,50,88,0,0,0,0,0,0,0,0
40,50,91,0,0,0,0,0,0,0,0
40,50,94,0,0,0,0,0,0,0,0
40,50,97,0,0,0,0,0,0,0,0
40,50,100,0,0,0,0,0,0,0,0
40,50,103,0,0,0,0,0,0,0,0
40,50,106,0,0,0,0,0,0,0,0
40,50,109,0,0,0,0,0,0,0,0
40,50,112,0,0,0,0,0,0,0,0
40,50,115,0,0,0,0,0,0,0,0
40,50,118,0,0,0,0,0,0,0,0
40,50,121,0,0,0,0,0,0,0,0
40,50,124,0,0,0,0,0,0,0,0
40,50,127,0,0,0,0,0,0,0,0
40,50,130,0,0,0,0,0,0,0,0
40,50,133,0,0,0,0,0,0,0,0
40,50,136,0,0,0,0,0,0,0,0
40,50,139,0,0,0,0,0,0,0,0
40,50,142,0,0,0,0,0,0,0,0
40,50,145,0,0,0,0,0,0,0,0
40,50,148,0,0,0,0,0,0,0,0
40,50,151,0,0,0,0,0,0,0,0
40,50,154,0,0,0,0,0,0,0,0
40,50,157,0,0,0,0,0,0,0,0
40,50,160,0,0,0,0,0,0,0,0
40,50,163,0,0,0,0,0,0,0,0
40,50,166,0,0,0,0,0,0,0,0
40,50,169,0,0,0,0,0,0,0,0
40,50,172,0,0,0,0,0,0,0,0
40,50,175,0,0,0,0,0,0,0,0
40,50,178,0,0,0,0,0,0,0,0
40,50,181,0,0,0,0,0,0,0,0
40,50,184,0,0,0,0,0,0,0,0
40,50,187,0,0,0,0,0,0,0,0
40,50,190,0,0,0,0,0,0,0,0
40,50,193,0,0,0,0,0,0,0,0
40,50,196,0,0,0,0,0,0,0,0
40,50,199,0,0,0,0,0,0,0,0
40,50,202,0,0,0,0,0,0,0,0
40,50,205,0,0,0,0,0,0,0,0
40,51,1,0,0,0,0,0,0,0,0
40,51,4,0,0,0,0,0,0,0,0
40,51,7,0,0,0,0,0,0,0,0
40,51,10,0,0,0,0,0,0,0,0
40,51,13,0,0,0,0,0,0,0,0
40,51,16,0,0,0,0,0,0,0,0
40,51,19,0,0,0,0,0,0,0,0
40,51,22,0,0,0,0,0,0,0,0
40,51,25,0,0,0,0,0,0,0,0
40,51,28,0,0,0,0,0,0,0,0
40,51,31,0,0,0,0,0,0,0,0
40,51,34,0,0,0,0,0,0,0,0
40,51,37,0,0,0,0,0,0,0,0
40,51,40,0,0,0,0,0,0,0,0
40,51,43,0,0,0,0,0,0,0,0
40,51,46,0,0,0,0,0,0,0,0
40,51,49,0,0,0,0,0,0,0,0
40,51,52,0,0,0,0,0,0,0,0
40,51,55,0,0,0,0,0,0,0,0
40,51,58,0,0,0,0,0,0,0,0
40,51,61,0,0,0,0,0,0,0,0
40,51,64,0,0,0,0,0,0,0,0
40,51,67,0,0,0,0,0,0,0,0
40,51,70,0,0,0,0,0,0,0,0
40,51,73,0,0,0,0,0,0,0,0
40,51,76,0,0,0,0,0,0,0,0
40,51,79,0,0,0,0,0,0,0,0
40,51,82,0,0,0,0,0,0,0,0
40,51,85,0,0,0,0,0,0,0,0
40,51,88,0,0,0,0,0,0,0,0
40,51,91,0,0,0,0,0,0,0,0
40,51,94,0,0,0,0,0,0,0,0
40,51,97,0,0,0,0,0,0,0,0
40,51,100,0,0,0,0,0,0,0,0
40,51,103,0,0,0,0,0,0,0,0
40,51,106,0,0,0,0,0,0,0,0
40,51,109,0,0,0,0,0,0,0,0
40,51,112,0,0,0,0,0,0,0,0
40,51,115,0,0,0,0,0,0,0,0
40,51,118,0,0,0,0,0,0,0,0
40,51,121,0,0,0,0,0,0,0,0
40,51,124,0,0,0,0,0,0,0,0
40,51,127,0,0,0,0,0,0,0,0
40,51,130,0,0,0,0,0,0,0,0
40,51,133,0,0,0,0,0,0,0,0
40,51,136,0,0,0,0,0,0,0,0
40,51,139,0,0,0,0,0,0,0,0
40,51,142,0,0,0,0,0,0,0,0
40,51,145,0,0,0,0,0,0,0,0
40,51,148,0,0,0,0,0,0,0,0
40,51,151,0,0,0,0,0,0,0,0
40,51,154,0,0,0,0,0,0,0,0
40,51,157,0,0,0,0,0,0,0,0
40,51,160,0,0,0,0,0,0,0,0
40,51,163,0,0,0,0,0,0,0,0
40,51,166,0,0,0,0,0,0,0,0
40,51,169,0,0,0,0,0,0,0,0
40,51,172,0,0,0,0,0,0,0,0
40,51,175,0,0,0,0,0,0,0,0
40,51,178,0,0,0,0,0,0,0,0
40,51,181,0,0,0,0,0,0,0,0
40,51,184,0,0,0,0,0,0,0,0
40,51,187,0,0,0,0,0,0,0,0
40,51,190,0,0,0,0,0,0,0,0
40,51,193,0,0,0,0,0,0,0,0
40,51,196,0,0,0,0,0,0,0,0
40,51,199,0,0,0,0,0,0,0,0
40,51,202,0,0,0,0,0,0,0,0
40,51,205,0,0,0,0,0,0,0,0
