6,1,1,1,1,1,1,1,1,1,1
6,1,6,1,1,1,1,1,1,1,1
6,1,11,1,1,1,1,1,1,1,1
6,1,16,1,1,1,1,1,1,1,1
6,1,21,1,1,1,1,1,1,1,1
6,1,26,1,1,1,1,1,1,1,1
6,1,31,1,1,1,1,1,1,1,1
6,1,36,1,1,1,1,1,1,1,1
6,1,41,1,1,1,1,1,1,1,1
6,1,46,1,1,1,1,1,1,1,1
6,1,51,1,1,1,1,1,1,1,1
6,1,56,1,1,1,1,1,1,1,1
6,1,61,1,1,1,1,1,1,1,1
6,1,66,1,1,1,1,1,1,1,1
6,1,71,1,1,1,1,1,1,1,1
6,1,76,1,1,1,1,1,1,1,1
6,1,81,1,1,1,1,1,1,1,1
6,1,86,1,1,1,1,1,1,1,1
6,1,91,1,1,1,1,1,1,1,1
6,1,96,1,1,1,1,1,1,1,1
6,1,101,1,1,1,1,1,1,1,1
6,1,106,1,1,1,1,1,1,1,1
6,1,111,1,1,1,1,1,1,1,1
6,1,116,1,1,1,1,1,1,1,1
6,1,121,1,1,1,1,1,1,1,1
6,1,126,1,1,1,1,1,1,1,1
6,1,131,1,1,1,1,1,1,1,1
6,1,136,1,1,1,1,1,1,1,1
6,1,141,1,1,1,1,1,1,1,1
6,1,146,1,1,1,1,1,1,1,1
6,1,151,1,1,1,1,1,1,1,1
6,1,156,1,1,1,1,1,1,1,1
6,1,161,1,1,1,1,1,1,1,1
6,1,166,1,1,1,1,1,1,1,1
6,1,171,1,1,1,1,1,1,1,1
6,1,176,1,1,1,1,1,1,1,1
6,1,181,1,1,1,1,1,1,1,1
6,1,186,1,1,1,1,1,1,1,1
6,1,191,1,1,1,1,1,1,1,1
6,1,196,1,1,1,1,1,1,1,1
6,1,201,1,1,1,1,1,1,1,1
6,1,206,1,1,1,1,1,1,1,1
6,2,1,0,0,0,0,0,0,0,0
6,2,6,0,0,0,0,0,0,0,0
6,2,11,0,0,0,0,0,0,0,0
6,2,16,0,0,0,0,0,0,0,0
6,2,21,0,0,0,0,0,0,0,0
6,2,26,0,0,0,0,0,0,0,0
6,2,31,0,0,0,0,0,0,0,0
6,2,36,0,0,0,0,0,0,0,0
6,2,41,0,0,0,0,0,0,0,0
6,2,46,0,0,0,0,0,0,0,0
6,2,51,0,0,0,0,0,0,0,0
6,2,56,0,0,0,0,0,0,0,0
6,2,61,0,0,0,0,0,0,0,0
6,2,66,0,0,0,0,0,0,0,0
6,2,71,0,0,0,0,0,0,0,0
6,2,76,0,0,0,0,0,0,0,0
6,2,81,0,0,0,0,0,0,0,0
6,2,86,0,0,0,0,0,0,0,0
6,2,91,0,0,0,0,0,0,0,0
6,2,96,0,0,0,0,0,0,0,0
6,2,101,0,0,0,0,0,0,0,0
6,2,106,0,0,0,0,0,0,0,0
6,2,111,0,0,0,0,0,0,0,0
6,2,116,0,0,0,0,0,0,0,0
6,2,121,0,0,0,0,0,0,0,0
6,2,126,0,0,0,0,0,0,0,0
6,2,131,0,0,0,0,0,0,0,0
6,2,136,0,0,0,0,0,0,0,0
6,2,141,0,0,0,0,0,0,0,0
6,2,146,0,0,0,0,0,0,0,0
6,2,151,0,0,0,0,0,0,0,0
6,2,156,0,0,0,0,0,0,0,0
6,2,161,0,0,0,0,0,0,0,0
6,2,166,0,0,0,0,0,0,0,0
6,2,171,0,0,0,0,0,0,0,0
6,2,176,0,0,0,0,0,0,0,0
6,2,181,0,0,0,0,0,0,0,0
6,2,186,0,0,0,0,0,0,0,0
6,2,191,0,0,0,0,0,0,0,0
6,2,196,0,0,0,0,0,0,0,0
6,2,201,0,0,0,0,0,0,0,0
6,2,206,0,0,0,0,0,0,0,0
6,3,1,0,0,0,0,0,0,0,0
6,3,6,0,0,0,0,0,0,0,0
6,3,11,0,0,0,0,0,0,0,0
6,3,16,0,0,0,0,0,0,0,0
6,3,21,0,0,0,0,0,0,0,0
6,3,26,0,0,0,0,0,0,0,0
6,3,31,0,0,0,0,0,0,0,0
6,3,36,0,0,0,0,0,0,0,0
6,3,41,0,0,0,0,0,0,0,0
6,3,46,0,0,0,0,0,0,0,0
6,3,51,0,0,0,0,0,0,0,0
6,3,56,0,0,0,0,0,0,0,0
6,3,61,0,0,0,0,0,0,0,0
6,3,66,0,0,0,0,0,0,0,0
6,3,71,0,0,0,0,0,0,0,0
6,3,76,0,0,0,0,0,0,0,0
6,3,81,0,0,0,0,0,0,0,0
6,3,86,0,0,0,0,0,0,0,0
6,3,91,0,0,0,0,0,0,0,0
6,3,96,0,0,0,0,0,0,0,0
6,3,101,0,0,0,0,0,0,0,0
6,3,106,0,0,0,0,0,0,0,0
6,3,111,0,0,0,0,0,0,0,0
6,3,116,0,0,0,0,0,0,0,0
6,3,121,0,0,0,0,0,0,0,0
6,3,126,0,0,0,0,0,0,0,0
6,3,131,0,0,0,0,0,0,0,0
6,3,136,0,0,0,0,0,0,0,0
6,3,141,0,0,0,0,0,0,0,0
6,3,146,0,0,0,0,0,0,0,0
6,3,151,0,0,0,0,0,0,0,0
6,3,156,0,0,0,0,0,0,0,0
6,3,161,0,0,0,0,0,0,0,0
6,3,166,0,0,0,0,0,0,0,0
6,3,171,0,0,0,0,0,0,0,0
6,3,176,0,0,0,0,0,0,0,0
6,3,181,0,0,0,0,0,0,0,0
6,3,186,0,0,0,0,0,0,0,0
6,3,191,0,0,0,0,0,0,0,0
6,3,196,0,0,0,0,0,0,0,0
6,3,201,0,0,0,0,0,0,0,0
6,3,206,0,0,0,0,0,0,0,0
6,4,1,0,0,0,0,0,0,0,0
6,4,6,0,0,0,0,0,0,0,0
6,4,11,0,0,0,0,0,0,0,0
6,4,16,0,0,0,0,0,0,0,0
6,4,21,0,0,0,0,0,0,0,0
6,4,26,0,0,0,0,0,0,0,0
6,4,31,0,0,0,0,0,0,0,0
6,4,36,0,0,0,0,0,0,0,-0.34953
6,4,41,0,0,-0.34953,-0.34953,-0.34953,-0.34953,-0.46474,-0.46474
6,4,46,-0.34953,-0.46474,-0.46474,-0.48138,-0.46474,-0.34953,-0.34953,-0.34953
6,4,51,-0.34953,-0.34953,-0.34953,-0.34953,0,0,0,0
6,4,56,0,0,0,0,0,0,0,0
6,4,61,0,0,0,0,0,0,0,0
6,4,66,0,0,0,0,0,0,0,0
6,4,71,0,0,0,0,0,0,0,0
6,4,76,0,0,0,0,0,0,0,0
6,4,81,0,0,0,0,0,0,0,0
6,4,86,0,0,0,0,0,0,0,0
6,4,91,0,0,0,0,0,0,0,0
6,4,96,0,0,0,0,0,0,0,0
6,4,101,0,0,0,0,0,0,0,0
6,4,106,0,0,0,0,0,0,0,0
6,4,111,0,0,0,0,0,0,0,0
6,4,116,0,0,0,0,0,0,0,0
6,4,121,0,0,0,0,0,0,0,0
6,4,126,0,0,0,0,0,0,0,0
6,4,131,0,0,0,0,0,0,0,0
6,4,136,0,0,0,0,0,0,0,0
6,4,141,0,0,0,0,0,0,0,0
6,4,146,0,0,0,0,0,0,0,0
6,4,151,0,0,0,0,0,0,0,0
6,4,156,0,0,0,0,0,0,0,0
6,4,161,0,0,0,0,0,0,0,0
6,4,166,0,0,0,0,0,0,0,0
6,4,171,0,0,0,0,0,0,0,0
6,4,176,0,0,0,0,0,0,0,0
6,4,181,0,0,0,0,0,0,0,0
6,4,186,0,0,0,0,0,0,0,0
6,4,191,0,0,0,0,0,0,0,0
6,4,196,0,0,0,0,0,0,0,0
6,4,201,0,0,0,0,0,0,0,0
6,4,206,0,0,0,0,0,0,0,0
6,5,1,0,0,0,0,0,0,0,0
6,5,6,0,0,0,0,0,0,0,0
6,5,11,0,0,0,0,0,0,0,0
6,5,16,0,0,0,0,0,0,0,0
6,5,21,0,0,0,0,0,0,0,0
6,5,26,0,0,0,0,0,0,0,0
6,5,31,0,0,0,0,0,0,0,0
6,5,36,0,0,0,0,0,0,0,0.58301
6,5,41,0,0,0.58301,0.58301,0.58301,0.58301,0.65022,0.65022
6,5,46,0.58301,0.65022,0.65022,0.65818,0.65022,0.58301,0.58301,0.58301
6,5,51,0.58301,0.58301,0.58301,0.58301,0,0,0,0
6,5,56,0,0,0,0,0,0,0,0
6,5,61,0,0,0,0,0,0,0,0
6,5,66,0,0,0,0,0,0,0,0
6,5,71,0,0,0,0,0,0,0,0
6,5,76,0,0,0,0,0,0,0,0
6,5,81,0,0,0,0,0,0,0,0
6,5,86,0,0,0,0,0,0,0,0
6,5,91,0,0,0,0,0,0,0,0
6,5,96,0,0,0,0,0,0,0,0
6,5,101,0,0,0,0,0,0,0,0
6,5,106,0,0,0,0,0,0,0,0
6,5,111,0,0,0,0,0,0,0,0
6,5,116,0,0,0,0,0,0,0,0
6,5,121,0,0,0,0,0,0,0,0
6,5,126,0,0,0,0,0,0,0,0
6,5,131,0,0,0,0,0,0,0,0
6,5,136,0,0,0,0,0,0,0,0
6,5,141,0,0,0,0,0,0,0,0
6,5,146,0,0,0,0,0,0,0,0
6,5,151,0,0,0,0,0,0,0,0
6,5,156,0,0,0,0,0,0,0,0
6,5,161,0,0,0,0,0,0,0,0
6,5,166,0,0,0,0,0,0,0,0
6,5,171,0,0,0,0,0,0,0,0
6,5,176,0,0,0,0,0,0,0,0
6,5,181,0,0,0,0,0,0,0,0
6,5,186,0,0,0,0,0,0,0,0
6,5,191,0,0,0,0,0,0,0,0
6,5,196,0,0,0,0,0,0,0,0
6,5,201,0,0,0,0,0,0,0,0
6,5,206,0,0,0,0,0,0,0,0
6,6,1,0,0,0,0,0,0,0,0
6,6,6,0,0,0,0,0,0,0,0
6,6,11,0,0,0,0,0,0,0,0
6,6,16,0,0,0,0,0,0,0,0
6,6,21,0,0,0,0,0,0,0,0
6,6,26,0,0,0,0,0,0,0,0
6,6,31,0,0,0,0,0,0,0,0
6,6,36,0,0,0,0,0,0,0,0
6,6,41,0,0,0,0,0,0,0,0
6,6,46,0,0,0,0,0,0,0,0
6,6,51,0,0,0,0,0,0,0,0
6,6,56,0,0,0,0,0,0,0,0
6,6,61,0,0,0,0,0,0,0,0
6,6,66,0,0,0,0,0,0,0,0
6,6,71,0,0,0,0,0,0,0,0
6,6,76,0,0,0,0,0,0,0,0
6,6,81,0,0,0,0,0,0,0,0
6,6,86,0,0,0,0,0,0,0,0
6,6,91,0,0,0,0,0,0,0,0
6,6,96,0,0,0,0,0,0,0,0
6,6,101,0,0,0,0,0,0,0,0
6,6,106,0,0,0,0,0,0,0,0
6,6,111,0,0,0,0,0,0,0,0
6,6,116,0,0,0,0,0,0,0,0
6,6,121,0,0,0,0,0,0,0,0
6,6,126,0,0,0,0,0,0,0,0
6,6,131,0,0,0,0,0,0,0,0
6,6,136,0,0,0,0,0,0,0,0
6,6,141,0,0,0,0,0,0,0,0
6,6,146,0,0,0,0,0,0,0,0
6,6,151,0,0,0,0,0,0,0,0
6,6,156,0,0,0,0,0,0,0,0
6,6,161,0,0,0,0,0,0,0,0
6,6,166,0,0,0,0,0,0,0,0
6,6,171,0,0,0,0,0,0,0,0
6,6,176,0,0,0,0,0,0,0,0
6,6,181,0,0,0,0,0,0,0,0
6,6,186,0,0,0,0,0,0,0,0
6,6,191,0,0,0,0,0,0,0,0
6,6,196,0,0,0,0,0,0,0,0
6,6,201,0,0,0,0,0,0,0,0
6,6,206,0,0,0,0,0,0,0,0
6,7,1,0,0,0,0,0,0,0,0
6,7,6,0,0,0,0,0,0,0,0
6,7,11,0,0,0,0,0,0,0,0
6,7,16,0,0,0,0,0,0,0,0
6,7,21,0,0,0,0,0,0,0,0
6,7,26,0,0,0,0,0,0,0,0
6,7,31,0,0,0,0,0,0,0,0
6,7,36,0,0,0,0,0,0,0,0
6,7,41,0,0,0,0,0,0,0,0
6,7,46,0,0,0,0,0,0,0,0
6,7,51,0,0,0,0,0,0,0,0
6,7,56,0,0,0,0,0,0,0,0
6,7,61,0,0,0,0,0,0,0,0
6,7,66,0,0,0,0,0,0,0,0
6,7,71,0,0,0,0,0,0,0,0
6,7,76,0,0,0,0,0,0,0,0
6,7,81,0,0,0,0,0,0,0,0
6,7,86,0,0,0,0,0,0,0,0
6,7,91,0,0,0,0,0,0,0,0
6,7,96,0,0,0,0,0,0,0,0
6,7,101,0,0,0,0,0,0,0,0
6,7,106,0,0,0,0,0,0,0,0
6,7,111,0,0,0,0,0,0,0,0
6,7,116,0,0,0,0,0,0,0,0
6,7,121,0,0,0,0,0,0,0,0
6,7,126,0,0,0,0,0,0,0,0
6,7,131,0,0,0,0,0,0,0,0
6,7,136,0,0,0,0,0,0,0,0
6,7,141,0,0,0,0,0,0,0,0
6,7,146,0,0,0,0,0,0,0,0
6,7,151,0,0,0,0,0,0,0,0
6,7,156,0,0,0,0,0,0,0,0
6,7,161,0,0,0,0,0,0,0,0
6,7,166,0,0,0,0,0,0,0,0
6,7,171,0,0,0,0,0,0,0,0
6,7,176,0,0,0,0,0,0,0,0
6,7,181,0,0,0,0,0,0,0,0
6,7,186,0,0,0,0,0,0,0,0
6,7,191,0,0,0,0,0,0,0,0
6,7,196,0,0,0,0,0,0,0,0
6,7,201,0,0,0,0,0,0,0,0
6,7,206,0,0,0,0,0,0,0,0
6,8,1,0,0,0,0,0,0,0,0
6,8,6,0,0,0,0,0,0,0,0
6,8,11,0,0,0,0,0,0,0,0
6,8,16,0,0,0,0,0,0,0,0
6,8,21,0,0,0,0,0,0,0,0
6,8,26,0,0,0,0,0,0,0,0
6,8,31,0,0,0,0,0,0,0,0
6,8,36,0,0,0,0,0,0,0,0
6,8,41,0,0,0,0,0,0,0,0
6,8,46,0,0,0,0,0,0,0,0
6,8,51,0,0,0,0,0,0,0,0
6,8,56,0,0,0,0,0,0,0,0
6,8,61,0,0,0,0,0,0,0,0
6,8,66,0,0,0,0,0,0,0,0
6,8,71,0,0,0,0,0,0,0,0
6,8,76,0,0,0,0,0,0,0,0
6,8,81,0,0,0,0,0,0,0,0
6,8,86,0,0,0,0,0,0,0,0
6,8,91,0,0,0,0,0,0,0,0
6,8,96,0,0,0,0,0,0,0,0
6,8,101,0,0,0,0,0,0,0,0
6,8,106,0,0,0,0,0,0,0,0
6,8,111,0,0,0,0,0,0,0,0
6,8,116,0,0,0,0,0,0,0,0
6,8,121,0,0,0,0,0,0,0,0
6,8,126,0,0,0,0,0,0,0,0
6,8,131,0,0,0,0,0,0,0,0
6,8,136,0,0,0,0,0,0,0,0
6,8,141,0,0,0,0,0,0,0,0
6,8,146,0,0,0,0,0,0,0,0
6,8,151,0,0,0,0,0,0,0,0
6,8,156,0,0,0,0,0,0,0,0
6,8,161,0,0,0,0,0,0,0,0
6,8,166,0,0,0,0,0,0,0,0
6,8,171,0,0,0,0,0,0,0,0
6,8,176,0,0,0,0,0,0,0,0
6,8,181,0,0,0,0,0,0,0,0
6,8,186,0,0,0,0,0,0,0,0
6,8,191,0,0,0,0,0,0,0,0
6,8,196,0,0,0,0,0,0,0,0
6,8,201,0,0,0,0,0,0,0,0
6,8,206,0,0,0,0,0,0,0,0
6,9,1,0,0,0,0,0,0,0,0
6,9,6,0,0,0,0,0,0,0,0
6,9,11,0,0,0,0,0,0,0,0
6,9,16,0,0,0,0,0,0,0,0
6,9,21,0,0,0,0,0,0,0,0
6,9,26,0,0,0,0,0,0,0,0
6,9,31,0,0,0,0,0,0,0,0
6,9,36,0,0,0,0,0,0,0,0
6,9,41,0,0,0,0,0,0,0,0
6,9,46,0,0,0,0,0,0,0,0
6,9,51,0,0,0,0,0,0,0,0
6,9,56,0,0,0,0,0,0,0,0
6,9,61,0,0,0,0,0,0,0,0
6,9,66,0,0,0,0,0,0,0,0
6,9,71,0,0,0,0,0,0,0,0
6,9,76,0,0,0,0,0,0,0,0
6,9,81,0,0,0,0,0,0,0,0
6,9,86,0,0,0,0,0,0,0,0
6,9,91,0,0,0,0,0,0,0,0
6,9,96,0,0,0,0,0,0,0,0
6,9,101,0,0,0,0,0,0,0,0
6,9,106,0,0,0,0,0,0,0,0
6,9,111,0,0,0,0,0,0,0,0
6,9,116,0,0,0,0,0,0,0,0
6,9,121,0,0,0,0,0,0,0,0
6,9,126,0,0,0,0,0,0,0,0
6,9,131,0,0,0,0,0,0,0,0
6,9,136,0,0,0,0,0,0,0,0
6,9,141,0,0,0,0,0,0,0,0
6,9,146,0,0,0,0,0,0,0,0
6,9,151,0,0,0,0,0,0,0,0
6,9,156,0,0,0,0,0,0,0,0
6,9,161,0,0,0,0,0,0,0,0
6,9,166,0,0,0,0,0,0,0,0
6,9,171,0,0,0,0,0,0,0,0
6,9,176,0,0,0,0,0,0,0,0
6,9,181,0,0,0,0,0,0,0,0
6,9,186,0,0,0,0,0,0,0,0
6,9,191,0,0,0,0,0,0,0,0
6,9,196,0,0,0,0,0,0,0,0
6,9,201,0,0,0,0,0,0,0,0
6,9,206,0,0,0,0,0,0,0,0
6,10,1,0,0,0,0,0,0,0,0
6,10,6,0,0,0,0,0,0,0,0
6,10,11,0,0,0,0,0,0,0,0
6,10,16,0,0,0,0,0,0,0,0
6,10,21,0,0,0,0,0,0,0,0
6,10,26,0,0,0,0,0,0,0,0
6,10,31,0,0,0,0,0,0,0,0
6,10,36,0,0,0,0,0,0,0,0
6,10,41,0,0,0,0,0,0,0,0
6,10,46,0,0,0,0,0,0,0,0
6,10,51,0,0,0,0,0,0,0,0
6,10,56,0,0,0,0,0,0,0,0
6,10,61,0,0,0,0,0,0,0,0
6,10,66,0,0,0,0,0,0,0,0
6,10,71,0,0,0,0,0,0,0,0
6,10,76,0,0,0,0,0,0,0,0
6,10,81,0,0,0,0,0,0,0,0
6,10,86,0,0,0,0,0,0,0,0
6,10,91,0,0,0,0,0,0,0,0
6,10,96,0,0,0,0,0,0,0,0
6,10,101,0,0,0,0,0,0,0,0
6,10,106,0,0,0,0,0,0,0,0
6,10,111,0,0,0,0,0,0,0,0
6,10,116,0,0,0,0,0,0,0,0
6,10,121,0,0,0,0,0,0,0,0
6,10,126,0,0,0,0,0,0,0,0
6,10,131,0,0,0,0,0,0,0,0
6,10,136,0,0,0,0,0,0,0,0
6,10,141,0,0,0,0,0,0,0,0
6,10,146,0,0,0,0,0,0,0,0
6,10,151,0,0,0,0,0,0,0,0
6,10,156,0,0,0,0,0,0,0,0
6,10,161,0,0,0,0,0,0,0,0
6,10,166,0,0,0,0,0,0,0,0
6,10,171,0,0,0,0,0,0,0,0
6,10,176,0,0,0,0,0,0,0,0
6,10,181,0,0,0,0,0,0,0,0
6,10,186,0,0,0,0,0,0,0,0
6,10,191,0,0,0,0,0,0,0,0
6,10,196,0,0,0,0,0,0,0,0
6,10,201,0,0,0,0,0,0,0,0
6,10,206,0,0,0,0,0,0,0,0
6,11,1,0,0,0,0,0,0,0,0
6,11,6,0,0,0,0,0,0,0,0
6,11,11,0,0,0,0,0,0,0,0
6,11,16,0,0,0,0,0,0,0,0
6,11,21,0,0,0,0,0,0,0,0
6,11,26,0,0,0,0,0,0,0,0
6,11,31,0,0,0,0,0,0,0,0
6,11,36,0,0,0,0,0,0,0,0
6,11,41,0,0,0,0,0,0,0,0
6,11,46,0,0,0,0,0,0,0,0
6,11,51,0,0,0,0,0,0,0,0
6,11,56,0,0,0,0,0,0,0,0
6,11,61,0,0,0,0,0,0,0,0
6,11,66,0,0,0,0,0,0,0,0
6,11,71,0,0,0,0,0,0,0,0
6,11,76,0,0,0,0,0,0,0,0
6,11,81,0,0,0,0,0,0,0,0
6,11,86,0,0,0,0,0,0,0,0
6,11,91,0,0,0,0,0,0,0,0
6,11,96,0,0,0,0,0,0,0,0
6,11,101,0,0,0,0,0,0,0,0
6,11,106,0,0,0,0,0,0,0,0
6,11,111,0,0,0,0,0,0,0,0
6,11,116,0,0,0,0,0,0,0,0
6,11,121,0,0,0,0,0,0,0,0
6,11,126,0,0,0,0,0,0,0,0
6,11,131,0,0,0,0,0,0,0,0
6,11,136,0,0,0,0,0,0,0,0
6,11,141,0,0,0,0,0,0,0,0
6,11,146,0,0,0,0,0,0,0,0
6,11,151,0,0,0,0,0,0,0,0
6,11,156,0,0,0,0,0,0,0,0
6,11,161,0,0,0,0,0,0,0,0
6,11,166,0,0,0,0,0,0,0,0
6,11,171,0,0,0,0,0,0,0,0
6,11,176,0,0,0,0,0,0,0,0
6,11,181,0,0,0,0,0,0,0,0
6,11,186,0,0,0,0,0,0,0,0
6,11,191,0,0,0,0,0,0,0,0
6,11,196,0,0,0,0,0,0,0,0
6,11,201,0,0,0,0,0,0,0,0
6,11,206,0,0,0,0,0,0,0,0
6,12,1,1,1,1,1,1,1,1,1
6,12,6,1,1,1,1,1,1,1,1
6,12,11,1,1,1,1,1,1,1,1
6,12,16,1,1,1,1,1,1,1,1
6,12,21,1,1,1,1,1,1,1,1
6,12,26,1,1,1,1,1,1,1,1
6,12,31,1,1,1,1,1,1,1,1
6,12,36,1,1,1,1,1,1,1,1
6,12,41,1,1,1,1,1,1,1,1
6,12,46,1,1,1,1,1,1,1,1
6,12,51,1,1,1,1,1,1,1,1
6,12,56,1,1,1,1,1,1,1,1
6,12,61,1,1,1,1,1,1,1,1
6,12,66,1,1,1,1,1,1,1,1
6,12,71,1,1,1,1,1,1,1,1
6,12,76,1,1,1,1,1,1,1,1
6,12,81,1,1,1,1,1,1,1,1
6,12,86,1,1,1,1,1,1,1,1
6,12,91,1,1,1,1,1,1,1,1
6,12,96,1,1,1,1,1,1,1,1
6,12,101,1,1,1,1,1,1,1,1
6,12,106,1,1,1,1,1,1,1,1
6,12,111,1,1,1,1,1,1,1,1
6,12,116,1,1,1,1,1,1,1,1
6,12,121,1,1,1,1,1,1,1,1
6,12,126,1,1,1,1,1,1,1,1
6,12,131,1,1,1,1,1,1,1,1
6,12,136,1,1,1,1,1,1,1,1
6,12,141,1,1,1,1,1,1,1,1
6,12,146,1,1,1,1,1,1,1,1
6,12,151,1,1,1,1,1,1,1,1
6,12,156,1,1,1,1,1,1,1,1
6,12,161,1,1,1,1,1,1,1,1
6,12,166,1,1,1,1,1,1,1,1
6,12,171,1,1,1,1,1,1,1,1
6,12,176,1,1,1,1,1,1,1,1
6,12,181,1,1,1,1,1,1,1,1
6,12,186,1,1,1,1,1,1,1,1
6,12,191,1,1,1,1,1,1,1,1
6,12,196,1,1,1,1,1,1,1,1
6,12,201,1,1,1,1,1,1,1,1
6,12,206,1,1,1,1,1,1,1,1
6,13,1,0,0,0,0,0,0,0,0
6,13,6,0,0,0,0,0,0,0,0
6,13,11,0,0,0,0,0,0,0,0
6,13,16,0,0,0,0,0,0,0,0
6,13,21,0,0,0,0,0,0,0,0
6,13,26,0,0,0,0,0,0,0,0
6,13,31,0,0,0,0,0,0,0,0
6,13,36,0,0,0,0,0,0,0,0
6,13,41,0,0,0,0,0,0,0,0
6,13,46,0,0,0,0,0,0,0,0
6,13,51,0,0,0,0,0,0,0,0
6,13,56,0,0,0,0,0,0,0,0
6,13,61,0,0,0,0,0,0,0,0
6,13,66,0,0,0,0,0,0,0,0
6,13,71,0,0,0,0,0,0,0,0
6,13,76,0,0,0,0,0,0,0,0
6,13,81,0,0,0,0,0,0,0,0
6,13,86,0,0,0,0,0,0,0,0
6,13,91,0,0,0,0,0,0,0,0
6,13,96,0,0,0,0,0,0,0,0
6,13,101,0,0,0,0,0,0,0,0
6,13,106,0,0,0,0,0,0,0,0
6,13,111,0,0,0,0,0,0,0,0
6,13,116,0,0,0,0,0,0,0,0
6,13,121,0,0,0,0,0,0,0,0
6,13,126,0,0,0,0,0,0,0,0
6,13,131,0,0,0,0,0,0,0,0
6,13,136,0,0,0,0,0,0,0,0
6,13,141,0,0,0,0,0,0,0,0
6,13,146,0,0,0,0,0,0,0,0
6,13,151,0,0,0,0,0,0,0,0
6,13,156,0,0,0,0,0,0,0,0
6,13,161,0,0,0,0,0,0,0,0
6,13,166,0,0,0,0,0,0,0,0
6,13,171,0,0,0,0,0,0,0,0
6,13,176,0,0,0,0,0,0,0,0
6,13,181,0,0,0,0,0,0,0,0
6,13,186,0,0,0,0,0,0,0,0
6,13,191,0,0,0,0,0,0,0,0
6,13,196,0,0,0,0,0,0,0,0
6,13,201,0,0,0,0,0,0,0,0
6,13,206,0,0,0,0,0,0,0,0
6,14,1,0,0,0,0,0,0,0,0
6,14,6,0,0,0,0,0,0,0,0
6,14,11,0,0,0,0,0,0,0,0
6,14,16,0,0,0,0,0,0,0,0
6,14,21,0,0,0,0,0,0,0,0
6,14,26,0,0,0,0,0,0,0,0
6,14,31,0,0,0,0,0,0,0,0
6,14,36,0,0,0,0,0,0,0,0
6,14,41,0,0,0,0,0,0,0,0
6,14,46,0,0,0,0,0,0,0,0
6,14,51,0,0,0,0,0,0,0,0
6,14,56,0,0,0,0,0,0,0,0
6,14,61,0,0,0,0,0,0,0,0
6,14,66,0,0,0,0,0,0,0,0
6,14,71,0,0,0,0,0,0,0,0
6,14,76,0,0,0,0,0,0,0,0
6,14,81,0,0,0,0,0,0,0,0
6,14,86,0,0,0,0,0,0,0,0
6,14,91,0,0,0,0,0,0,0,0
6,14,96,0,0,0,0,0,0,0,0
6,14,101,0,0,0,0,0,0,0,0
6,14,106,0,0,0,0,0,0,0,0
6,14,111,0,0,0,0,0,0,0,0
6,14,116,0,0,0,0,0,0,0,0
6,14,121,0,0,0,0,0,0,0,0
6,14,126,0,0,0,0,0,0,0,0
6,14,131,0,0,0,0,0,0,0,0
6,14,136,0,0,0,0,0,0,0,0
6,14,141,0,0,0,0,0,0,0,0
6,14,146,0,0,0,0,0,0,0,0
6,14,151,0,0,0,0,0,0,0,0
6,14,156,0,0,0,0,0,0,0,0
6,14,161,0,0,0,0,0,0,0,0
6,14,166,0,0,0,0,0,0,0,0
6,14,171,0,0,0,0,0,0,0,0
6,14,176,0,0,0,0,0,0,0,0
6,14,181,0,0,0,0,0,0,0,0
6,14,186,0,0,0,0,0,0,0,0
6,14,191,0,0,0,0,0,0,0,0
6,14,196,0,0,0,0,0,0,0,0
6,14,201,0,0,0,0,0,0,0,0
6,14,206,0,0,0,0,0,0,0,0
6,15,1,0,0,0,0,0,0,0,0
6,15,6,0,0,0,0,0,0,0,0
6,15,11,0,0,0,0,0,0,0,0
6,15,16,0,0,0,0,0,0,0,0
6,15,21,0,0,0,0,0,0,0,0
6,15,26,0,0,0,0,0,0,0,0
6,15,31,0,0,0,0,0,0,0,0
6,15,36,0,0,0,0,0,0,0,0
6,15,41,0,0,0,0,0,0,0,0
6,15,46,0,0,0,0,0,0,0,0
6,15,51,0,0,0,0,0,0,0,0
6,15,56,0,0,0,0,0,0,0,0
6,15,61,0,0,0,0,0,0,0,0
6,15,66,0,0,0,0,0,0,0,0
6,15,71,0,0,0,0,0,0,0,0
6,15,76,0,0,0,0,0,0,0,0
6,15,81,0,0,0,0,0,0,0,0
6,15,86,0,0,0,0,0,0,0,0
6,15,91,0,0,0,0,0,0,0,0
6,15,96,0,0,0,0,0,0,0,0
6,15,101,0,0,0,0,0,0,0,0
6,15,106,0,0,0,0,0,0,0,0
6,15,111,0,0,0,0,0,0,0,0
6,15,116,0,0,0,0,0,0,0,0
6,15,121,0,0,0,0,0,0,0,0
6,15,126,0,0,0,0,0,0,0,0
6,15,131,0,0,0,0,0,0,0,0
6,15,136,0,0,0,0,0,0,0,0
6,15,141,0,0,0,0,0,0,0,0
6,15,146,0,0,0,0,0,0,0,0
6,15,151,0,0,0,0,0,0,0,0
6,15,156,0,0,0,0,0,0,0,0
6,15,161,0,0,0,0,0,0,0,0
6,15,166,0,0,0,0,0,0,0,0
6,15,171,0,0,0,0,0,0,0,0
6,15,176,0,0,0,0,0,0,0,0
6,15,181,0,0,0,0,0,0,0,0
6,15,186,0,0,0,0,0,0,0,0
6,15,191,0,0,0,0,0,0,0,0
6,15,196,0,0,0,0,0,0,0,0
6,15,201,0,0,0,0,0,0,0,0
6,15,206,0,0,0,0,0,0,0,0
6,16,1,0,0,0,0,0,0,0,0
6,16,6,0,0,0,0,0,0,0,0
6,16,11,0,0,0,0,0,0,0,0
6,16,16,0,0,0,0,0,0,0,0
6,16,21,0,0,0,0,0,0,0,0
6,16,26,0,0,0,0,0,0,0,0
6,16,31,0,0,0,0,0,0,0,0
6,16,36,0,0,0,0,0,0,0,0
6,16,41,0,0,0,0,0,0,0,0
6,16,46,0,0,0,0,0,0,0,0
6,16,51,0,0,0,0,0,0,0,0
6,16,56,0,0,0,0,0,0,0,0
6,16,61,0,0,0,0,0,0,0,0
6,16,66,0,0,0,0,0,0,0,0
6,16,71,0,0,0,0,0,0,0,0
6,16,76,0,0,0,0,0,0,0,0
6,16,81,0,0,0,0,0,0,0,0
6,16,86,0,0,0,0,0,0,0,0
6,16,91,0,0,0,0,0,0,0,0
6,16,96,0,0,0,0,0,0,0,0
6,16,101,0,0,0,0,0,0,0,0
6,16,106,0,0,0,0,0,0,0,0
6,16,111,0,0,0,0,0,0,0,0
6,16,116,0,0,0,0,0,0,0,0
6,16,121,0,0,0,0,0,0,0,0
6,16,126,0,0,0,0,0,0,0,0
6,16,131,0,0,0,0,0,0,0,0
6,16,136,0,0,0,0,0,0,0,0
6,16,141,0,0,0,0,0,0,0,0
6,16,146,0,0,0,0,0,0,0,0
6,16,151,0,0,0,0,0,0,0,0
6,16,156,0,0,0,0,0,0,0,0
6,16,161,0,0,0,0,0,0,0,0
6,16,166,0,0,0,0,0,0,0,0
6,16,171,0,0,0,0,0,0,0,0
6,16,176,0,0,0,0,0,0,0,0
6,16,181,0,0,0,0,0,0,0,0
6,16,186,0,0,0,0,0,0,0,0
6,16,191,0,0,0,0,0,0,0,0
6,16,196,0,0,0,0,0,0,0,0
6,16,201,0,0,0,0,0,0,0,0
6,16,206,0,0,0,0,0,0,0,0
6,17,1,0,0,0,0,0,0,0,0
6,17,6,0,0,0,0,0,0,0,0
6,17,11,0,0,0,0,0,0,0,0
6,17,16,0,0,0,0,0,0,0,0
6,17,21,0,0,0,0,0,0,0,0
6,17,26,0,0,0,0,0,0,0,0
6,17,31,0,0,0,0,0,0,0,0
6,17,36,0,0,0,0,0,0,0,0
6,17,41,0,0,0,0,0,0,0,0
6,17,46,0,0,0,0,0,0,0,0
6,17,51,0,0,0,0,0,0,0,0
6,17,56,0,0,0,0,0,0,0,0
6,17,61,0,0,0,0,0,0,0,0
6,17,66,0,0,0,0,0,0,0,0
6,17,71,0,0,0,0,0,0,0,0
6,17,76,0,0,0,0,0,0,0,0
6,17,81,0,0,0,0,0,0,0,0
6,17,86,0,0,0,0,0,0,0,0
6,17,91,0,0,0,0,0,0,0,0
6,17,96,0,0,0,0,0,0,0,0
6,17,101,0,0,0,0,0,0,0,0
6,17,106,0,0,0,0,0,0,0,0
6,17,111,0,0,0,0,0,0,0,0
6,17,116,0,0,0,0,0,0,0,0
6,17,121,0,0,0,0,0,0,0,0
6,17,126,0,0,0,0,0,0,0,0
6,17,131,0,0,0,0,0,0,0,0
6,17,136,0,0,0,0,0,0,0,0
6,17,141,0,0,0,0,0,0,0,0
6,17,146,0,0,0,0,0,0,0,0
6,17,151,0,0,0,0,0,0,0,0
6,17,156,0,0,0,0,0,0,0,0
6,17,161,0,0,0,0,0,0,0,0
6,17,166,0,0,0,0,0,0,0,0
6,17,171,0,0,0,0,0,0,0,0
6,17,176,0,0,0,0,0,0,0,0
6,17,181,0,0,0,0,0,0,0,0
6,17,186,0,0,0,0,0,0,0,0
6,17,191,0,0,0,0,0,0,0,0
6,17,196,0,0,0,0,0,0,0,0
6,17,201,0,0,0,0,0,0,0,0
6,17,206,0,0,0,0,0,0,0,0
6,18,1,0,0,0,0,0,0,0,0
6,18,6,0,0,0,0,0,0,0,0
6,18,11,0,0,0,0,0,0,0,0
6,18,16,0,0,0,0,0,0,0,0
6,18,21,0,0,0,0,0,0,0,0
6,18,26,0,0,0,0,0,0,0,0
6,18,31,0,0,0,0,0,0,0,0
6,18,36,0,0,0,0,0,0,0,0
6,18,41,0,0,0,0,0,0,0,0
6,18,46,0,0,0,0,0,0,0,0
6,18,51,0,0,0,0,0,0,0,0
6,18,56,0,0,0,0,0,0,0,0
6,18,61,0,0,0,0,0,0,0,0
6,18,66,0,0,0,0,0,0,0,0
6,18,71,0,0,0,0,0,0,0,0
6,18,76,0,0,0,0,0,0,0,0
6,18,81,0,0,0,0,0,0,0,0
6,18,86,0,0,0,0,0,0,0,0
6,18,91,0,0,0,0,0,0,0,0
6,18,96,0,0,0,0,0,0,0,0
6,18,101,0,0,0,0,0,0,0,0
6,18,106,0,0,0,0,0,0,0,0
6,18,111,0,0,0,0,0,0,0,0
6,18,116,0,0,0,0,0,0,0,0
6,18,121,0,0,0,0,0,0,0,0
6,18,126,0,0,0,0,0,0,0,0
6,18,131,0,0,0,0,0,0,0,0
6,18,136,0,0,0,0,0,0,0,0
6,18,141,0,0,0,0,0,0,0,0
6,18,146,0,0,0,0,0,0,0,0
6,18,151,0,0,0,0,0,0,0,0
6,18,156,0,0,0,0,0,0,0,0
6,18,161,0,0,0,0,0,0,0,0
6,18,166,0,0,0,0,0,0,0,0
6,18,171,0,0,0,0,0,0,0,0
6,18,176,0,0,0,0,0,0,0,0
6,18,181,0,0,0,0,0,0,0,0
6,18,186,0,0,0,0,0,0,0,0
6,18,191,0,0,0,0,0,0,0,0
6,18,196,0,0,0,0,0,0,0,0
6,18,201,0,0,0,0,0,0,0,0
6,18,206,0,0,0,0,0,0,0,0
6,19,1,0,0,0,0,0,0,0,0
6,19,6,0,0,0,0,0,0,0,0
6,19,11,0,0,0,0,0,0,0,0
6,19,16,0,0,0,0,0,0,0,0
6,19,21,0,0,0,0,0,0,0,0
6,19,26,0,0,0,0,0,0,0,0
6,19,31,0,0,0,0,0,0,0,0
6,19,36,0,0,0,0,0,0,0,0
6,19,41,0,0,0,0,0,0,0,0
6,19,46,0,0,0,0,0,0,0,0
6,19,51,0,0,0,0,0,0,0,0
6,19,56,0,0,0,0,0,0,0,0
6,19,61,0,0,0,0,0,0,0,0
6,19,66,0,0,0,0,0,0,0,0
6,19,71,0,0,0,0,0,0,0,0
6,19,76,0,0,0,0,0,0,0,0
6,19,81,0,0,0,0,0,0,0,0
6,19,86,0,0,0,0,0,0,0,0
6,19,91,0,0,0,0,0,0,0,0
6,19,96,0,0,0,0,0,0,0,0
6,19,101,0,0,0,0,0,0,0,0
6,19,106,0,0,0,0,0,0,0,0
6,19,111,0,0,0,0,0,0,0,0
6,19,116,0,0,0,0,0,0,0,0
6,19,121,0,0,0,0,0,0,0,0
6,19,126,0,0,0,0,0,0,0,0
6,19,131,0,0,0,0,0,0,0,0
6,19,136,0,0,0,0,0,0,0,0
6,19,141,0,0,0,0,0,0,0,0
6,19,146,0,0,0,0,0,0,0,0
6,19,151,0,0,0,0,0,0,0,0
6,19,156,0,0,0,0,0,0,0,0
6,19,161,0,0,0,0,0,0,0,0
6,19,166,0,0,0,0,0,0,0,0
6,19,171,0,0,0,0,0,0,0,0
6,19,176,0,0,0,0,0,0,0,0
6,19,181,0,0,0,0,0,0,0,0
6,19,186,0,0,0,0,0,0,0,0
6,19,191,0,0,0,0,0,0,0,0
6,19,196,0,0,0,0,0,0,0,0
6,19,201,0,0,0,0,0,0,0,0
6,19,206,0,0,0,0,0,0,0,0
6,20,1,0,0,0,0,0,0,0,0
6,20,6,0,0,0,0,0,0,0,0
6,20,11,0,0,0,0,0,0,0,0
6,20,16,0,0,0,0,0,0,0,0
6,20,21,0,0,0,0,0,0,0,0
6,20,26,0,0,0,0,0,0,0,0
6,20,31,0,0,0,0,0,0,0,0
6,20,36,0,0,0,0,0,0,0,0
6,20,41,0,0,0,0,0,0,0,0
6,20,46,0,0,0,0,0,0,0,0
6,20,51,0,0,0,0,0,0,0,0
6,20,56,0,0,0,0,0,0,0,0
6,20,61,0,0,0,0,0,0,0,0
6,20,66,0,0,0,0,0,0,0,0
6,20,71,0,0,0,0,0,0,0,0
6,20,76,0,0,0,0,0,0,0,0
6,20,81,0,0,0,0,0,0,0,0
6,20,86,0,0,0,0,0,0,0,0
6,20,91,0,0,0,0,0,0,0,0
6,20,96,0,0,0,0,0,0,0,0
6,20,101,0,0,0,0,0,0,0,0
6,20,106,0,0,0,0,0,0,0,0
6,20,111,0,0,0,0,0,0,0,0
6,20,116,0,0,0,0,0,0,0,0
6,20,121,0,0,0,0,0,0,0,0
6,20,126,0,0,0,0,0,0,0,0
6,20,131,0,0,0,0,0,0,0,0
6,20,136,0,0,0,0,0,0,0,0
6,20,141,0,0,0,0,0,0,0,0
6,20,146,0,0,0,0,0,0,0,0
6,20,151,0,0,0,0,0,0,0,0
6,20,156,0,0,0,0,0,0,0,0
6,20,161,0,0,0,0,0,0,0,0
6,20,166,0,0,0,0,0,0,0,0
6,20,171,0,0,0,0,0,0,0,0
6,20,176,0,0,0,0,0,0,0,0
6,20,181,0,0,0,0,0,0,0,0
6,20,186,0,0,0,0,0,0,0,0
6,20,191,0,0,0,0,0,0,0,0
6,20,196,0,0,0,0,0,0,0,0
6,20,201,0,0,0,0,0,0,0,0
6,20,206,0,0,0,0,0,0,0,0
6,21,1,0,0,0,0,0,0,0,0
6,21,6,0,0,0,0,0,0,0,0
6,21,11,0,0,0,0,0,0,0,0
6,21,16,0,0,0,0,0,0,0,0
6,21,21,0,0,0,0,0,0,0,0
6,21,26,0,0,0,0,0,0,0,0
6,21,31,0,0,0,0,0,0,0,0
6,21,36,0,0,0,0,0,0,0,0
6,21,41,0,0,0,0,0,0,0,0
6,21,46,0,0,0,0,0,0,0,0
6,21,51,0,0,0,0,0,0,0,0
6,21,56,0,0,0,0,0,0,0,0
6,21,61,0,0,0,0,0,0,0,0
6,21,66,0,0,0,0,0,0,0,0
6,21,71,0,0,0,0,0,0,0,0
6,21,76,0,0,0,0,0,0,0,0
6,21,81,0,0,0,0,0,0,0,0
6,21,86,0,0,0,0,0,0,0,0
6,21,91,0,0,0,0,0,0,0,0
6,21,96,0,0,0,0,0,0,0,0
6,21,101,0,0,0,0,0,0,0,0
6,21,106,0,0,0,0,0,0,0,0
6,21,111,0,0,0,0,0,0,0,0
6,21,116,0,0,0,0,0,0,0,0
6,21,121,0,0,0,0,0,0,0,0
6,21,126,0,0,0,0,0,0,0,0
6,21,131,0,0,0,0,0,0,0,0
6,21,136,0,0,0,0,0,0,0,0
6,21,141,0,0,0,0,0,0,0,0
6,21,146,0,0,0,0,0,0,0,0
6,21,151,0,0,0,0,0,0,0,0
6,21,156,0,0,0,0,0,0,0,0
6,21,161,0,0,0,0,0,0,0,0
6,21,166,0,0,0,0,0,0,0,0
6,21,171,0,0,0,0,0,0,0,0
6,21,176,0,0,0,0,0,0,0,0
6,21,181,0,0,0,0,0,0,0,0
6,21,186,0,0,0,0,0,0,0,0
6,21,191,0,0,0,0,0,0,0,0
6,21,196,0,0,0,0,0,0,0,0
6,21,201,0,0,0,0,0,0,0,0
6,21,206,0,0,0,0,0,0,0,0
6,22,1,0,0,0,0,0,0,0,0
6,22,6,0,0,0,0,0,0,0,0
6,22,11,0,0,0,0,0,0,0,0
6,22,16,0,0,0,0,0,0,0,0
6,22,21,0,0,0,0,0,0,0,0
6,22,26,0,0,0,0,0,0,0,0
6,22,31,0,0,0,0,0,0,0,0
6,22,36,0,0,0,0,0,0,0,0
6,22,41,0,0,0,0,0,0,0,0
6,22,46,0,0,0,0,0,0,0,0
6,22,51,0,0,0,0,0,0,0,0
6,22,56,0,0,0,0,0,0,0,0
6,22,61,0,0,0,0,0,0,0,0
6,22,66,0,0,0,0,0,0,0,0
6,22,71,0,0,0,0,0,0,0,0
6,22,76,0,0,0,0,0,0,0,0
6,22,81,0,0,0,0,0,0,0,0
6,22,86,0,0,0,0,0,0,0,0
6,22,91,0,0,0,0,0,0,0,0
6,22,96,0,0,0,0,0,0,0,0
6,22,101,0,0,0,0,0,0,0,0
6,22,106,0,0,0,0,0,0,0,0
6,22,111,0,0,0,0,0,0,0,0
6,22,116,0,0,0,0,0,0,0,0
6,22,121,0,0,0,0,0,0,0,0
6,22,126,0,0,0,0,0,0,0,0
6,22,131,0,0,0,0,0,0,0,0
6,22,136,0,0,0,0,0,0,0,0
6,22,141,0,0,0,0,0,0,0,0
6,22,146,0,0,0,0,0,0,0,0
6,22,151,0,0,0,0,0,0,0,0
6,22,156,0,0,0,0,0,0,0,0
6,22,161,0,0,0,0,0,0,0,0
6,22,166,0,0,0,0,0,0,0,0
6,22,171,0,0,0,0,0,0,0,0
6,22,176,0,0,0,0,0,0,0,0
6,22,181,0,0,0,0,0,0,0,0
6,22,186,0,0,0,0,0,0,0,0
6,22,191,0,0,0,0,0,0,0,0
6,22,196,0,0,0,0,0,0,0,0
6,22,201,0,0,0,0,0,0,0,0
6,22,206,0,0,0,0,0,0,0,0
6,23,1,0,0,0,0,0,0,0,0
6,23,6,0,0,0,0,0,0,0,0
6,23,11,0,0,0,0,0,0,0,0
6,23,16,0,0,0,0,0,0,0,0
6,23,21,0,0,0,0,0,0,0,0
6,23,26,0,0,0,0,0,0,0,0
6,23,31,0,0,0,0,0,0,0,0
6,23,36,0,0,0,0,0,0,0,0
6,23,41,0,0,0,0,0,0,0,0
6,23,46,0,0,0,0,0,0,0,0
6,23,51,0,0,0,0,0,0,0,0
6,23,56,0,0,0,0,0,0,0,0
6,23,61,0,0,0,0,0,0,0,0
6,23,66,0,0,0,0,0,0,0,0
6,23,71,0,0,0,0,0,0,0,0
6,23,76,0,0,0,0,0,0,0,0
6,23,81,0,0,0,0,0,0,0,0
6,23,86,0,0,0,0,0,0,0,0
6,23,91,0,0,0,0,0,0,0,0
6,23,96,0,0,0,0,0,0,0,0
6,23,101,0,0,0,0,0,0,0,0
6,23,106,0,0,0,0,0,0,0,0
6,23,111,0,0,0,0,0,0,0,0
6,23,116,0,0,0,0,0,0,0,0
6,23,121,0,0,0,0,0,0,0,0
6,23,126,0,0,0,0,0,0,0,0
6,23,131,0,0,0,0,0,0,0,0
6,23,136,0,0,0,0,0,0,0,0
6,23,141,0,0,0,0,0,0,0,0
6,23,146,0,0,0,0,0,0,0,0
6,23,151,0,0,0,0,0,0,0,0
6,23,156,0,0,0,0,0,0,0,0
6,23,161,0,0,0,0,0,0,0,0
6,23,166,0,0,0,0,0,0,0,0
6,23,171,0,0,0,0,0,0,0,0
6,23,176,0,0,0,0,0,0,0,0
6,23,181,0,0,0,0,0,0,0,0
6,23,186,0,0,0,0,0,0,0,0
6,23,191,0,0,0,0,0,0,0,0
6,23,196,0,0,0,0,0,0,0,0
6,23,201,0,0,0,0,0,0,0,0
6,23,206,0,0,0,0,0,0,0,0
6,24,1,0,0,0,0,0,0,0,0
6,24,6,0,0,0,0,0,0,0,0
6,24,11,0,0,0,0,0,0,0,0
6,24,16,0,0,0,0,0,0,0,0
6,24,21,0,0,0,0,0,0,0,0
6,24,26,0,0,0,0,0,0,0,0
6,24,31,0,0,0,0,0,0,0,0
6,24,36,0,0,0,0,0,0,0,0
6,24,41,0,0,0,0,0,0,0,0
6,24,46,0,0,0,0,0,0,0,0
6,24,51,0,0,0,0,0,0,0,0
6,24,56,0,0,0,0,0,0,0,0
6,24,61,0,0,0,0,0,0,0,0
6,24,66,0,0,0,0,0,0,0,0
6,24,71,0,0,0,0,0,0,0,0
6,24,76,0,0,0,0,0,0,0,0
6,24,81,0,0,0,0,0,0,0,0
6,24,86,0,0,0,0,0,0,0,0
6,24,91,0,0,0,0,0,0,0,0
6,24,96,0,0,0,0,0,0,0,0
6,24,101,0,0,0,0,0,0,0,0
6,24,106,0,0,0,0,0,0,0,0
6,24,111,0,0,0,0,0,0,0,0
6,24,116,0,0,0,0,0,0,0,0
6,24,121,0,0,0,0,0,0,0,0
6,24,126,0,0,0,0,0,0,0,0
6,24,131,0,0,0,0,0,0,0,0
6,24,136,0,0,0,0,0,0,0,0
6,24,141,0,0,0,0,0,0,0,0
6,24,146,0,0,0,0,0,0,0,0
6,24,151,0,0,0,0,0,0,0,0
6,24,156,0,0,0,0,0,0,0,0
6,24,161,0,0,0,0,0,0,0,0
6,24,166,0,0,0,0,0,0,0,0
6,24,171,0,0,0,0,0,0,0,0
6,24,176,0,0,0,0,0,0,0,0
6,24,181,0,0,0,0,0,0,0,0
6,24,186,0,0,0,0,0,0,0,0
6,24,191,0,0,0,0,0,0,0,0
6,24,196,0,0,0,0,0,0,0,0
6,24,201,0,0,0,0,0,0,0,0
6,24,206,0,0,0,0,0,0,0,0
6,25,1,0,0,0,0,0,0,0,0
6,25,6,0,0,0,0,0,0,0,0
6,25,11,0,0,0,0,0,0,0,0
6,25,16,0,0,0,0,0,0,0,0
6,25,21,0,0,0,0,0,0,0,0
6,25,26,0,0,0,0,0,0,0,0
6,25,31,0,0,0,0,0,0,0,0
6,25,36,0,0,0,0,0,0,0,0
6,25,41,0,0,0,0,0,0,0,0
6,25,46,0,0,0,0,0,0,0,0
6,25,51,0,0,0,0,0,0,0,0
6,25,56,0,0,0,0,0,0,0,0
6,25,61,0,0,0,0,0,0,0,0
6,25,66,0,0,0,0,0,0,0,0
6,25,71,0,0,0,0,0,0,0,0
6,25,76,0,0,0,0,0,0,0,0
6,25,81,0,0,0,0,0,0,0,0
6,25,86,0,0,0,0,0,0,0,0
6,25,91,0,0,0,0,0,0,0,0
6,25,96,0,0,0,0,0,0,0,0
6,25,101,0,0,0,0,0,0,0,0
6,25,106,0,0,0,0,0,0,0,0
6,25,111,0,0,0,0,0,0,0,0
6,25,116,0,0,0,0,0,0,0,0
6,25,121,0,0,0,0,0,0,0,0
6,25,126,0,0,0,0,0,0,0,0
6,25,131,0,0,0,0,0,0,0,0
6,25,136,0,0,0,0,0,0,0,0
6,25,141,0,0,0,0,0,0,0,0
6,25,146,0,0,0,0,0,0,0,0
6,25,151,0,0,0,0,0,0,0,0
6,25,156,0,0,0,0,0,0,0,0
6,25,161,0,0,0,0,0,0,0,0
6,25,166,0,0,0,0,0,0,0,0
6,25,171,0,0,0,0,0,0,0,0
6,25,176,0,0,0,0,0,0,0,0
6,25,181,0,0,0,0,0,0,0,0
6,25,186,0,0,0,0,0,0,0,0
6,25,191,0,0,0,0,0,0,0,0
6,25,196,0,0,0,0,0,0,0,0
6,25,201,0,0,0,0,0,0,0,0
6,25,206,0,0,0,0,0,0,0,0
6,26,1,0,0,0,0,0,0,0,0
6,26,6,0,0,0,0,0,0,0,0
6,26,11,0,0,0,0,0,0,0,0
6,26,16,0,0,0,0,0,0,0,0
6,26,21,0,0,0,0,0,0,0,0
6,26,26,0,0,0,0,0,0,0,0
6,26,31,0,0,0,0,0,0,0,0
6,26,36,0,0,0,0,0,0,0,0
6,26,41,0,0,0,0,0,0,0,0
6,26,46,0,0,0,0,0,0,0,0
6,26,51,0,0,0,0,0,0,0,0
6,26,56,0,0,0,0,0,0,0,0
6,26,61,0,0,0,0,0,0,0,0
6,26,66,0,0,0,0,0,0,0,0
6,26,71,0,0,0,0,0,0,0,0
6,26,76,0,0,0,0,0,0,0,0
6,26,81,0,0,0,0,0,0,0,0
6,26,86,0,0,0,0,0,0,0,0
6,26,91,0,0,0,0,0,0,0,0
6,26,96,0,0,0,0,0,0,0,0
6,26,101,0,0,0,0,0,0,0,0
6,26,106,0,0,0,0,0,0,0,0
6,26,111,0,0,0,0,0,0,0,0
6,26,116,0,0,0,0,0,0,0,0
6,26,121,0,0,0,0,0,0,0,0
6,26,126,0,0,0,0,0,0,0,0
6,26,131,0,0,0,0,0,0,0,0
6,26,136,0,0,0,0,0,0,0,0
6,26,141,0,0,0,0,0,0,0,0
6,26,146,0,0,0,0,0,0,0,0
6,26,151,0,0,0,0,0,0,0,0
6,26,156,0,0,0,0,0,0,0,0
6,26,161,0,0,0,0,0,0,0,0
6,26,166,0,0,0,0,0,0,0,0
6,26,171,0,0,0,0,0,0,0,0
6,26,176,0,0,0,0,0,0,0,0
6,26,181,0,0,0,0,0,0,0,0
6,26,186,0,0,0,0,0,0,0,0
6,26,191,0,0,0,0,0,0,0,0
6,26,196,0,0,0,0,0,0,0,0
6,26,201,0,0,0,0,0,0,0,0
6,26,206,0,0,0,0,0,0,0,0
6,27,1,0,0,0,0,0,0,0,0
6,27,6,0,0,0,0,0,0,0,0
6,27,11,0,0,0,0,0,0,0,0
6,27,16,0,0,0,0,0,0,0,0
6,27,21,0,0,0,0,0,0,0,0
6,27,26,0,0,0,0,0,0,0,0
6,27,31,0,0,0,0,0,0,0,0
6,27,36,0,0,0,0,0,0,0,0
6,27,41,0,0,0,0,0,0,0,0
6,27,46,0,0,0,0,0,0,0,0
6,27,51,0,0,0,0,0,0,0,0
6,27,56,0,0,0,0,0,0,0,0
6,27,61,0,0,0,0,0,0,0,0
6,27,66,0,0,0,0,0,0,0,0
6,27,71,0,0,0,0,0,0,0,0
6,27,76,0,0,0,0,0,0,0,0
6,27,81,0,0,0,0,0,0,0,0
6,27,86,0,0,0,0,0,0,0,0
6,27,91,0,0,0,0,0,0,0,0
6,27,96,0,0,0,0,0,0,0,0
6,27,101,0,0,0,0,0,0,0,0
6,27,106,0,0,0,0,0,0,0,0
6,27,111,0,0,0,0,0,0,0,0
6,27,116,0,0,0,0,0,0,0,0
6,27,121,0,0,0,0,0,0,0,0
6,27,126,0,0,0,0,0,0,0,0
6,27,131,0,0,0,0,0,0,0,0
6,27,136,0,0,0,0,0,0,0,0
6,27,141,0,0,0,0,0,0,0,0
6,27,146,0,0,0,0,0,0,0,0
6,27,151,0,0,0,0,0,0,0,0
6,27,156,0,0,0,0,0,0,0,0
6,27,161,0,0,0,0,0,0,0,0
6,27,166,0,0,0,0,0,0,0,0
6,27,171,0,0,0,0,0,0,0,0
6,27,176,0,0,0,0,0,0,0,0
6,27,181,0,0,0,0,0,0,0,0
6,27,186,0,0,0,0,0,0,0,0
6,27,191,0,0,0,0,0,0,0,0
6,27,196,0,0,0,0,0,0,0,0
6,27,201,0,0,0,0,0,0,0,0
6,27,206,0,0,0,0,0,0,0,0
6,28,1,0,0,0,0,0,0,0,0
6,28,6,0,0,0,0,0,0,0,0
6,28,11,0,0,0,0,0,0,0,0
6,28,16,0,0,0,0,0,0,0,0
6,28,21,0,0,0,0,0,0,0,0
6,28,26,0,0,0,0,0,0,0,0
6,28,31,0,0,0,0,0,0,0,0
6,28,36,0,0,0,0,0,0,0,0
6,28,41,0,0,0,0,0,0,0,0
6,28,46,0,0,0,0,0,0,0,0
6,28,51,0,0,0,0,0,0,0,0
6,28,56,0,0,0,0,0,0,0,0
6,28,61,0,0,0,0,0,0,0,0
6,28,66,0,0,0,0,0,0,0,0
6,28,71,0,0,0,0,0,0,0,0
6,28,76,0,0,0,0,0,0,0,0
6,28,81,0,0,0,0,0,0,0,0
6,28,86,0,0,0,0,0,0,0,0
6,28,91,0,0,0,0,0,0,0,0
6,28,96,0,0,0,0,0,0,0,0
6,28,101,0,0,0,0,0,0,0,0
6,28,106,0,0,0,0,0,0,0,0
6,28,111,0,0,0,0,0,0,0,0
6,28,116,0,0,0,0,0,0,0,0
6,28,121,0,0,0,0,0,0,0,0
6,28,126,0,0,0,0,0,0,0,0
6,28,131,0,0,0,0,0,0,0,0
6,28,136,0,0,0,0,0,0,0,0
6,28,141,0,0,0,0,0,0,0,0
6,28,146,0,0,0,0,0,0,0,0
6,28,151,0,0,0,0,0,0,0,0
6,28,156,0,0,0,0,0,0,0,0
6,28,161,0,0,0,0,0,0,0,0
6,28,166,0,0,0,0,0,0,0,0
6,28,171,0,0,0,0,0,0,0,0
6,28,176,0,0,0,0,0,0,0,0
6,28,181,0,0,0,0,0,0,0,0
6,28,186,0,0,0,0,0,0,0,0
6,28,191,0,0,0,0,0,0,0,0
6,28,196,0,0,0,0,0,0,0,0
6,28,201,0,0,0,0,0,0,0,0
6,28,206,0,0,0,0,0,0,0,0
6,29,1,0,0,0,0,0,0,0,0
6,29,6,0,0,0,0,0,0,0,0
6,29,11,0,0,0,0,0,0,0,0
6,29,16,0,0,0,0,0,0,0,0
6,29,21,0,0,0,0,0,0,0,0
6,29,26,0,0,0,0,0,0,0,0
6,29,31,0,0,0,0,0,0,0,0
6,29,36,0,0,0,0,0,0,0,0
6,29,41,0,0,0,0,0,0,0,0
6,29,46,0,0,0,0,0,0,0,0
6,29,51,0,0,0,0,0,0,0,0
6,29,56,0,0,0,0,0,0,0,0
6,29,61,0,0,0,0,0,0,0,0
6,29,66,0,0,0,0,0,0,0,0
6,29,71,0,0,0,0,0,0,0,0
6,29,76,0,0,0,0,0,0,0,0
6,29,81,0,0,0,0,0,0,0,0
6,29,86,0,0,0,0,0,0,0,0
6,29,91,0,0,0,0,0,0,0,0
6,29,96,0,0,0,0,0,0,0,0
6,29,101,0,0,0,0,0,0,0,0
6,29,106,0,0,0,0,0,0,0,0
6,29,111,0,0,0,0,0,0,0,0
6,29,116,0,0,0,0,0,0,0,0
6,29,121,0,0,0,0,0,0,0,0
6,29,126,0,0,0,0,0,0,0,0
6,29,131,0,0,0,0,0,0,0,0
6,29,136,0,0,0,0,0,0,0,0
6,29,141,0,0,0,0,0,0,0,0
6,29,146,0,0,0,0,0,0,0,0
6,29,151,0,0,0,0,0,0,0,0
6,29,156,0,0,0,0,0,0,0,0
6,29,161,0,0,0,0,0,0,0,0
6,29,166,0,0,0,0,0,0,0,0
6,29,171,0,0,0,0,0,0,0,0
6,29,176,0,0,0,0,0,0,0,0
6,29,181,0,0,0,0,0,0,0,0
6,29,186,0,0,0,0,0,0,0,0
6,29,191,0,0,0,0,0,0,0,0
6,29,196,0,0,0,0,0,0,0,0
6,29,201,0,0,0,0,0,0,0,0
6,29,206,0,0,0,0,0,0,0,0
6,30,1,0,0,0,0,0,0,0,0
6,30,6,0,0,0,0,0,0,0,0
6,30,11,0,0,0,0,0,0,0,0
6,30,16,0,0,0,0,0,0,0,0
6,30,21,0,0,0,0,0,0,0,0
6,30,26,0,0,0,0,0,0,0,0
6,30,31,0,0,0,0,0,0,0,0
6,30,36,0,0,0,0,0,0,0,0
6,30,41,0,0,0,0,0,0,0,0
6,30,46,0,0,0,0,0,0,0,0
6,30,51,0,0,0,0,0,0,0,0
6,30,56,0,0,0,0,0,0,0,0
6,30,61,0,0,0,0,0,0,0,0
6,30,66,0,0,0,0,0,0,0,0
6,30,71,0,0,0,0,0,0,0,0
6,30,76,0,0,0,0,0,0,0,0
6,30,81,0,0,0,0,0,0,0,0
6,30,86,0,0,0,0,0,0,0,0
6,30,91,0,0,0,0,0,0,0,0
6,30,96,0,0,0,0,0,0,0,0
6,30,101,0,0,0,0,0,0,0,0
6,30,106,0,0,0,0,0,0,0,0
6,30,111,0,0,0,0,0,0,0,0
6,30,116,0,0,0,0,0,0,0,0
6,30,121,0,0,0,0,0,0,0,0
6,30,126,0,0,0,0,0,0,0,0
6,30,131,0,0,0,0,0,0,0,0
6,30,136,0,0,0,0,0,0,0,0
6,30,141,0,0,0,0,0,0,0,0
6,30,146,0,0,0,0,0,0,0,0
6,30,151,0,0,0,0,0,0,0,0
6,30,156,0,0,0,0,0,0,0,0
6,30,161,0,0,0,0,0,0,0,0
6,30,166,0,0,0,0,0,0,0,0
6,30,171,0,0,0,0,0,0,0,0
6,30,176,0,0,0,0,0,0,0,0
6,30,181,0,0,0,0,0,0,0,0
6,30,186,0,0,0,0,0,0,0,0
6,30,191,0,0,0,0,0,0,0,0
6,30,196,0,0,0,0,0,0,0,0
6,30,201,0,0,0,0,0,0,0,0
6,30,206,0,0,0,0,0,0,0,0
6,31,1,0,0,0,0,0,0,0,0
6,31,6,0,0,0,0,0,0,0,0
6,31,11,0,0,0,0,0,0,0,0
6,31,16,0,0,0,0,0,0,0,0
6,31,21,0,0,0,0,0,0,0,0
6,31,26,0,0,0,0,0,0,0,0
6,31,31,0,0,0,0,0,0,0,0
6,31,36,0,0,0,0,0,0,0,0
6,31,41,0,0,0,0,0,0,0,0
6,31,46,0,0,0,0,0,0,0,0
6,31,51,0,0,0,0,0,0,0,0
6,31,56,0,0,0,0,0,0,0,0
6,31,61,0,0,0,0,0,0,0,0
6,31,66,0,0,0,0,0,0,0,0
6,31,71,0,0,0,0,0,0,0,0
6,31,76,0,0,0,0,0,0,0,0
6,31,81,0,0,0,0,0,0,0,0
6,31,86,0,0,0,0,0,0,0,0
6,31,91,0,0,0,0,0,0,0,0
6,31,96,0,0,0,0,0,0,0,0
6,31,101,0,0,0,0,0,0,0,0
6,31,106,0,0,0,0,0,0,0,0
6,31,111,0,0,0,0,0,0,0,0
6,31,116,0,0,0,0,0,0,0,0
6,31,121,0,0,0,0,0,0,0,0
6,31,126,0,0,0,0,0,0,0,0
6,31,131,0,0,0,0,0,0,0,0
6,31,136,0,0,0,0,0,0,0,0
6,31,141,0,0,0,0,0,0,0,0
6,31,146,0,0,0,0,0,0,0,0
6,31,151,0,0,0,0,0,0,0,0
6,31,156,0,0,0,0,0,0,0,0
6,31,161,0,0,0,0,0,0,0,0
6,31,166,0,0,0,0,0,0,0,0
6,31,171,0,0,0,0,0,0,0,0
6,31,176,0,0,0,0,0,0,0,0
6,31,181,0,0,0,0,0,0,0,0
6,31,186,0,0,0,0,0,0,0,0
6,31,191,0,0,0,0,0,0,0,0
6,31,196,0,0,0,0,0,0,0,0
6,31,201,0,0,0,0,0,0,0,0
6,31,206,0,0,0,0,0,0,0,0
6,32,1,0,0,0,0,0,0,0,0
6,32,6,0,0,0,0,0,0,0,0
6,32,11,0,0,0,0,0,0,0,0
6,32,16,0,0,0,0,0,0,0,0
6,32,21,0,0,0,0,0,0,0,0
6,32,26,0,0,0,0,0,0,0,0
6,32,31,0,0,0,0,0,0,0,0
6,32,36,0,0,0,0,0,0,0,0
6,32,41,0,0,0,0,0,0,0,0
6,32,46,0,0,0,0,0,0,0,0
6,32,51,0,0,0,0,0,0,0,0
6,32,56,0,0,0,0,0,0,0,0
6,32,61,0,0,0,0,0,0,0,0
6,32,66,0,0,0,0,0,0,0,0
6,32,71,0,0,0,0,0,0,0,0
6,32,76,0,0,0,0,0,0,0,0
6,32,81,0,0,0,0,0,0,0,0
6,32,86,0,0,0,0,0,0,0,0
6,32,91,0,0,0,0,0,0,0,0
6,32,96,0,0,0,0,0,0,0,0
6,32,101,0,0,0,0,0,0,0,0
6,32,106,0,0,0,0,0,0,0,0
6,32,111,0,0,0,0,0,0,0,0
6,32,116,0,0,0,0,0,0,0,0
6,32,121,0,0,0,0,0,0,0,0
6,32,126,0,0,0,0,0,0,0,0
6,32,131,0,0,0,0,0,0,0,0
6,32,136,0,0,0,0,0,0,0,0
6,32,141,0,0,0,0,0,0,0,0
6,32,146,0,0,0,0,0,0,0,0
6,32,151,0,0,0,0,0,0,0,0
6,32,156,0,0,0,0,0,0,0,0
6,32,161,0,0,0,0,0,0,0,0
6,32,166,0,0,0,0,0,0,0,0
6,32,171,0,0,0,0,0,0,0,0
6,32,176,0,0,0,0,0,0,0,0
6,32,181,0,0,0,0,0,0,0,0
6,32,186,0,0,0,0,0,0,0,0
6,32,191,0,0,0,0,0,0,0,0
6,32,196,0,0,0,0,0,0,0,0
6,32,201,0,0,0,0,0,0,0,0
6,32,206,0,0,0,0,0,0,0,0
6,33,1,0,0,0,0,0,0,0,0
6,33,6,0,0,0,0,0,0,0,0
6,33,11,0,0,0,0,0,0,0,0
6,33,16,0,0,0,0,0,0,0,0
6,33,21,0,0,0,0,0,0,0,0
6,33,26,0,0,0,0,0,0,0,0
6,33,31,0,0,0,0,0,0,0,0
6,33,36,0,0,0,0,0,0,0,0
6,33,41,0,0,0,0,0,0,0,0
6,33,46,0,0,0,0,0,0,0,0
6,33,51,0,0,0,0,0,0,0,0
6,33,56,0,0,0,0,0,0,0,0
6,33,61,0,0,0,0,0,0,0,0
6,33,66,0,0,0,0,0,0,0,0
6,33,71,0,0,0,0,0,0,0,0
6,33,76,0,0,0,0,0,0,0,0
6,33,81,0,0,0,0,0,0,0,0
6,33,86,0,0,0,0,0,0,0,0
6,33,91,0,0,0,0,0,0,0,0
6,33,96,0,0,0,0,0,0,0,0
6,33,101,0,0,0,0,0,0,0,0
6,33,106,0,0,0,0,0,0,0,0
6,33,111,0,0,0,0,0,0,0,0
6,33,116,0,0,0,0,0,0,0,0
6,33,121,0,0,0,0,0,0,0,0
6,33,126,0,0,0,0,0,0,0,0
6,33,131,0,0,0,0,0,0,0,0
6,33,136,0,0,0,0,0,0,0,0
6,33,141,0,0,0,0,0,0,0,0
6,33,146,0,0,0,0,0,0,0,0
6,33,151,0,0,0,0,0,0,0,0
6,33,156,0,0,0,0,0,0,0,0
6,33,161,0,0,0,0,0,0,0,0
6,33,166,0,0,0,0,0,0,0,0
6,33,171,0,0,0,0,0,0,0,0
6,33,176,0,0,0,0,0,0,0,0
6,33,181,0,0,0,0,0,0,0,0
6,33,186,0,0,0,0,0,0,0,0
6,33,191,0,0,0,0,0,0,0,0
6,33,196,0,0,0,0,0,0,0,0
6,33,201,0,0,0,0,0,0,0,0
6,33,206,0,0,0,0,0,0,0,0
6,34,1,0,0,0,0,0,0,0,0
6,34,6,0,0,0,0,0,0,0,0
6,34,11,0,0,0,0,0,0,0,0
6,34,16,0,0,0,0,0,0,0,0
6,34,21,0,0,0,0,0,0,0,0
6,34,26,0,0,0,0,0,0,0,0
6,34,31,0,0,0,0,0,0,0,0
6,34,36,0,0,0,0,0,0,0,-0.27963
6,34,41,0,0,-0.27963,-0.27963,-0.27963,-0.27963,-0.37179,-0.37179
6,34,46,-0.27963,-0.37179,-0.37179,-0.3851,-0.37179,-0.27963,-0.27963,-0.27963
6,34,51,-0.27963,-0.27963,-0.27963,-0.27963,0,0,0,0
6,34,56,0,0,0,0,0,0,0,0
6,34,61,0,0,0,0,0,0,0,0
6,34,66,0,0,0,0,0,0,0,0
6,34,71,0,0,0,0,0,0,0,0
6,34,76,0,0,0,0,0,0,0,0
6,34,81,0,0,0,0,0,0,0,0
6,34,86,0,0,0,0,0,0,0,0
6,34,91,0,0,0,0,0,0,0,0
6,34,96,0,0,0,0,0,0,0,0
6,34,101,0,0,0,0,0,0,0,0
6,34,106,0,0,0,0,0,0,0,0
6,34,111,0,0,0,0,0,0,0,0
6,34,116,0,0,0,0,0,0,0,0
6,34,121,0,0,0,0,0,0,0,0
6,34,126,0,0,0,0,0,0,0,0
6,34,131,0,0,0,0,0,0,0,0
6,34,136,0,0,0,0,0,0,0,0
6,34,141,0,0,0,0,0,0,0,0
6,34,146,0,0,0,0,0,0,0,0
6,34,151,0,0,0,0,0,0,0,0
6,34,156,0,0,0,0,0,0,0,0
6,34,161,0,0,0,0,0,0,0,0
6,34,166,0,0,0,0,0,0,0,0
6,34,171,0,0,0,0,0,0,0,0
6,34,176,0,0,0,0,0,0,0,0
6,34,181,0,0,0,0,0,0,0,0
6,34,186,0,0,0,0,0,0,0,0
6,34,191,0,0,0,0,0,0,0,0
6,34,196,0,0,0,0,0,0,0,0
6,34,201,0,0,0,0,0,0,0,0
6,34,206,0,0,0,0,0,0,0,0
6,35,1,0,0,0,0,0,0,0,0
6,35,6,0,0,0,0,0,0,0,0
6,35,11,0,0,0,0,0,0,0,0
6,35,16,0,0,0,0,0,0,0,0
6,35,21,0,0,0,0,0,0,0,0
6,35,26,0,0,0,0,0,0,0,0
6,35,31,0,0,0,0,0,0,0,0
6,35,36,0,0,0,0,0,0,0,0
6,35,41,0,0,0,0,0,0,0,0
6,35,46,0,0,0,0,0,0,0,0
6,35,51,0,0,0,0,0,0,0,0
6,35,56,0,0,0,0,0,0,0,0
6,35,61,0,0,0,0,0,0,0,0
6,35,66,0,0,0,0,0,0,0,0
6,35,71,0,0,0,0,0,0,0,0
6,35,76,0,0,0,0,0,0,0,0
6,35,81,0,0,0,0,0,0,0,0
6,35,86,0,0,0,0,0,0,0,0
6,35,91,0,0,0,0,0,0,0,0
6,35,96,0,0,0,0,0,0,0,0
6,35,101,0,0,0,0,0,0,0,0
6,35,106,0,0,0,0,0,0,0,0
6,35,111,0,0,0,0,0,0,0,0
6,35,116,0,0,0,0,0,0,0,0
6,35,121,0,0,0,0,0,0,0,0
6,35,126,0,0,0,0,0,0,0,0
6,35,131,0,0,0,0,0,0,0,0
6,35,136,0,0,0,0,0,0,0,0
6,35,141,0,0,0,0,0,0,0,0
6,35,146,0,0,0,0,0,0,0,0
6,35,151,0,0,0,0,0,0,0,0
6,35,156,0,0,0,0,0,0,0,0
6,35,161,0,0,0,0,0,0,0,0
6,35,166,0,0,0,0,0,0,0,0
6,35,171,0,0,0,0,0,0,0,0
6,35,176,0,0,0,0,0,0,0,0
6,35,181,0,0,0,0,0,0,0,0
6,35,186,0,0,0,0,0,0,0,0
6,35,191,0,0,0,0,0,0,0,0
6,35,196,0,0,0,0,0,0,0,0
6,35,201,0,0,0,0,0,0,0,0
6,35,206,0,0,0,0,0,0,0,0
6,36,1,0,0,0,0,0,0,0,0
6,36,6,0,0,0,0,0,0,0,0
6,36,11,0,0,0,0,0,0,0,0
6,36,16,0,0,0,0,0,0,0,0
6,36,21,0,0,0,0,0,0,0,0
6,36,26,0,0,0,0,0,0,0,0
6,36,31,0,0,0,0,0,0,0,0
6,36,36,0,0,0,0,0,0,0,0
6,36,41,0,0,0,0,0,0,0,0
6,36,46,0,0,0,0,0,0,0,0
6,36,51,0,0,0,0,0,0,0,0
6,36,56,0,0,0,0,0,0,0,0
6,36,61,0,0,0,0,0,0,0,0
6,36,66,0,0,0,0,0,0,0,0
6,36,71,0,0,0,0,0,0,0,0
6,36,76,0,0,0,0,0,0,0,0
6,36,81,0,0,0,0,0,0,0,0
6,36,86,0,0,0,0,0,0,0,0
6,36,91,0,0,0,0,0,0,0,0
6,36,96,0,0,0,0,0,0,0,0
6,36,101,0,0,0,0,0,0,0,0
6,36,106,0,0,0,0,0,0,0,0
6,36,111,0,0,0,0,0,0,0,0
6,36,116,0,0,0,0,0,0,0,0
6,36,121,0,0,0,0,0,0,0,0
6,36,126,0,0,0,0,0,0,0,0
6,36,131,0,0,0,0,0,0,0,0
6,36,136,0,0,0,0,0,0,0,0
6,36,141,0,0,0,0,0,0,0,0
6,36,146,0,0,0,0,0,0,0,0
6,36,151,0,0,0,0,0,0,0,0
6,36,156,0,0,0,0,0,0,0,0
6,36,161,0,0,0,0,0,0,0,0
6,36,166,0,0,0,0,0,0,0,0
6,36,171,0,0,0,0,0,0,0,0
6,36,176,0,0,0,0,0,0,0,0
6,36,181,0,0,0,0,0,0,0,0
6,36,186,0,0,0,0,0,0,0,0
6,36,191,0,0,0,0,0,0,0,0
6,36,196,0,0,0,0,0,0,0,0
6,36,201,0,0,0,0,0,0,0,0
6,36,206,0,0,0,0,0,0,0,0
6,37,1,0,0,0,0,0,0,0,0
6,37,6,0,0,0,0,0,0,0,0
6,37,11,0,0,0,0,0,0,0,0
6,37,16,0,0,0,0,0,0,0,0
6,37,21,0,0,0,0,0,0,0,0
6,37,26,0,0,0,0,0,0,0,0
6,37,31,0,0,0,0,0,0,0,0
6,37,36,0,0,0,0,0,0,0,0
6,37,41,0,0,0,0,0,0,0,0
6,37,46,0,0,0,0,0,0,0,0
6,37,51,0,0,0,0,0,0,0,0
6,37,56,0,0,0,0,0,0,0,0
6,37,61,0,0,0,0,0,0,0,0
6,37,66,0,0,0,0,0,0,0,0
6,37,71,0,0,0,0,0,0,0,0
6,37,76,0,0,0,0,0,0,0,0
6,37,81,0,0,0,0,0,0,0,0
6,37,86,0,0,0,0,0,0,0,0
6,37,91,0,0,0,0,0,0,0,0
6,37,96,0,0,0,0,0,0,0,0
6,37,101,0,0,0,0,0,0,0,0
6,37,106,0,0,0,0,0,0,0,0
6,37,111,0,0,0,0,0,0,0,0
6,37,116,0,0,0,0,0,0,0,0
6,37,121,0,0,0,0,0,0,0,0
6,37,126,0,0,0,0,0,0,0,0
6,37,131,0,0,0,0,0,0,0,0
6,37,136,0,0,0,0,0,0,0,0
6,37,141,0,0,0,0,0,0,0,0
6,37,146,0,0,0,0,0,0,0,0
6,37,151,0,0,0,0,0,0,0,0
6,37,156,0,0,0,0,0,0,0,0
6,37,161,0,0,0,0,0,0,0,0
6,37,166,0,0,0,0,0,0,0,0
6,37,171,0,0,0,0,0,0,0,0
6,37,176,0,0,0,0,0,0,0,0
6,37,181,0,0,0,0,0,0,0,0
6,37,186,0,0,0,0,0,0,0,0
6,37,191,0,0,0,0,0,0,0,0
6,37,196,0,0,0,0,0,0,0,0
6,37,201,0,0,0,0,0,0,0,0
6,37,206,0,0,0,0,0,0,0,0
6,38,1,0,0,0,0,0,0,0,0
6,38,6,0,0,0,0,0,0,0,0
6,38,11,0,0,0,0,0,0,0,0
6,38,16,0,0,0,0,0,0,0,0
6,38,21,0,0,0,0,0,0,0,0
6,38,26,0,0,0,0,0,0,0,0
6,38,31,0,0,0,0,0,0,0,0
6,38,36,0,0,0,0,0,0,0,-0.34953
6,38,41,0,0,-0.34953,-0.34953,-0.34953,-0.34953,-0.46474,-0.46474
6,38,46,-0.34953,-0.46474,-0.46474,-0.48138,-0.46474,-0.34953,-0.34953,-0.34953
6,38,51,-0.34953,-0.34953,-0.34953,-0.34953,0,0,0,0
6,38,56,0,0,0,0,0,0,0,0
6,38,61,0,0,0,0,0,0,0,0
6,38,66,0,0,0,0,0,0,0,0
6,38,71,0,0,0,0,0,0,0,0
6,38,76,0,0,0,0,0,0,0,0
6,38,81,0,0,0,0,0,0,0,0
6,38,86,0,0,0,0,0,0,0,0
6,38,91,0,0,0,0,0,0,0,0
6,38,96,0,0,0,0,0,0,0,0
6,38,101,0,0,0,0,0,0,0,0
6,38,106,0,0,0,0,0,0,0,0
6,38,111,0,0,0,0,0,0,0,0
6,38,116,0,0,0,0,0,0,0,0
6,38,121,0,0,0,0,0,0,0,0
6,38,126,0,0,0,0,0,0,0,0
6,38,131,0,0,0,0,0,0,0,0
6,38,136,0,0,0,0,0,0,0,0
6,38,141,0,0,0,0,0,0,0,0
6,38,146,0,0,0,0,0,0,0,0
6,38,151,0,0,0,0,0,0,0,0
6,38,156,0,0,0,0,0,0,0,0
6,38,161,0,0,0,0,0,0,0,0
6,38,166,0,0,0,0,0,0,0,0
6,38,171,0,0,0,0,0,0,0,0
6,38,176,0,0,0,0,0,0,0,0
6,38,181,0,0,0,0,0,0,0,0
6,38,186,0,0,0,0,0,0,0,0
6,38,191,0,0,0,0,0,0,0,0
6,38,196,0,0,0,0,0,0,0,0
6,38,201,0,0,0,0,0,0,0,0
6,38,206,0,0,0,0,0,0,0,0
6,39,1,0,0,0,0,0,0,0,0
6,39,6,0,0,0,0,0,0,0,0
6,39,11,0,0,0,0,0,0,0,0
6,39,16,0,0,0,0,0,0,0,0
6,39,21,0,0,0,0,0,0,0,0
6,39,26,0,0,0,0,0,0,0,0
6,39,31,0,0,0,0,0,0,0,0
6,39,36,0,0,0,0,0,0,0,0
6,39,41,0,0,0,0,0,0,0,0
6,39,46,0,0,0,0,0,0,0,0
6,39,51,0,0,0,0,0,0,0,0
6,39,56,0,0,0,0,0,0,0,0
6,39,61,0,0,0,0,0,0,0,0
6,39,66,0,0,0,0,0,0,0,0
6,39,71,0,0,0,0,0,0,0,0
6,39,76,0,0,0,0,0,0,0,0
6,39,81,0,0,0,0,0,0,0,0
6,39,86,0,0,0,0,0,0,0,0
6,39,91,0,0,0,0,0,0,0,0
6,39,96,0,0,0,0,0,0,0,0
6,39,101,0,0,0,0,0,0,0,0
6,39,106,0,0,0,0,0,0,0,0
6,39,111,0,0,0,0,0,0,0,0
6,39,116,0,0,0,0,0,0,0,0
6,39,121,0,0,0,0,0,0,0,0
6,39,126,0,0,0,0,0,0,0,0
6,39,131,0,0,0,0,0,0,0,0
6,39,136,0,0,0,0,0,0,0,0
6,39,141,0,0,0,0,0,0,0,0
6,39,146,0,0,0,0,0,0,0,0
6,39,151,0,0,0,0,0,0,0,0
6,39,156,0,0,0,0,0,0,0,0
6,39,161,0,0,0,0,0,0,0,0
6,39,166,0,0,0,0,0,0,0,0
6,39,171,0,0,0,0,0,0,0,0
6,39,176,0,0,0,0,0,0,0,0
6,39,181,0,0,0,0,0,0,0,0
6,39,186,0,0,0,0,0,0,0,0
6,39,191,0,0,0,0,0,0,0,0
6,39,196,0,0,0,0,0,0,0,0
6,39,201,0,0,0,0,0,0,0,0
6,39,206,0,0,0,0,0,0,0,0
6,40,1,0,0,0,0,0,0,0,0
6,40,6,0,0,0,0,0,0,0,0
6,40,11,0,0,0,0,0,0,0,0
6,40,16,0,0,0,0,0,0,0,0
6,40,21,0,0,0,0,0,0,0,0
6,40,26,0,0,0,0,0,0,0,0
6,40,31,0,0,0,0,0,0,0,0
6,40,36,0,0,0,0,0,0,0,0
6,40,41,0,0,0,0,0,0,0,0
6,40,46,0,0,0,0,0,0,0,0
6,40,51,0,0,0,0,0,0,0,0
6,40,56,0,0,0,0,0,0,0,0
6,40,61,0,0,0,0,0,0,0,0
6,40,66,0,0,0,0,0,0,0,0
6,40,71,0,0,0,0,0,0,0,0
6,40,76,0,0,0,0,0,0,0,0
6,40,81,0,0,0,0,0,0,0,0
6,40,86,0,0,0,0,0,0,0,0
6,40,91,0,0,0,0,0,0,0,0
6,40,96,0,0,0,0,0,0,0,0
6,40,101,0,0,0,0,0,0,0,0
6,40,106,0,0,0,0,0,0,0,0
6,40,111,0,0,0,0,0,0,0,0
6,40,116,0,0,0,0,0,0,0,0
6,40,121,0,0,0,0,0,0,0,0
6,40,126,0,0,0,0,0,0,0,0
6,40,131,0,0,0,0,0,0,0,0
6,40,136,0,0,0,0,0,0,0,0
6,40,141,0,0,0,0,0,0,0,0
6,40,146,0,0,0,0,0,0,0,0
6,40,151,0,0,0,0,0,0,0,0
6,40,156,0,0,0,0,0,0,0,0
6,40,161,0,0,0,0,0,0,0,0
6,40,166,0,0,0,0,0,0,0,0
6,40,171,0,0,0,0,0,0,0,0
6,40,176,0,0,0,0,0,0,0,0
6,40,181,0,0,0,0,0,0,0,0
6,40,186,0,0,0,0,0,0,0,0
6,40,191,0,0,0,0,0,0,0,0
6,40,196,0,0,0,0,0,0,0,0
6,40,201,0,0,0,0,0,0,0,0
6,40,206,0,0,0,0,0,0,0,0
6,41,1,0,0,0,0,0,0,0,0
6,41,6,0,0,0,0,0,0,0,0
6,41,11,0,0,0,0,0,0,0,0
6,41,16,0,0,0,0,0,0,0,0
6,41,21,0,0,0,0,0,0,0,0
6,41,26,0,0,0,0,0,0,0,0
6,41,31,0,0,0,0,0,0,0,0
6,41,36,0,0,0,0,0,0,0,0
6,41,41,0,0,0,0,0,0,0,0
6,41,46,0,0,0,0,0,0,0,0
6,41,51,0,0,0,0,0,0,0,0
6,41,56,0,0,0,0,0,0,0,0
6,41,61,0,0,0,0,0,0,0,0
6,41,66,0,0,0,0,0,0,0,0
6,41,71,0,0,0,0,0,0,0,0
6,41,76,0,0,0,0,0,0,0,0
6,41,81,0,0,0,0,0,0,0,0
6,41,86,0,0,0,0,0,0,0,0
6,41,91,0,0,0,0,0,0,0,0
6,41,96,0,0,0,0,0,0,0,0
6,41,101,0,0,0,0,0,0,0,0
6,41,106,0,0,0,0,0,0,0,0
6,41,111,0,0,0,0,0,0,0,0
6,41,116,0,0,0,0,0,0,0,0
6,41,121,0,0,0,0,0,0,0,0
6,41,126,0,0,0,0,0,0,0,0
6,41,131,0,0,0,0,0,0,0,0
6,41,136,0,0,0,0,0,0,0,0
6,41,141,0,0,0,0,0,0,0,0
6,41,146,0,0,0,0,0,0,0,0
6,41,151,0,0,0,0,0,0,0,0
6,41,156,0,0,0,0,0,0,0,0
6,41,161,0,0,0,0,0,0,0,0
6,41,166,0,0,0,0,0,0,0,0
6,41,171,0,0,0,0,0,0,0,0
6,41,176,0,0,0,0,0,0,0,0
6,41,181,0,0,0,0,0,0,0,0
6,41,186,0,0,0,0,0,0,0,0
6,41,191,0,0,0,0,0,0,0,0
6,41,196,0,0,0,0,0,0,0,0
6,41,201,0,0,0,0,0,0,0,0
6,41,206,0,0,0,0,0,0,0,0
6,42,1,0,0,0,0,0,0,0,0
6,42,6,0,0,0,0,0,0,0,0
6,42,11,0,0,0,0,0,0,0,0
6,42,16,0,0,0,0,0,0,0,0
6,42,21,0,0,0,0,0,0,0,0
6,42,26,0,0,0,0,0,0,0,0
6,42,31,0,0,0,0,0,0,0,0
6,42,36,0,0,0,0,0,0,0,0
6,42,41,0,0,0,0,0,0,0,0
6,42,46,0,0,0,0,0,0,0,0
6,42,51,0,0,0,0,0,0,0,0
6,42,56,0,0,0,0,0,0,0,0
6,42,61,0,0,0,0,0,0,0,0
6,42,66,0,0,0,0,0,0,0,0
6,42,71,0,0,0,0,0,0,0,0
6,42,76,0,0,0,0,0,0,0,0
6,42,81,0,0,0,0,0,0,0,0
6,42,86,0,0,0,0,0,0,0,0
6,42,91,0,0,0,0,0,0,0,0
6,42,96,0,0,0,0,0,0,0,0
6,42,101,0,0,0,0,0,0,0,0
6,42,106,0,0,0,0,0,0,0,0
6,42,111,0,0,0,0,0,0,0,0
6,42,116,0,0,0,0,0,0,0,0
6,42,121,0,0,0,0,0,0,0,0
6,42,126,0,0,0,0,0,0,0,0
6,42,131,0,0,0,0,0,0,0,0
6,42,136,0,0,0,0,0,0,0,0
6,42,141,0,0,0,0,0,0,0,0
6,42,146,0,0,0,0,0,0,0,0
6,42,151,0,0,0,0,0,0,0,0
6,42,156,0,0,0,0,0,0,0,0
6,42,161,0,0,0,0,0,0,0,0
6,42,166,0,0,0,0,0,0,0,0
6,42,171,0,0,0,0,0,0,0,0
6,42,176,0,0,0,0,0,0,0,0
6,42,181,0,0,0,0,0,0,0,0
6,42,186,0,0,0,0,0,0,0,0
6,42,191,0,0,0,0,0,0,0,0
6,42,196,0,0,0,0,0,0,0,0
6,42,201,0,0,0,0,0,0,0,0
6,42,206,0,0,0,0,0,0,0,0
6,43,1,0,0,0,0,0,0,0,0
6,43,6,0,0,0,0,0,0,0,0
6,43,11,0,0,0,0,0,0,0,0
6,43,16,0,0,0,0,0,0,0,0
6,43,21,0,0,0,0,0,0,0,0
6,43,26,0,0,0,0,0,0,0,0
6,43,31,0,0,0,0,0,0,0,0
6,43,36,0,0,0,0,0,0,0,0
6,43,41,0,0,0,0,0,0,0,0
6,43,46,0,0,0,0,0,0,0,0
6,43,51,0,0,0,0,0,0,0,0
6,43,56,0,0,0,0,0,0,0,0
6,43,61,0,0,0,0,0,0,0,0
6,43,66,0,0,0,0,0,0,0,0
6,43,71,0,0,0,0,0,0,0,0
6,43,76,0,0,0,0,0,0,0,0
6,43,81,0,0,0,0,0,0,0,0
6,43,86,0,0,0,0,0,0,0,0
6,43,91,0,0,0,0,0,0,0,0
6,43,96,0,0,0,0,0,0,0,0
6,43,101,0,0,0,0,0,0,0,0
6,43,106,0,0,0,0,0,0,0,0
6,43,111,0,0,0,0,0,0,0,0
6,43,116,0,0,0,0,0,0,0,0
6,43,121,0,0,0,0,0,0,0,0
6,43,126,0,0,0,0,0,0,0,0
6,43,131,0,0,0,0,0,0,0,0
6,43,136,0,0,0,0,0,0,0,0
6,43,141,0,0,0,0,0,0,0,0
6,43,146,0,0,0,0,0,0,0,0
6,43,151,0,0,0,0,0,0,0,0
6,43,156,0,0,0,0,0,0,0,0
6,43,161,0,0,0,0,0,0,0,0
6,43,166,0,0,0,0,0,0,0,0
6,43,171,0,0,0,0,0,0,0,0
6,43,176,0,0,0,0,0,0,0,0
6,43,181,0,0,0,0,0,0,0,0
6,43,186,0,0,0,0,0,0,0,0
6,43,191,0,0,0,0,0,0,0,0
6,43,196,0,0,0,0,0,0,0,0
6,43,201,0,0,0,0,0,0,0,0
6,43,206,0,0,0,0,0,0,0,0
6,44,1,0,0,0,0,0,0,0,0
6,44,6,0,0,0,0,0,0,0,0
6,44,11,0,0,0,0,0,0,0,0
6,44,16,0,0,0,0,0,0,0,0
6,44,21,0,0,0,0,0,0,0,0
6,44,26,0,0,0,0,0,0,0,0
6,44,31,0,0,0,0,0,0,0,0
6,44,36,0,0,0,0,0,0,0,0
6,44,41,0,0,0,0,0,0,0,0
6,44,46,0,0,0,0,0,0,0,0
6,44,51,0,0,0,0,0,0,0,0
6,44,56,0,0,0,0,0,0,0,0
6,44,61,0,0,0,0,0,0,0,0
6,44,66,0,0,0,0,0,0,0,0
6,44,71,0,0,0,0,0,0,0,0
6,44,76,0,0,0,0,0,0,0,0
6,44,81,0,0,0,0,0,0,0,0
6,44,86,0,0,0,0,0,0,0,0
6,44,91,0,0,0,0,0,0,0,0
6,44,96,0,0,0,0,0,0,0,0
6,44,101,0,0,0,0,0,0,0,0
6,44,106,0,0,0,0,0,0,0,0
6,44,111,0,0,0,0,0,0,0,0
6,44,116,0,0,0,0,0,0,0,0
6,44,121,0,0,0,0,0,0,0,0
6,44,126,0,0,0,0,0,0,0,0
6,44,131,0,0,0,0,0,0,0,0
6,44,136,0,0,0,0,0,0,0,0
6,44,141,0,0,0,0,0,0,0,0
6,44,146,0,0,0,0,0,0,0,0
6,44,151,0,0,0,0,0,0,0,0
6,44,156,0,0,0,0,0,0,0,0
6,44,161,0,0,0,0,0,0,0,0
6,44,166,0,0,0,0,0,0,0,0
6,44,171,0,0,0,0,0,0,0,0
6,44,176,0,0,0,0,0,0,0,0
6,44,181,0,0,0,0,0,0,0,0
6,44,186,0,0,0,0,0,0,0,0
6,44,191,0,0,0,0,0,0,0,0
6,44,196,0,0,0,0,0,0,0,0
6,44,201,0,0,0,0,0,0,0,0
6,44,206,0,0,0,0,0,0,0,0
6,45,1,0,0,0,0,0,0,0,0
6,45,6,0,0,0,0,0,0,0,0
6,45,11,0,0,0,0,0,0,0,0
6,45,16,0,0,0,0,0,0,0,0
6,45,21,0,0,0,0,0,0,0,0
6,45,26,0,0,0,0,0,0,0,0
6,45,31,0,0,0,0,0,0,0,0
6,45,36,0,0,0,0,0,0,0,0
6,45,41,0,0,0,0,0,0,0,0
6,45,46,0,0,0,0,0,0,0,0
6,45,51,0,0,0,0,0,0,0,0
6,45,56,0,0,0,0,0,0,0,0
6,45,61,0,0,0,0,0,0,0,0
6,45,66,0,0,0,0,0,0,0,0
6,45,71,0,0,0,0,0,0,0,0
6,45,76,0,0,0,0,0,0,0,0
6,45,81,0,0,0,0,0,0,0,0
6,45,86,0,0,0,0,0,0,0,0
6,45,91,0,0,0,0,0,0,0,0
6,45,96,0,0,0,0,0,0,0,0
6,45,101,0,0,0,0,0,0,0,0
6,45,106,0,0,0,0,0,0,0,0
6,45,111,0,0,0,0,0,0,0,0
6,45,116,0,0,0,0,0,0,0,0
6,45,121,0,0,0,0,0,0,0,0
6,45,126,0,0,0,0,0,0,0,0
6,45,131,0,0,0,0,0,0,0,0
6,45,136,0,0,0,0,0,0,0,0
6,45,141,0,0,0,0,0,0,0,0
6,45,146,0,0,0,0,0,0,0,0
6,45,151,0,0,0,0,0,0,0,0
6,45,156,0,0,0,0,0,0,0,0
6,45,161,0,0,0,0,0,0,0,0
6,45,166,0,0,0,0,0,0,0,0
6,45,171,0,0,0,0,0,0,0,0
6,45,176,0,0,0,0,0,0,0,0
6,45,181,0,0,0,0,0,0,0,0
6,45,186,0,0,0,0,0,0,0,0
6,45,191,0,0,0,0,0,0,0,0
6,45,196,0,0,0,0,0,0,0,0
6,45,201,0,0,0,0,0,0,0,0
6,45,206,0,0,0,0,0,0,0,0
6,46,1,0,0,0,0,0,0,0,0
6,46,6,0,0,0,0,0,0,0,0
6,46,11,0,0,0,0,0,0,0,0
6,46,16,0,0,0,0,0,0,0,0
6,46,21,0,0,0,0,0,0,0,0
6,46,26,0,0,0,0,0,0,0,0
6,46,31,0,0,0,0,0,0,0,0
6,46,36,0,0,0,0,0,0,0,0
6,46,41,0,0,0,0,0,0,0,0
6,46,46,0,0,0,0,0,0,0,0
6,46,51,0,0,0,0,0,0,0,0
6,46,56,0,0,0,0,0,0,0,0
6,46,61,0,0,0,0,0,0,0,0
6,46,66,0,0,0,0,0,0,0,0
6,46,71,0,0,0,0,0,0,0,0
6,46,76,0,0,0,0,0,0,0,0
6,46,81,0,0,0,0,0,0,0,0
6,46,86,0,0,0,0,0,0,0,0
6,46,91,0,0,0,0,0,0,0,0
6,46,96,0,0,0,0,0,0,0,0
6,46,101,0,0,0,0,0,0,0,0
6,46,106,0,0,0,0,0,0,0,0
6,46,111,0,0,0,0,0,0,0,0
6,46,116,0,0,0,0,0,0,0,0
6,46,121,0,0,0,0,0,0,0,0
6,46,126,0,0,0,0,0,0,0,0
6,46,131,0,0,0,0,0,0,0,0
6,46,136,0,0,0,0,0,0,0,0
6,46,141,0,0,0,0,0,0,0,0
6,46,146,0,0,0,0,0,0,0,0
6,46,151,0,0,0,0,0,0,0,0
6,46,156,0,0,0,0,0,0,0,0
6,46,161,0,0,0,0,0,0,0,0
6,46,166,0,0,0,0,0,0,0,0
6,46,171,0,0,0,0,0,0,0,0
6,46,176,0,0,0,0,0,0,0,0
6,46,181,0,0,0,0,0,0,0,0
6,46,186,0,0,0,0,0,0,0,0
6,46,191,0,0,0,0,0,0,0,0
6,46,196,0,0,0,0,0,0,0,0
6,46,201,0,0,0,0,0,0,0,0
6,46,206,0,0,0,0,0,0,0,0
6,47,1,0,0,0,0,0,0,0,0
6,47,6,0,0,0,0,0,0,0,0
6,47,11,0,0,0,0,0,0,0,0
6,47,16,0,0,0,0,0,0,0,0
6,47,21,0,0,0,0,0,0,0,0
6,47,26,0,0,0,0,0,0,0,0
6,47,31,0,0,0,0,0,0,0,0
6,47,36,0,0,0,0,0,0,0,0
6,47,41,0,0,0,0,0,0,0,0
6,47,46,0,0,0,0,0,0,0,0
6,47,51,0,0,0,0,0,0,0,0
6,47,56,0,0,0,0,0,0,0,0
6,47,61,0,0,0,0,0,0,0,0
6,47,66,0,0,0,0,0,0,0,0
6,47,71,0,0,0,0,0,0,0,0
6,47,76,0,0,0,0,0,0,0,0
6,47,81,0,0,0,0,0,0,0,0
6,47,86,0,0,0,0,0,0,0,0
6,47,91,0,0,0,0,0,0,0,0
6,47,96,0,0,0,0,0,0,0,0
6,47,101,0,0,0,0,0,0,0,0
6,47,106,0,0,0,0,0,0,0,0
6,47,111,0,0,0,0,0,0,0,0
6,47,116,0,0,0,0,0,0,0,0
6,47,121,0,0,0,0,0,0,0,0
6,47,126,0,0,0,0,0,0,0,0
6,47,131,0,0,0,0,0,0,0,0
6,47,136,0,0,0,0,0,0,0,0
6,47,141,0,0,0,0,0,0,0,0
6,47,146,0,0,0,0,0,0,0,0
6,47,151,0,0,0,0,0,0,0,0
6,47,156,0,0,0,0,0,0,0,0
6,47,161,0,0,0,0,0,0,0,0
6,47,166,0,0,0,0,0,0,0,0
6,47,171,0,0,0,0,0,0,0,0
6,47,176,0,0,0,0,0,0,0,0
6,47,181,0,0,0,0,0,0,0,0
6,47,186,0,0,0,0,0,0,0,0
6,47,191,0,0,0,0,0,0,0,0
6,47,196,0,0,0,0,0,0,0,0
6,47,201,0,0,0,0,0,0,0,0
6,47,206,0,0,0,0,0,0,0,0
6,48,1,0,0,0,0,0,0,0,0
6,48,6,0,0,0,0,0,0,0,0
6,48,11,0,0,0,0,0,0,0,0
6,48,16,0,0,0,0,0,0,0,0
6,48,21,0,0,0,0,0,0,0,0
6,48,26,0,0,0,0,0,0,0,0
6,48,31,0,0,0,0,0,0,0,0
6,48,36,0,0,0,0,0,0,0,0
6,48,41,0,0,0,0,0,0,0,0
6,48,46,0,0,0,0,0,0,0,0
6,48,51,0,0,0,0,0,0,0,0
6,48,56,0,0,0,0,0,0,0,0
6,48,61,0,0,0,0,0,0,0,0
6,48,66,0,0,0,0,0,0,0,0
6,48,71,0,0,0,0,0,0,0,0
6,48,76,0,0,0,0,0,0,0,0
6,48,81,0,0,0,0,0,0,0,0
6,48,86,0,0,0,0,0,0,0,0
6,48,91,0,0,0,0,0,0,0,0
6,48,96,0,0,0,0,0,0,0,0
6,48,101,0,0,0,0,0,0,0,0
6,48,106,0,0,0,0,0,0,0,0
6,48,111,0,0,0,0,0,0,0,0
6,48,116,0,0,0,0,0,0,0,0
6,48,121,0,0,0,0,0,0,0,0
6,48,126,0,0,0,0,0,0,0,0
6,48,131,0,0,0,0,0,0,0,0
6,48,136,0,0,0,0,0,0,0,0
6,48,141,0,0,0,0,0,0,0,0
6,48,146,0,0,0,0,0,0,0,0
6,48,151,0,0,0,0,0,0,0,0
6,48,156,0,0,0,0,0,0,0,0
6,48,161,0,0,0,0,0,0,0,0
6,48,166,0,0,0,0,0,0,0,0
6,48,171,0,0,0,0,0,0,0,0
6,48,176,0,0,0,0,0,0,0,0
6,48,181,0,0,0,0,0,0,0,0
6,48,186,0,0,0,0,0,0,0,0
6,48,191,0,0,0,0,0,0,0,0
6,48,196,0,0,0,0,0,0,0,0
6,48,201,0,0,0,0,0,0,0,0
6,48,206,0,0,0,0,0,0,0,0
6,49,1,0,0,0,0,0,0,0,0
6,49,6,0,0,0,0,0,0,0,0
6,49,11,0,0,0,0,0,0,0,0
6,49,16,0,0,0,0,0,0,0,0
6,49,21,0,0,0,0,0,0,0,0
6,49,26,0,0,0,0,0,0,0,0
6,49,31,0,0,0,0,0,0,0,0
6,49,36,0,0,0,0,0,0,0,0
6,49,41,0,0,0,0,0,0,0,0
6,49,46,0,0,0,0,0,0,0,0
6,49,51,0,0,0,0,0,0,0,0
6,49,56,0,0,0,0,0,0,0,0
6,49,61,0,0,0,0,0,0,0,0
6,49,66,0,0,0,0,0,0,0,0
6,49,71,0,0,0,0,0,0,0,0
6,49,76,0,0,0,0,0,0,0,0
6,49,81,0,0,0,0,0,0,0,0
6,49,86,0,0,0,0,0,0,0,0
6,49,91,0,0,0,0,0,0,0,0
6,49,96,0,0,0,0,0,0,0,0
6,49,101,0,0,0,0,0,0,0,0
6,49,106,0,0,0,0,0,0,0,0
6,49,111,0,0,0,0,0,0,0,0
6,49,116,0,0,0,0,0,0,0,0
6,49,121,0,0,0,0,0,0,0,0
6,49,126,0,0,0,0,0,0,0,0
6,49,131,0,0,0,0,0,0,0,0
6,49,136,0,0,0,0,0,0,0,0
6,49,141,0,0,0,0,0,0,0,0
6,49,146,0,0,0,0,0,0,0,0
6,49,151,0,0,0,0,0,0,0,0
6,49,156,0,0,0,0,0,0,0,0
6,49,161,0,0,0,0,0,0,0,0
6,49,166,0,0,0,0,0,0,0,0
6,49,171,0,0,0,0,0,0,0,0
6,49,176,0,0,0,0,0,0,0,0
6,49,181,0,0,0,0,0,0,0,0
6,49,186,0,0,0,0,0,0,0,0
6,49,191,0,0,0,0,0,0,0,0
6,49,196,0,0,0,0,0,0,0,0
6,49,201,0,0,0,0,0,0,0,0
6,49,206,0,0,0,0,0,0,0,0
6,50,1,0,0,0,0,0,0,0,0
6,50,6,0,0,0,0,0,0,0,0
6,50,11,0,0,0,0,0,0,0,0
6,50,16,0,0,0,0,0,0,0,0
6,50,21,0,0,0,0,0,0,0,0
6,50,26,0,0,0,0,0,0,0,0
6,50,31,0,0,0,0,0,0,0,0
6,50,36,0,0,0,0,0,0,0,0
6,50,41,0,0,0,0,0,0,0,0
6,50,46,0,0,0,0,0,0,0,0
6,50,51,0,0,0,0,0,0,0,0
6,50,56,0,0,0,0,0,0,0,0
6,50,61,0,0,0,0,0,0,0,0
6,50,66,0,0,0,0,0,0,0,0
6,50,71,0,0,0,0,0,0,0,0
6,50,76,0,0,0,0,0,0,0,0
6,50,81,0,0,0,0,0,0,0,0
6,50,86,0,0,0,0,0,0,0,0
6,50,91,0,0,0,0,0,0,0,0
6,50,96,0,0,0,0,0,0,0,0
6,50,101,0,0,0,0,0,0,0,0
6,50,106,0,0,0,0,0,0,0,0
6,50,111,0,0,0,0,0,0,0,0
6,50,116,0,0,0,0,0,0,0,0
6,50,121,0,0,0,0,0,0,0,0
6,50,126,0,0,0,0,0,0,0,0
6,50,131,0,0,0,0,0,0,0,0
6,50,136,0,0,0,0,0,0,0,0
6,50,141,0,0,0,0,0,0,0,0
6,50,146,0,0,0,0,0,0,0,0
6,50,151,0,0,0,0,0,0,0,0
6,50,156,0,0,0,0,0,0,0,0
6,50,161,0,0,0,0,0,0,0,0
6,50,166,0,0,0,0,0,0,0,0
6,50,171,0,0,0,0,0,0,0,0
6,50,176,0,0,0,0,0,0,0,0
6,50,181,0,0,0,0,0,0,0,0
6,50,186,0,0,0,0,0,0,0,0
6,50,191,0,0,0,0,0,0,0,0
6,50,196,0,0,0,0,0,0,0,0
6,50,201,0,0,0,0,0,0,0,0
6,50,206,0,0,0,0,0,0,0,0
6,51,1,0,0,0,0,0,0,0,0
6,51,6,0,0,0,0,0,0,0,0
6,51,11,0,0,0,0,0,0,0,0
6,51,16,0,0,0,0,0,0,0,0
6,51,21,0,0,0,0,0,0,0,0
6,51,26,0,0,0,0,0,0,0,0
6,51,31,0,0,0,0,0,0,0,0
6,51,36,0,0,0,0,0,0,0,0
6,51,41,0,0,0,0,0,0,0,0
6,51,46,0,0,0,0,0,0,0,0
6,51,51,0,0,0,0,0,0,0,0
6,51,56,0,0,0,0,0,0,0,0
6,51,61,0,0,0,0,0,0,0,0
6,51,66,0,0,0,0,0,0,0,0
6,51,71,0,0,0,0,0,0,0,0
6,51,76,0,0,0,0,0,0,0,0
6,51,81,0,0,0,0,0,0,0,0
6,51,86,0,0,0,0,0,0,0,0
6,51,91,0,0,0,0,0,0,0,0
6,51,96,0,0,0,0,0,0,0,0
6,51,101,0,0,0,0,0,0,0,0
6,51,106,0,0,0,0,0,0,0,0
6,51,111,0,0,0,0,0,0,0,0
6,51,116,0,0,0,0,0,0,0,0
6,51,121,0,0,0,0,0,0,0,0
6,51,126,0,0,0,0,0,0,0,0
6,51,131,0,0,0,0,0,0,0,0
6,51,136,0,0,0,0,0,0,0,0
6,51,141,0,0,0,0,0,0,0,0
6,51,146,0,0,0,0,0,0,0,0
6,51,151,0,0,0,0,0,0,0,0
6,51,156,0,0,0,0,0,0,0,0
6,51,161,0,0,0,0,0,0,0,0
6,51,166,0,0,0,0,0,0,0,0
6,51,171,0,0,0,0,0,0,0,0
6,51,176,0,0,0,0,0,0,0,0
6,51,181,0,0,0,0,0,0,0,0
6,51,186,0,0,0,0,0,0,0,0
6,51,191,0,0,0,0,0,0,0,0
6,51,196,0,0,0,0,0,0,0,0
6,51,201,0,0,0,0,0,0,0,0
6,51,206,0,0,0,0,0,0,0,0
