60,1,1,1,1,1,1,1,1,1,1
60,1,6,1,1,1,1,1,1,1,1
60,1,11,1,1,1,1,1,1,1,1
60,1,16,1,1,1,1,1,1,1,1
60,1,21,1,1,1,1,1,1,1,1
60,1,26,1,1,1,1,1,1,1,1
60,1,31,1,1,1,1,1,1,1,1
60,1,36,1,1,1,1,1,1,1,1
60,1,41,1,1,1,1,1,1,1,1
60,1,46,1,1,1,1,1,1,1,1
60,1,51,1,1,1,1,1,1,1,1
60,1,56,1,1,1,1,1,1,1,1
60,1,61,1,1,1,1,1,1,1,1
60,1,66,1,1,1,1,1,1,1,1
60,1,71,1,1,1,1,1,1,1,1
60,1,76,1,1,1,1,1,1,1,1
60,1,81,1,1,1,1,1,1,1,1
60,1,86,1,1,1,1,1,1,1,1
60,1,91,1,1,1,1,1,1,1,1
60,1,96,1,1,1,1,1,1,1,1
60,1,101,1,1,1,1,1,1,1,1
60,1,106,1,1,1,1,1,1,1,1
60,1,111,1,1,1,1,1,1,1,1
60,1,116,1,1,1,1,1,1,1,1
60,1,121,1,1,1,1,1,1,1,1
60,1,126,1,1,1,1,1,1,1,1
60,1,131,1,1,1,1,1,1,1,1
60,1,136,1,1,1,1,1,1,1,1
60,1,141,1,1,1,1,1,1,1,1
60,1,146,1,1,1,1,1,1,1,1
60,1,151,1,1,1,1,1,1,1,1
60,1,156,1,1,1,1,1,1,1,1
60,1,161,1,1,1,1,1,1,1,1
60,1,166,1,1,1,1,1,1,1,1
60,1,171,1,1,1,1,1,1,1,1
60,1,176,1,1,1,1,1,1,1,1
60,1,181,1,1,1,1,1,1,1,1
60,1,186,1,1,1,1,1,1,1,1
60,1,191,1,1,1,1,1,1,1,1
60,1,196,1,1,1,1,1,1,1,1
60,1,201,1,1,1,1,1,1,1,1
60,1,206,1,1,1,1,1,1,1,1
60,2,1,0,0,0,0,0,0,0,0
60,2,6,0,0,0,0,0,0,0,0
60,2,11,0,0,0,0,0,0,0,0
60,2,16,0,0,0,0,0,0,0,0
60,2,21,0,0,0,0,0,0,0,0
60,2,26,0,0,0,0,0,0,0,0
60,2,31,0,0,0,0,0,0,0,0
60,2,36,0,0,0,0,0,0,0,0
60,2,41,0,0,0,0,0,0,0,0
60,2,46,0,0,0,0,0,0,0,0
60,2,51,0,0,0,0,0,0,0,0
60,2,56,0,0,0,0,0,0,0,0
60,2,61,0,0,0,0,0,0,0,0
60,2,66,0,0,0,0,0,0,0,0
60,2,71,0,0,0,0,0,0,0,0
60,2,76,0,0,0,0,0,0,0,0
60,2,81,0,0,0,0,0,0,0,0
60,2,86,0,0,0,0,0,0,0,0
60,2,91,0,0,0,0,0,0,0,0
60,2,96,0,0,0,0,0,0,0,0
60,2,101,0,0,0,0,0,0,0,0
60,2,106,0,0,0,0,0,0,0,0
60,2,111,0,0,0,0,0,0,0,0
60,2,116,0,0,0,0,0,0,0,0
60,2,121,0,0,0,0,0,0,0,0
60,2,126,0,0,0,0,0,0,0,0
60,2,131,0,0,0,0,0,0,0,0
60,2,136,0,0,0,0,0,0,0,0
60,2,141,0,0,0,0,0,0,0,0
60,2,146,0,0,0,0,0,0,0,0
60,2,151,0,0,0,0,0,0,0,0
60,2,156,0,0,0,0,0,0,0,0
60,2,161,0,0,0,0,0,0,0,0
60,2,166,0,0,0,0,0,0,0,0
60,2,171,0,0,0,0,0,0,0,0
60,2,176,0,0,0,0,0,0,0,0
60,2,181,0,0,0,0,0,0,0,0
60,2,186,0,0,0,0,0,0,0,0
60,2,191,0,0,0,0,0,0,0,0
60,2,196,0,0,0,0,0,0,0,0
60,2,201,0,0,0,0,0,0,0,0
60,2,206,0,0,0,0,0,0,0,0
60,3,1,0,0,0,0,0,0,0,0
60,3,6,0,0,0,0,0,0,0,0
60,3,11,0,0,0,0,0,0,0,0
60,3,16,0,0,0,0,0,0,0,0
60,3,21,0,0,0,0,0,0,0,0
60,3,26,0,0,0,0,0,0,0,0
60,3,31,0,0,0,0,0,0,0,0
60,3,36,0,0,0,0,0,0,0,0
60,3,41,0,0,0,0,0,0,0,0
60,3,46,0,0,0,0,0,0,0,0
60,3,51,0,0,0,0,0,0,0,0
60,3,56,0,0,0,0,0,0,0,0
60,3,61,0,0,0,0,0,0,0,0
60,3,66,0,0,0,0,0,0,0,0
60,3,71,0,0,0,0,0,0,0,0
60,3,76,0,0,0,0,0,0,0,0
60,3,81,0,0,0,0,0,0,0,0
60,3,86,0,0,0,0,0,0,0,0
60,3,91,0,0,0,0,0,0,0,0
60,3,96,0,0,0,0,0,0,0,0
60,3,101,0,0,0,0,0,0,0,0
60,3,106,0,0,0,0,0,0,0,0
60,3,111,0,0,0,0,0,0,0,0
60,3,116,0,0,0,0,0,0,0,0
60,3,121,0,0,0,0,0,0,0,0
60,3,126,0,0,0,0,0,0,0,0
60,3,131,0,0,0,0,0,0,0,0
60,3,136,0,0,0,0,0,0,0,0
60,3,141,0,0,0,0,0,0,0,0
60,3,146,0,0,0,0,0,0,0,0
60,3,151,0,0,0,0,0,0,0,0
60,3,156,0,0,0,0,0,0,0,0
60,3,161,0,0,0,0,0,0,0,0
60,3,166,0,0,0,0,0,0,0,0
60,3,171,0,0,0,0,0,0,0,0
60,3,176,0,0,0,0,0,0,0,0
60,3,181,0,0,0,0,0,0,0,0
60,3,186,0,0,0,0,0,0,0,0
60,3,191,0,0,0,0,0,0,0,0
60,3,196,0,0,0,0,0,0,0,0
60,3,201,0,0,0,0,0,0,0,0
60,3,206,0,0,0,0,0,0,0,0
60,4,1,0,0,0,0,0,0,0,0
60,4,6,0,0,0,0,0,0,0,0
60,4,11,0,0,0,0,0,0,0,0
60,4,16,0,0,0,0,0,0,0,0
60,4,21,0,0,0,0,0,0,0,0
60,4,26,0,0,0,0,0,0,0,0
60,4,31,0,0,0,0,0,0,0,0
60,4,36,0,0,0,0,0,0,0,0
60,4,41,0,0,0,0,0,0,0,0
60,4,46,0,0,0,0,0,0,0,0
60,4,51,0,0,0,0,0,0,0,0
60,4,56,0,0,0,0,0,0,0,0
60,4,61,0,0,0,0,0,0,0,0
60,4,66,0,0,0,0,0,0,0,0
60,4,71,0,0,0,0,0,0,0,0
60,4,76,0,0,0,0,0,0,0,0
60,4,81,0,0,0,0,0,0,0,0
60,4,86,0,0,0,0,0,0,0,0
60,4,91,0,0,0,0,0,0,0,0
60,4,96,0,0,0,0,0,0,0,0
60,4,101,0,0,0,0,0,0,0,0
60,4,106,0,0,0,0,0,0,0,0
60,4,111,0,0,0,0,0,0,0,0
60,4,116,0,0,0,0,0,0,0,0
60,4,121,0,0,0,0,0,0,0,0
60,4,126,0,0,0,0,0,0,0,0
60,4,131,0,0,0,0,0,0,0,0
60,4,136,0,0,0,0,0,0,0,0
60,4,141,0,0,0,0,0,0,0,0
60,4,146,0,0,0,0,0,0,0,0
60,4,151,0,0,0,0,0,0,0,0
60,4,156,0,0,0,0,0,0,0,0
60,4,161,0,0,0,0,0,0,0,0
60,4,166,0,0,0,0,0,0,0,0
60,4,171,0,0,0,0,0,0,0,0
60,4,176,0,0,0,0,0,0,0,0
60,4,181,0,0,0,0,0,0,0,0
60,4,186,0,0,0,0,0,0,0,0
60,4,191,0,0,0,0,0,0,0,0
60,4,196,0,0,0,0,0,0,0,0
60,4,201,0,0,0,0,0,0,0,0
60,4,206,0,0,0,0,0,0,0,0
60,5,1,0,0,0,0,0,0,0,0
60,5,6,0,0,0,0,0,0,0,0
60,5,11,0,0,0,0,0,0,0,0
60,5,16,0,0,0,0,0,0,0,0
60,5,21,0,0,0,0,0,0,0,0
60,5,26,0,0,0,0,0,0,0,0
60,5,31,0,0,0,0,0,0,0,0
60,5,36,0,0,0,0,0,0,0,0
60,5,41,0,0,0,0,0,0,0,0
60,5,46,0,0,0,0,0,0,0,0
60,5,51,0,0,0,0,0,0,0,0
60,5,56,0,0,0,0,0,0,0,0
60,5,61,0,0,0,0,0,0,0,0
60,5,66,0,0,0,0,0,0,0,0
60,5,71,0,0,0,0,0,0,0,0
60,5,76,0,0,0,0,0,0,0,0
60,5,81,0,0,0,0,0,0,0,0
60,5,86,0,0,0,0,0,0,0,0
60,5,91,0,0,0,0,0,0,0,0
60,5,96,0,0,0,0,0,0,0,0
60,5,101,0,0,0,0,0,0,0,0
60,5,106,0,0,0,0,0,0,0,0
60,5,111,0,0,0,0,0,0,0,0
60,5,116,0,0,0,0,0,0,0,0
60,5,121,0,0,0,0,0,0,0,0
60,5,126,0,0,0,0,0,0,0,0
60,5,131,0,0,0,0,0,0,0,0
60,5,136,0,0,0,0,0,0,0,0
60,5,141,0,0,0,0,0,0,0,0
60,5,146,0,0,0,0,0,0,0,0
60,5,151,0,0,0,0,0,0,0,0
60,5,156,0,0,0,0,0,0,0,0
60,5,161,0,0,0,0,0,0,0,0
60,5,166,0,0,0,0,0,0,0,0
60,5,171,0,0,0,0,0,0,0,0
60,5,176,0,0,0,0,0,0,0,0
60,5,181,0,0,0,0,0,0,0,0
60,5,186,0,0,0,0,0,0,0,0
60,5,191,0,0,0,0,0,0,0,0
60,5,196,0,0,0,0,0,0,0,0
60,5,201,0,0,0,0,0,0,0,0
60,5,206,0,0,0,0,0,0,0,0
60,6,1,0,0,0,0,0,0,0,0
60,6,6,0,0,0,0,0,0,0,0
60,6,11,0,0,0,0,0,0,0,0
60,6,16,0,0,0,0,0,0,0,0
60,6,21,0,0,0,0,0,0,0,0
60,6,26,0,0,0,0,0,0,0,0
60,6,31,0,0,0,0,0,0,0,0
60,6,36,0,0,0,0,0,0,0,0
60,6,41,0,0,0,0,0,0,0,0
60,6,46,0,0,0,0,0,0,0,0
60,6,51,0,0,0,0,0,0,0,0
60,6,56,0,0,0,0,0,0,0,0
60,6,61,0,0,0,0,0,0,0,0
60,6,66,0,0,0,0,0,0,0,0
60,6,71,0,0,0,0,0,0,0,0
60,6,76,0,0,0,0,0,0,0,0
60,6,81,0,0,0,0,0,0,0,0
60,6,86,0,0,0,0,0,0,0,0
60,6,91,0,0,0,0,0,0,0,0
60,6,96,0,0,0,0,0,0,0,0
60,6,101,0,0,0,0,0,0,0,0
60,6,106,0,0,0,0,0,0,0,0
60,6,111,0,0,0,0,0,0,0,0
60,6,116,0,0,0,0,0,0,0,0
60,6,121,0,0,0,0,0,0,0,0
60,6,126,0,0,0,0,0,0,0,0
60,6,131,0,0,0,0,0,0,0,0
60,6,136,0,0,0,0,0,0,0,0
60,6,141,0,0,0,0,0,0,0,0
60,6,146,0,0,0,0,0,0,0,0
60,6,151,0,0,0,0,0,0,0,0
60,6,156,0,0,0,0,0,0,0,0
60,6,161,0,0,0,0,0,0,0,0
60,6,166,0,0,0,0,0,0,0,0
60,6,171,0,0,0,0,0,0,0,0
60,6,176,0,0,0,0,0,0,0,0
60,6,181,0,0,0,0,0,0,0,0
60,6,186,0,0,0,0,0,0,0,0
60,6,191,0,0,0,0,0,0,0,0
60,6,196,0,0,0,0,0,0,0,0
60,6,201,0,0,0,0,0,0,0,0
60,6,206,0,0,0,0,0,0,0,0
60,7,1,-0.64184,0,0,0,0,0,0,0
60,7,6,0,0,0,0,0,0,0,0
60,7,11,0,0,0,0,0,0,0,0
60,7,16,0,0,0,0,0,0,0,0
60,7,21,0,0,0,0,0,0,0,0
60,7,26,0,0,0,0,0,0,0,0
60,7,31,0,0,0,0,0,0,0,0
60,7,36,0,0,0,0,0,0,0,0
60,7,41,0,0,0,0,0,0,0,0
60,7,46,0,0,0,0,0,0,0,0
60,7,51,0,0,0,0,0,0,0,0
60,7,56,0,0,0,0,0,0,0,0
60,7,61,0,0,0,0,0,0,0,0
60,7,66,0,0,0,0,0,0,0,0
60,7,71,0,0,0,0,0,0,0,0
60,7,76,0,0,0,0,0,0,0,0
60,7,81,0,0,0,0,0,0,0,0
60,7,86,0,0,0,0,0,0,0,0
60,7,91,0,0,0,0,0,0,0,0
60,7,96,0,0,0,0,0,0,0,0
60,7,101,0,0,0,0,0,0,0,0
60,7,106,0,0,0,0,0,0,0,0
60,7,111,0,0,0,0,0,0,0,0
60,7,116,0,0,0,0,0,0,0,0
60,7,121,0,0,0,0,0,0,0,0
60,7,126,0,0,0,0,0,0,0,0
60,7,131,0,0,0,0,0,0,0,0
60,7,136,0,0,0,0,0,0,0,0
60,7,141,0,0,0,0,0,0,0,0
60,7,146,0,0,0,0,0,0,0,0
60,7,151,0,0,0,0,0,0,0,0
60,7,156,0,0,0,0,0,0,0,0
60,7,161,0,0,0,0,0,0,0,0
60,7,166,0,0,0,0,0,0,0,0
60,7,171,0,0,0,0,0,0,0,0
60,7,176,0,0,0,0,0,0,0,0
60,7,181,0,0,0,0,0,0,0,0
60,7,186,0,0,0,0,0,0,0,0
60,7,191,0,0,0,0,0,0,0,0
60,7,196,0,0,0,0,0,0,0,0
60,7,201,0,0,0,0,0,0,0,0
60,7,206,0,0,0,0,0,0,0,0
60,8,1,0,0,0,0,0,0,0,0
60,8,6,0,0,0,0,0,0,0,0
60,8,11,0,0,0,0,0,0,0,0
60,8,16,0,0,0,0,0,0,0,0
60,8,21,0,0,0,0,0,0,0,0
60,8,26,0,0,0,0,0,0,0,0
60,8,31,0,0,0,0,0,0,0,0
60,8,36,0,0,0,0,0,0,0,0
60,8,41,0,0,0,0,0,0,0,0
60,8,46,0,0,0,0,0,0,0,0
60,8,51,0,0,0,0,0,0,0,0
60,8,56,0,0,0,0,0,0,0,0
60,8,61,0,0,0,0,0,0,0,0
60,8,66,0,0,0,0,0,0,0,0
60,8,71,0,0,0,0,0,0,0,0
60,8,76,0,0,0,0,0,0,0,0
60,8,81,0,0,0,0,0,0,0,0
60,8,86,0,0,0,0,0,0,0,0
60,8,91,0,0,0,0,0,0,0,0
60,8,96,0,0,0,0,0,0,0,0
60,8,101,0,0,0,0,0,0,0,0
60,8,106,0,0,0,0,0,0,0,0
60,8,111,0,0,0,0,0,0,0,0
60,8,116,0,0,0,0,0,0,0,0
60,8,121,0,0,0,0,0,0,0,0
60,8,126,0,0,0,0,0,0,0,0
60,8,131,0,0,0,0,0,0,0,0
60,8,136,0,0,0,0,0,0,0,0
60,8,141,0,0,0,0,0,0,0,0
60,8,146,0,0,0,0,0,0,0,0
60,8,151,0,0,0,0,0,0,0,0
60,8,156,0,0,0,0,0,0,0,0
60,8,161,0,0,0,0,0,0,0,0
60,8,166,0,0,0,0,0,0,0,0
60,8,171,0,0,0,0,0,0,0,0
60,8,176,0,0,0,0,0,0,0,0
60,8,181,0,0,0,0,0,0,0,0
60,8,186,0,0,0,0,0,0,0,0
60,8,191,0,0,0,0,0,0,0,0
60,8,196,0,0,0,0,0,0,0,0
60,8,201,0,0,0,0,0,0,0,0
60,8,206,0,0,0,0,0,0,0,0
60,9,1,0,0,0,0,0,0,0,0
60,9,6,0,0,0,0,0,0,0,0
60,9,11,0,0,0,0,0,0,0,0
60,9,16,0,0,0,0,0,0,0,0
60,9,21,0,0,0,0,0,0,0,0
60,9,26,0,0,0,0,0,0,0,0
60,9,31,0,0,0,0,0,0,0,0
60,9,36,0,0,0,0,0,0,0,0
60,9,41,0,0,0,0,0,0,0,0
60,9,46,0,0,0,0,0,0,0,0
60,9,51,0,0,0,0,0,0,0,0
60,9,56,0,0,0,0,0,0,0,0
60,9,61,0,0,0,0,0,0,0,0
60,9,66,0,0,0,0,0,0,0,0
60,9,71,0,0,0,0,0,0,0,0
60,9,76,0,0,0,0,0,0,0,0
60,9,81,0,0,0,0,0,0,0,0
60,9,86,0,0,0,0,0,0,0,0
60,9,91,0,0,0,0,0,0,0,0
60,9,96,0,0,0,0,0,0,0,0
60,9,101,0,0,0,0,0,0,0,0
60,9,106,0,0,0,0,0,0,0,0
60,9,111,0,0,0,0,0,0,0,0
60,9,116,0,0,0,0,0,0,0,0
60,9,121,0,0,0,0,0,0,0,0
60,9,126,0,0,0,0,0,0,0,0
60,9,131,0,0,0,0,0,0,0,0
60,9,136,0,0,0,0,0,0,0,0
60,9,141,0,0,0,0,0,0,0,0
60,9,146,0,0,0,0,0,0,0,0
60,9,151,0,0,0,0,0,0,0,0
60,9,156,0,0,0,0,0,0,0,0
60,9,161,0,0,0,0,0,0,0,0
60,9,166,0,0,0,0,0,0,0,0
60,9,171,0,0,0,0,0,0,0,0
60,9,176,0,0,0,0,0,0,0,0
60,9,181,0,0,0,0,0,0,0,0
60,9,186,0,0,0,0,0,0,0,0
60,9,191,0,0,0,0,0,0,0,0
60,9,196,0,0,0,0,0,0,0,0
60,9,201,0,0,0,0,0,0,0,0
60,9,206,0,0,0,0,0,0,0,0
60,10,1,0,0,0,0,0,0,0,0
60,10,6,0,0,0,0,0,0,0,0
60,10,11,0,0,0,0,0,0,0,0
60,10,16,0,0,0,0,0,0,0,0
60,10,21,0,0,0,0,0,0,0,0
60,10,26,0,0,0,0,0,0,0,0
60,10,31,0,0,0,0,0,0,0,0
60,10,36,0,0,0,0,0,0,0,0
60,10,41,0,0,0,0,0,0,0,0
60,10,46,0,0,0,0,0,0,0,0
60,10,51,0,0,0,0,0,0,0,0
60,10,56,0,0,0,0,0,0,0,0
60,10,61,0,0,0,0,0,0,0,0
60,10,66,0,0,0,0,0,0,0,0
60,10,71,0,0,0,0,0,0,0,0
60,10,76,0,0,0,0,0,0,0,0
60,10,81,0,0,0,0,0,0,0,0
60,10,86,0,0,0,0,0,0,0,0
60,10,91,0,0,0,0,0,0,0,0
60,10,96,0,0,0,0,0,0,0,0
60,10,101,0,0,0,0,0,0,0,0
60,10,106,0,0,0,0,0,0,0,0
60,10,111,0,0,0,0,0,0,0,0
60,10,116,0,0,0,0,0,0,0,0
60,10,121,0,0,0,0,0,0,0,0
60,10,126,0,0,0,0,0,0,0,0
60,10,131,0,0,0,0,0,0,0,0
60,10,136,0,0,0,0,0,0,0,0
60,10,141,0,0,0,0,0,0,0,0
60,10,146,0,0,0,0,0,0,0,0
60,10,151,0,0,0,0,0,0,0,0
60,10,156,0,0,0,0,0,0,0,0
60,10,161,0,0,0,0,0,0,0,0
60,10,166,0,0,0,0,0,0,0,0
60,10,171,0,0,0,0,0,0,0,0
60,10,176,0,0,0,0,0,0,0,0
60,10,181,0,0,0,0,0,0,0,0
60,10,186,0,0,0,0,0,0,0,0
60,10,191,0,0,0,0,0,0,0,0
60,10,196,0,0,0,0,0,0,0,0
60,10,201,0,0,0,0,0,0,0,0
60,10,206,0,0,0,0,0,0,0,0
60,11,1,0,0,0,0,0,0,0,0
60,11,6,0,0,0,0,0,0,0,0
60,11,11,0,0,0,0,0,0,0,0
60,11,16,0,0,0,0,0,0,0,0
60,11,21,0,0,0,0,0,0,0,0
60,11,26,0,0,0,0,0,0,0,0
60,11,31,0,0,0,0,0,0,0,0
60,11,36,0,0,0,0,0,0,0,0
60,11,41,0,0,0,0,0,0,0,0
60,11,46,0,0,0,0,0,0,0,0
60,11,51,0,0,0,0,0,0,0,0
60,11,56,0,0,0,0,0,0,0,0
60,11,61,0,0,0,0,0,0,0,0
60,11,66,0,0,0,0,0,0,0,0
60,11,71,0,0,0,0,0,0,0,0
60,11,76,0,0,0,0,0,0,0,0
60,11,81,0,0,0,0,0,0,0,0
60,11,86,0,0,0,0,0,0,0,0
60,11,91,0,0,0,0,0,0,0,0
60,11,96,0,0,0,0,0,0,0,0
60,11,101,0,0,0,0,0,0,0,0
60,11,106,0,0,0,0,0,0,0,0
60,11,111,0,0,0,0,0,0,0,0
60,11,116,0,0,0,0,0,0,0,0
60,11,121,0,0,0,0,0,0,0,0
60,11,126,0,0,0,0,0,0,0,0
60,11,131,0,0,0,0,0,0,0,0
60,11,136,0,0,0,0,0,0,0,0
60,11,141,0,0,0,0,0,0,0,0
60,11,146,0,0,0,0,0,0,0,0
60,11,151,0,0,0,0,0,0,0,0
60,11,156,0,0,0,0,0,0,0,0
60,11,161,0,0,0,0,0,0,0,0
60,11,166,0,0,0,0,0,0,0,0
60,11,171,0,0,0,0,0,0,0,0
60,11,176,0,0,0,0,0,0,0,0
60,11,181,0,0,0,0,0,0,0,0
60,11,186,0,0,0,0,0,0,0,0
60,11,191,0,0,0,0,0,0,0,0
60,11,196,0,0,0,0,0,0,0,0
60,11,201,0,0,0,0,0,0,0,0
60,11,206,0,0,0,0,0,0,0,0
60,12,1,1,1,1,1,1,1,1,1
60,12,6,1,1,1,1,1,1,1,1
60,12,11,1,1,1,1,1,1,1,1
60,12,16,1,1,1,1,1,1,1,1
60,12,21,1,1,1,1,1,1,1,1
60,12,26,1,1,1,1,1,1,1,1
60,12,31,1,1,1,1,1,1,1,1
60,12,36,1,1,1,1,1,1,1,1
60,12,41,1,1,1,1,1,1,1,1
60,12,46,1,1,1,1,1,1,1,1
60,12,51,1,1,1,1,1,1,1,1
60,12,56,1,1,1,1,1,1,1,1
60,12,61,1,1,1,1,1,1,1,1
60,12,66,1,1,1,1,1,1,1,1
60,12,71,1,1,1,1,1,1,1,1
60,12,76,1,1,1,1,1,1,1,1
60,12,81,1,1,1,1,1,1,1,1
60,12,86,1,1,1,1,1,1,1,1
60,12,91,1,1,1,1,1,1,1,1
60,12,96,1,1,1,1,1,1,1,1
60,12,101,1,1,1,1,1,1,1,1
60,12,106,1,1,1,1,1,1,1,1
60,12,111,1,1,1,1,1,1,1,1
60,12,116,1,1,1,1,1,1,1,1
60,12,121,1,1,1,1,1,1,1,1
60,12,126,1,1,1,1,1,1,1,1
60,12,131,1,1,1,1,1,1,1,1
60,12,136,1,1,1,1,1,1,1,1
60,12,141,1,1,1,1,1,1,1,1
60,12,146,1,1,1,1,1,1,1,1
60,12,151,1,1,1,1,1,1,1,1
60,12,156,1,1,1,1,1,1,1,1
60,12,161,1,1,1,1,1,1,1,1
60,12,166,1,1,1,1,1,1,1,1
60,12,171,1,1,1,1,1,1,1,1
60,12,176,1,1,1,1,1,1,1,1
60,12,181,1,1,1,1,1,1,1,1
60,12,186,1,1,1,1,1,1,1,1
60,12,191,1,1,1,1,1,1,1,1
60,12,196,1,1,1,1,1,1,1,1
60,12,201,1,1,1,1,1,1,1,1
60,12,206,1,1,1,1,1,1,1,1
60,13,1,0,0,0,0,0,0,0,0
60,13,6,0,0,0,0,0,0,0,0
60,13,11,0,0,0,0,0,0,0,0
60,13,16,0,0,0,0,0,0,0,0
60,13,21,0,0,0,0,0,0,0,0
60,13,26,0,0,0,0,0,0,0,0
60,13,31,0,0,0,0,0,0,0,0
60,13,36,0,0,0,0,0,0,0,0
60,13,41,0,0,0,0,0,0,0,0
60,13,46,0,0,0,0,0,0,0,0
60,13,51,0,0,0,0,0,0,0,0
60,13,56,0,0,0,0,0,0,0,0
60,13,61,0,0,0,0,0,0,0,0
60,13,66,0,0,0,0,0,0,0,0
60,13,71,0,0,0,0,0,0,0,0
60,13,76,0,0,0,0,0,0,0,0
60,13,81,0,0,0,0,0,0,0,0
60,13,86,0,0,0,0,0,0,0,0
60,13,91,0,0,0,0,0,0,0,0
60,13,96,0,0,0,0,0,0,0,0
60,13,101,0,0,0,0,0,0,0,0
60,13,106,0,0,0,0,0,0,0,0
60,13,111,0,0,0,0,0,0,0,0
60,13,116,0,0,0,0,0,0,0,0
60,13,121,0,0,0,0,0,0,0,0
60,13,126,0,0,0,0,0,0,0,0
60,13,131,0,0,0,0,0,0,0,0
60,13,136,0,0,0,0,0,0,0,0
60,13,141,0,0,0,0,0,0,0,0
60,13,146,0,0,0,0,0,0,0,0
60,13,151,0,0,0,0,0,0,0,0
60,13,156,0,0,0,0,0,0,0,0
60,13,161,0,0,0,0,0,0,0,0
60,13,166,0,0,0,0,0,0,0,0
60,13,171,0,0,0,0,0,0,0,0
60,13,176,0,0,0,0,0,0,0,0
60,13,181,0,0,0,0,0,0,0,0
60,13,186,0,0,0,0,0,0,0,0
60,13,191,0,0,0,0,0,0,0,0
60,13,196,0,0,0,0,0,0,0,0
60,13,201,0,0,0,0,0,0,0,0
60,13,206,0,0,0,0,0,0,0,0
60,14,1,0,0,0,0,0,0,0,0
60,14,6,0,0,0,0,0,0,0,0
60,14,11,0,0,0,0,0,0,0,0
60,14,16,0,0,0,0,0,0,0,0
60,14,21,0,0,0,0,0,0,0,0
60,14,26,0,0,0,0,0,0,0,0
60,14,31,0,0,0,0,0,0,0,0
60,14,36,0,0,0,0,0,0,0,0
60,14,41,0,0,0,0,0,0,0,0
60,14,46,0,0,0,0,0,0,0,0
60,14,51,0,0,0,0,0,0,0,0
60,14,56,0,0,0,0,0,0,0,0
60,14,61,0,0,0,0,0,0,0,0
60,14,66,0,0,0,0,0,0,0,0
60,14,71,0,0,0,0,0,0,0,0
60,14,76,0,0,0,0,0,0,0,0
60,14,81,0,0,0,0,0,0,0,0
60,14,86,0,0,0,0,0,0,0,0
60,14,91,0,0,0,0,0,0,0,0
60,14,96,0,0,0,0,0,0,0,0
60,14,101,0,0,0,0,0,0,0,0
60,14,106,0,0,0,0,0,0,0,0
60,14,111,0,0,0,0,0,0,0,0
60,14,116,0,0,0,0,0,0,0,0
60,14,121,0,0,0,0,0,0,0,0
60,14,126,0,0,0,0,0,0,0,0
60,14,131,0,0,0,0,0,0,0,0
60,14,136,0,0,0,0,0,0,0,0
60,14,141,0,0,0,0,0,0,0,0
60,14,146,0,0,0,0,0,0,0,0
60,14,151,0,0,0,0,0,0,0,0
60,14,156,0,0,0,0,0,0,0,0
60,14,161,0,0,0,0,0,0,0,0
60,14,166,0,0,0,0,0,0,0,0
60,14,171,0,0,0,0,0,0,0,0
60,14,176,0,0,0,0,0,0,0,0
60,14,181,0,0,0,0,0,0,0,0
60,14,186,0,0,0,0,0,0,0,0
60,14,191,0,0,0,0,0,0,0,0
60,14,196,0,0,0,0,0,0,0,0
60,14,201,0,0,0,0,0,0,0,0
60,14,206,0,0,0,0,0,0,0,0
60,15,1,0,0,0,0,0,0,0,0
60,15,6,0,0,0,0,0,0,0,0
60,15,11,0,0,0,0,0,0,0,0
60,15,16,0,0,0,0,0,0,0,0
60,15,21,0,0,0,0,0,0,0,0
60,15,26,0,0,0,0,0,0,0,0
60,15,31,0,0,0,0,0,0,0,0
60,15,36,0,0,0,0,0,0,0,0
60,15,41,0,0,0,0,0,0,0,0
60,15,46,0,0,0,0,0,0,0,0
60,15,51,0,0,0,0,0,0,0,0
60,15,56,0,0,0,0,0,0,0,0
60,15,61,0,0,0,0,0,0,0,0
60,15,66,0,0,0,0,0,0,0,0
60,15,71,0,0,0,0,0,0,0,0
60,15,76,0,0,0,0,0,0,0,0
60,15,81,0,0,0,0,0,0,0,0
60,15,86,0,0,0,0,0,0,0,0
60,15,91,0,0,0,0,0,0,0,0
60,15,96,0,0,0,0,0,0,0,0
60,15,101,0,0,0,0,0,0,0,0
60,15,106,0,0,0,0,0,0,0,0
60,15,111,0,0,0,0,0,0,0,0
60,15,116,0,0,0,0,0,0,0,0
60,15,121,0,0,0,0,0,0,0,0
60,15,126,0,0,0,0,0,0,0,0
60,15,131,0,0,0,0,0,0,0,0
60,15,136,0,0,0,0,0,0,0,0
60,15,141,0,0,0,0,0,0,0,0
60,15,146,0,0,0,0,0,0,0,0
60,15,151,0,0,0,0,0,0,0,0
60,15,156,0,0,0,0,0,0,0,0
60,15,161,0,0,0,0,0,0,0,0
60,15,166,0,0,0,0,0,0,0,0
60,15,171,0,0,0,0,0,0,0,0
60,15,176,0,0,0,0,0,0,0,0
60,15,181,0,0,0,0,0,0,0,0
60,15,186,0,0,0,0,0,0,0,0
60,15,191,0,0,0,0,0,0,0,0
60,15,196,0,0,0,0,0,0,0,0
60,15,201,0,0,0,0,0,0,0,0
60,15,206,0,0,0,0,0,0,0,0
60,16,1,0,0,0,0,0,0,0,0
60,16,6,0,0,0,0,0,0,0,0
60,16,11,0,0,0,0,0,0,0,0
60,16,16,0,0,0,0,0,0,0,0
60,16,21,0,0,0,0,0,0,0,0
60,16,26,0,0,0,0,0,0,0,0
60,16,31,0,0,0,0,0,0,0,0
60,16,36,0,0,0,0,0,0,0,0
60,16,41,0,0,0,0,0,0,0,0
60,16,46,0,0,0,0,0,0,0,0
60,16,51,0,0,0,0,0,0,0,0
60,16,56,0,0,0,0,0,0,0,0
60,16,61,0,0,0,0,0,0,0,0
60,16,66,0,0,0,0,0,0,0,0
60,16,71,0,0,0,0,0,0,0,0
60,16,76,0,0,0,0,0,0,0,0
60,16,81,0,0,0,0,0,0,0,0
60,16,86,0,0,0,0,0,0,0,0
60,16,91,0,0,0,0,0,0,0,0
60,16,96,0,0,0,0,0,0,0,0
60,16,101,0,0,0,0,0,0,0,0
60,16,106,0,0,0,0,0,0,0,0
60,16,111,0,0,0,0,0,0,0,0
60,16,116,0,0,0,0,0,0,0,0
60,16,121,0,0,0,0,0,0,0,0
60,16,126,0,0,0,0,0,0,0,0
60,16,131,0,0,0,0,0,0,0,0
60,16,136,0,0,0,0,0,0,0,0
60,16,141,0,0,0,0,0,0,0,0
60,16,146,0,0,0,0,0,0,0,0
60,16,151,0,0,0,0,0,0,0,0
60,16,156,0,0,0,0,0,0,0,0
60,16,161,0,0,0,0,0,0,0,0
60,16,166,0,0,0,0,0,0,0,0
60,16,171,0,0,0,0,0,0,0,0
60,16,176,0,0,0,0,0,0,0,0
60,16,181,0,0,0,0,0,0,0,0
60,16,186,0,0,0,0,0,0,0,0
60,16,191,0,0,0,0,0,0,0,0
60,16,196,0,0,0,0,0,0,0,0
60,16,201,0,0,0,0,0,0,0,0
60,16,206,0,0,0,0,0,0,0,0
60,17,1,0,0,0,0,0,0,0,0
60,17,6,0,0,0,0,0,0,0,0
60,17,11,0,0,0,0,0,0,0,0
60,17,16,0,0,0,0,0,0,0,0
60,17,21,0,0,0,0,0,0,0,0
60,17,26,0,0,0,0,0,0,0,0
60,17,31,0,0,0,0,0,0,0,0
60,17,36,0,0,0,0,0,0,0,0
60,17,41,0,0,0,0,0,0,0,0
60,17,46,0,0,0,0,0,0,0,0
60,17,51,0,0,0,0,0,0,0,0
60,17,56,0,0,0,0,0,0,0,0
60,17,61,0,0,0,0,0,0,0,0
60,17,66,0,0,0,0,0,0,0,0
60,17,71,0,0,0,0,0,0,0,0
60,17,76,0,0,0,0,0,0,0,0
60,17,81,0,0,0,0,0,0,0,0
60,17,86,0,0,0,0,0,0,0,0
60,17,91,0,0,0,0,0,0,0,0
60,17,96,0,0,0,0,0,0,0,0
60,17,101,0,0,0,0,0,0,0,0
60,17,106,0,0,0,0,0,0,0,0
60,17,111,0,0,0,0,0,0,0,0
60,17,116,0,0,0,0,0,0,0,0
60,17,121,0,0,0,0,0,0,0,0
60,17,126,0,0,0,0,0,0,0,0
60,17,131,0,0,0,0,0,0,0,0
60,17,136,0,0,0,0,0,0,0,0
60,17,141,0,0,0,0,0,0,0,0
60,17,146,0,0,0,0,0,0,0,0
60,17,151,0,0,0,0,0,0,0,0
60,17,156,0,0,0,0,0,0,0,0
60,17,161,0,0,0,0,0,0,0,0
60,17,166,0,0,0,0,0,0,0,0
60,17,171,0,0,0,0,0,0,0,0
60,17,176,0,0,0,0,0,0,0,0
60,17,181,0,0,0,0,0,0,0,0
60,17,186,0,0,0,0,0,0,0,0
60,17,191,0,0,0,0,0,0,0,0
60,17,196,0,0,0,0,0,0,0,0
60,17,201,0,0,0,0,0,0,0,0
60,17,206,0,0,0,0,0,0,0,0
60,18,1,0,0,0,0,0,0,0,0
60,18,6,0,0,0,0,0,0,0,0
60,18,11,0,0,0,0,0,0,0,0
60,18,16,0,0,0,0,0,0,0,0
60,18,21,0,0,0,0,0,0,0,0
60,18,26,0,0,0,0,0,0,0,0
60,18,31,0,0,0,0,0,0,0,0
60,18,36,0,0,0,0,0,0,0,0
60,18,41,0,0,0,0,0,0,0,0
60,18,46,0,0,0,0,0,0,0,0
60,18,51,0,0,0,0,0,0,0,0
60,18,56,0,0,0,0,0,0,0,0
60,18,61,0,0,0,0,0,0,0,0
60,18,66,0,0,0,0,0,0,0,0
60,18,71,0,0,0,0,0,0,0,0
60,18,76,0,0,0,0,0,0,0,0
60,18,81,0,0,0,0,0,0,0,0
60,18,86,0,0,0,0,0,0,0,0
60,18,91,0,0,0,0,0,0,0,0
60,18,96,0,0,0,0,0,0,0,0
60,18,101,0,0,0,0,0,0,0,0
60,18,106,0,0,0,0,0,0,0,0
60,18,111,0,0,0,0,0,0,0,0
60,18,116,0,0,0,0,0,0,0,0
60,18,121,0,0,0,0,0,0,0,0
60,18,126,0,0,0,0,0,0,0,0
60,18,131,0,0,0,0,0,0,0,0
60,18,136,0,0,0,0,0,0,0,0
60,18,141,0,0,0,0,0,0,0,0
60,18,146,0,0,0,0,0,0,0,0
60,18,151,0,0,0,0,0,0,0,0
60,18,156,0,0,0,0,0,0,0,0
60,18,161,0,0,0,0,0,0,0,0
60,18,166,0,0,0,0,0,0,0,0
60,18,171,0,0,0,0,0,0,0,0
60,18,176,0,0,0,0,0,0,0,0
60,18,181,0,0,0,0,0,0,0,0
60,18,186,0,0,0,0,0,0,0,0
60,18,191,0,0,0,0,0,0,0,0
60,18,196,0,0,0,0,0,0,0,0
60,18,201,0,0,0,0,0,0,0,0
60,18,206,0,0,0,0,0,0,0,0
60,19,1,0,0,0,0,0,0,0,0
60,19,6,0,0,0,0,0,0,0,0
60,19,11,0,0,0,0,0,0,0,0
60,19,16,0,0,0,0,0,0,0,0
60,19,21,0,0,0,0,0,0,0,0
60,19,26,0,0,0,0,0,0,0,0
60,19,31,0,0,0,0,0,0,0,0
60,19,36,0,0,0,0,0,0,0,0
60,19,41,0,0,0,0,0,0,0,0
60,19,46,0,0,0,0,0,0,0,0
60,19,51,0,0,0,0,0,0,0,0
60,19,56,0,0,0,0,0,0,0,0
60,19,61,0,0,0,0,0,0,0,0
60,19,66,0,0,0,0,0,0,0,0
60,19,71,0,0,0,0,0,0,0,0
60,19,76,0,0,0,0,0,0,0,0
60,19,81,0,0,0,0,0,0,0,0
60,19,86,0,0,0,0,0,0,0,0
60,19,91,0,0,0,0,0,0,0,0
60,19,96,0,0,0,0,0,0,0,0
60,19,101,0,0,0,0,0,0,0,0
60,19,106,0,0,0,0,0,0,0,0
60,19,111,0,0,0,0,0,0,0,0
60,19,116,0,0,0,0,0,0,0,0
60,19,121,0,0,0,0,0,0,0,0
60,19,126,0,0,0,0,0,0,0,0
60,19,131,0,0,0,0,0,0,0,0
60,19,136,0,0,0,0,0,0,0,0
60,19,141,0,0,0,0,0,0,0,0
60,19,146,0,0,0,0,0,0,0,0
60,19,151,0,0,0,0,0,0,0,0
60,19,156,0,0,0,0,0,0,0,0
60,19,161,0,0,0,0,0,0,0,0
60,19,166,0,0,0,0,0,0,0,0
60,19,171,0,0,0,0,0,0,0,0
60,19,176,0,0,0,0,0,0,0,0
60,19,181,0,0,0,0,0,0,0,0
60,19,186,0,0,0,0,0,0,0,0
60,19,191,0,0,0,0,0,0,0,0
60,19,196,0,0,0,0,0,0,0,0
60,19,201,0,0,0,0,0,0,0,0
60,19,206,0,0,0,0,0,0,0,0
60,20,1,-0.3851,0,0,0,0,0,0,0
60,20,6,0,0,0,0,0,0,0,0
60,20,11,0,0,0,0,0,0,0,0
60,20,16,0,0,0,0,0,0,0,0
60,20,21,0,0,0,0,0,0,0,0
60,20,26,0,0,0,0,0,0,0,0
60,20,31,0,0,0,0,0,0,0,0
60,20,36,0,0,0,0,0,0,0,0
60,20,41,0,0,0,0,0,0,0,0
60,20,46,0,0,0,0,0,0,0,0
60,20,51,0,0,0,0,0,0,0,0
60,20,56,0,0,0,0,0,0,0,0
60,20,61,0,0,0,0,0,0,0,0
60,20,66,0,0,0,0,0,0,0,0
60,20,71,0,0,0,0,0,0,0,0
60,20,76,0,0,0,0,0,0,0,0
60,20,81,0,0,0,0,0,0,0,0
60,20,86,0,0,0,0,0,0,0,0
60,20,91,0,0,0,0,0,0,0,0
60,20,96,0,0,0,0,0,0,0,0
60,20,101,0,0,0,0,0,0,0,0
60,20,106,0,0,0,0,0,0,0,0
60,20,111,0,0,0,0,0,0,0,0
60,20,116,0,0,0,0,0,0,0,0
60,20,121,0,0,0,0,0,0,0,0
60,20,126,0,0,0,0,0,0,0,0
60,20,131,0,0,0,0,0,0,0,0
60,20,136,0,0,0,0,0,0,0,0
60,20,141,0,0,0,0,0,0,0,0
60,20,146,0,0,0,0,0,0,0,0
60,20,151,0,0,0,0,0,0,0,0
60,20,156,0,0,0,0,0,0,0,0
60,20,161,0,0,0,0,0,0,0,0
60,20,166,0,0,0,0,0,0,0,0
60,20,171,0,0,0,0,0,0,0,0
60,20,176,0,0,0,0,0,0,0,0
60,20,181,0,0,0,0,0,0,0,0
60,20,186,0,0,0,0,0,0,0,0
60,20,191,0,0,0,0,0,0,0,0
60,20,196,0,0,0,0,0,0,0,0
60,20,201,0,0,0,0,0,0,0,0
60,20,206,0,0,0,0,0,0,0,0
60,21,1,0,0,0,0,0,0,0,0
60,21,6,0,0,0,0,0,0,0,0
60,21,11,0,0,0,0,0,0,0,0
60,21,16,0,0,0,0,0,0,0,0
60,21,21,0,0,0,0,0,0,0,0
60,21,26,0,0,0,0,0,0,0,0
60,21,31,0,0,0,0,0,0,0,0
60,21,36,0,0,0,0,0,0,0,0
60,21,41,0,0,0,0,0,0,0,0
60,21,46,0,0,0,0,0,0,0,0
60,21,51,0,0,0,0,0,0,0,0
60,21,56,0,0,0,0,0,0,0,0
60,21,61,0,0,0,0,0,0,0,0
60,21,66,0,0,0,0,0,0,0,0
60,21,71,0,0,0,0,0,0,0,0
60,21,76,0,0,0,0,0,0,0,0
60,21,81,0,0,0,0,0,0,0,0
60,21,86,0,0,0,0,0,0,0,0
60,21,91,0,0,0,0,0,0,0,0
60,21,96,0,0,0,0,0,0,0,0
60,21,101,0,0,0,0,0,0,0,0
60,21,106,0,0,0,0,0,0,0,0
60,21,111,0,0,0,0,0,0,0,0
60,21,116,0,0,0,0,0,0,0,0
60,21,121,0,0,0,0,0,0,0,0
60,21,126,0,0,0,0,0,0,0,0
60,21,131,0,0,0,0,0,0,0,0
60,21,136,0,0,0,0,0,0,0,0
60,21,141,0,0,0,0,0,0,0,0
60,21,146,0,0,0,0,0,0,0,0
60,21,151,0,0,0,0,0,0,0,0
60,21,156,0,0,0,0,0,0,0,0
60,21,161,0,0,0,0,0,0,0,0
60,21,166,0,0,0,0,0,0,0,0
60,21,171,0,0,0,0,0,0,0,0
60,21,176,0,0,0,0,0,0,0,0
60,21,181,0,0,0,0,0,0,0,0
60,21,186,0,0,0,0,0,0,0,0
60,21,191,0,0,0,0,0,0,0,0
60,21,196,0,0,0,0,0,0,0,0
60,21,201,0,0,0,0,0,0,0,0
60,21,206,0,0,0,0,0,0,0,0
60,22,1,0,0,0,0,0,0,0,0
60,22,6,0,0,0,0,0,0,0,0
60,22,11,0,0,0,0,0,0,0,0
60,22,16,0,0,0,0,0,0,0,0
60,22,21,0,0,0,0,0,0,0,0
60,22,26,0,0,0,0,0,0,0,0
60,22,31,0,0,0,0,0,0,0,0
60,22,36,0,0,0,0,0,0,0,0
60,22,41,0,0,0,0,0,0,0,0
60,22,46,0,0,0,0,0,0,0,0
60,22,51,0,0,0,0,0,0,0,0
60,22,56,0,0,0,0,0,0,0,0
60,22,61,0,0,0,0,0,0,0,0
60,22,66,0,0,0,0,0,0,0,0
60,22,71,0,0,0,0,0,0,0,0
60,22,76,0,0,0,0,0,0,0,0
60,22,81,0,0,0,0,0,0,0,0
60,22,86,0,0,0,0,0,0,0,0
60,22,91,0,0,0,0,0,0,0,0
60,22,96,0,0,0,0,0,0,0,0
60,22,101,0,0,0,0,0,0,0,0
60,22,106,0,0,0,0,0,0,0,0
60,22,111,0,0,0,0,0,0,0,0
60,22,116,0,0,0,0,0,0,0,0
60,22,121,0,0,0,0,0,0,0,0
60,22,126,0,0,0,0,0,0,0,0
60,22,131,0,0,0,0,0,0,0,0
60,22,136,0,0,0,0,0,0,0,0
60,22,141,0,0,0,0,0,0,0,0
60,22,146,0,0,0,0,0,0,0,0
60,22,151,0,0,0,0,0,0,0,0
60,22,156,0,0,0,0,0,0,0,0
60,22,161,0,0,0,0,0,0,0,0
60,22,166,0,0,0,0,0,0,0,0
60,22,171,0,0,0,0,0,0,0,0
60,22,176,0,0,0,0,0,0,0,0
60,22,181,0,0,0,0,0,0,0,0
60,22,186,0,0,0,0,0,0,0,0
60,22,191,0,0,0,0,0,0,0,0
60,22,196,0,0,0,0,0,0,0,0
60,22,201,0,0,0,0,0,0,0,0
60,22,206,0,0,0,0,0,0,0,0
60,23,1,0,0,0,0,0,0,0,0
60,23,6,0,0,0,0,0,0,0,0
60,23,11,0,0,0,0,0,0,0,0
60,23,16,0,0,0,0,0,0,0,0
60,23,21,0,0,0,0,0,0,0,0
60,23,26,0,0,0,0,0,0,0,0
60,23,31,0,0,0,0,0,0,0,0
60,23,36,0,0,0,0,0,0,0,0
60,23,41,0,0,0,0,0,0,0,0
60,23,46,0,0,0,0,0,0,0,0
60,23,51,0,0,0,0,0,0,0,0
60,23,56,0,0,0,0,0,0,0,0
60,23,61,0,0,0,0,0,0,0,0
60,23,66,0,0,0,0,0,0,0,0
60,23,71,0,0,0,0,0,0,0,0
60,23,76,0,0,0,0,0,0,0,0
60,23,81,0,0,0,0,0,0,0,0
60,23,86,0,0,0,0,0,0,0,0
60,23,91,0,0,0,0,0,0,0,0
60,23,96,0,0,0,0,0,0,0,0
60,23,101,0,0,0,0,0,0,0,0
60,23,106,0,0,0,0,0,0,0,0
60,23,111,0,0,0,0,0,0,0,0
60,23,116,0,0,0,0,0,0,0,0
60,23,121,0,0,0,0,0,0,0,0
60,23,126,0,0,0,0,0,0,0,0
60,23,131,0,0,0,0,0,0,0,0
60,23,136,0,0,0,0,0,0,0,0
60,23,141,0,0,0,0,0,0,0,0
60,23,146,0,0,0,0,0,0,0,0
60,23,151,0,0,0,0,0,0,0,0
60,23,156,0,0,0,0,0,0,0,0
60,23,161,0,0,0,0,0,0,0,0
60,23,166,0,0,0,0,0,0,0,0
60,23,171,0,0,0,0,0,0,0,0
60,23,176,0,0,0,0,0,0,0,0
60,23,181,0,0,0,0,0,0,0,0
60,23,186,0,0,0,0,0,0,0,0
60,23,191,0,0,0,0,0,0,0,0
60,23,196,0,0,0,0,0,0,0,0
60,23,201,0,0,0,0,0,0,0,0
60,23,206,0,0,0,0,0,0,0,0
60,24,1,0,0,0,0,0,0,0,0
60,24,6,0,0,0,0,0,0,0,0
60,24,11,0,0,0,0,0,0,0,0
60,24,16,0,0,0,0,0,0,0,0
60,24,21,0,0,0,0,0,0,0,0
60,24,26,0,0,0,0,0,0,0,0
60,24,31,0,0,0,0,0,0,0,0
60,24,36,0,0,0,0,0,0,0,0
60,24,41,0,0,0,0,0,0,0,0
60,24,46,0,0,0,0,0,0,0,0
60,24,51,0,0,0,0,0,0,0,0
60,24,56,0,0,0,0,0,0,0,0
60,24,61,0,0,0,0,0,0,0,0
60,24,66,0,0,0,0,0,0,0,0
60,24,71,0,0,0,0,0,0,0,0
60,24,76,0,0,0,0,0,0,0,0
60,24,81,0,0,0,0,0,0,0,0
60,24,86,0,0,0,0,0,0,0,0
60,24,91,0,0,0,0,0,0,0,0
60,24,96,0,0,0,0,0,0,0,0
60,24,101,0,0,0,0,0,0,0,0
60,24,106,0,0,0,0,0,0,0,0
60,24,111,0,0,0,0,0,0,0,0
60,24,116,0,0,0,0,0,0,0,0
60,24,121,0,0,0,0,0,0,0,0
60,24,126,0,0,0,0,0,0,0,0
60,24,131,0,0,0,0,0,0,0,0
60,24,136,0,0,0,0,0,0,0,0
60,24,141,0,0,0,0,0,0,0,0
60,24,146,0,0,0,0,0,0,0,0
60,24,151,0,0,0,0,0,0,0,0
60,24,156,0,0,0,0,0,0,0,0
60,24,161,0,0,0,0,0,0,0,0
60,24,166,0,0,0,0,0,0,0,0
60,24,171,0,0,0,0,0,0,0,0
60,24,176,0,0,0,0,0,0,0,0
60,24,181,0,0,0,0,0,0,0,0
60,24,186,0,0,0,0,0,0,0,0
60,24,191,0,0,0,0,0,0,0,0
60,24,196,0,0,0,0,0,0,0,0
60,24,201,0,0,0,0,0,0,0,0
60,24,206,0,0,0,0,0,0,0,0
60,25,1,0,0,0,0,0,0,0,0
60,25,6,0,0,0,0,0,0,0,0
60,25,11,0,0,0,0,0,0,0,0
60,25,16,0,0,0,0,0,0,0,0
60,25,21,0,0,0,0,0,0,0,0
60,25,26,0,0,0,0,0,0,0,0
60,25,31,0,0,0,0,0,0,0,0
60,25,36,0,0,0,0,0,0,0,0
60,25,41,0,0,0,0,0,0,0,0
60,25,46,0,0,0,0,0,0,0,0
60,25,51,0,0,0,0,0,0,0,0
60,25,56,0,0,0,0,0,0,0,0
60,25,61,0,0,0,0,0,0,0,0
60,25,66,0,0,0,0,0,0,0,0
60,25,71,0,0,0,0,0,0,0,0
60,25,76,0,0,0,0,0,0,0,0
60,25,81,0,0,0,0,0,0,0,0
60,25,86,0,0,0,0,0,0,0,0
60,25,91,0,0,0,0,0,0,0,0
60,25,96,0,0,0,0,0,0,0,0
60,25,101,0,0,0,0,0,0,0,0
60,25,106,0,0,0,0,0,0,0,0
60,25,111,0,0,0,0,0,0,0,0
60,25,116,0,0,0,0,0,0,0,0
60,25,121,0,0,0,0,0,0,0,0
60,25,126,0,0,0,0,0,0,0,0
60,25,131,0,0,0,0,0,0,0,0
60,25,136,0,0,0,0,0,0,0,0
60,25,141,0,0,0,0,0,0,0,0
60,25,146,0,0,0,0,0,0,0,0
60,25,151,0,0,0,0,0,0,0,0
60,25,156,0,0,0,0,0,0,0,0
60,25,161,0,0,0,0,0,0,0,0
60,25,166,0,0,0,0,0,0,0,0
60,25,171,0,0,0,0,0,0,0,0
60,25,176,0,0,0,0,0,0,0,0
60,25,181,0,0,0,0,0,0,0,0
60,25,186,0,0,0,0,0,0,0,0
60,25,191,0,0,0,0,0,0,0,0
60,25,196,0,0,0,0,0,0,0,0
60,25,201,0,0,0,0,0,0,0,0
60,25,206,0,0,0,0,0,0,0,0
60,26,1,0,0,0,0,0,0,0,0
60,26,6,0,0,0,0,0,0,0,0
60,26,11,0,0,0,0,0,0,0,0
60,26,16,0,0,0,0,0,0,0,0
60,26,21,0,0,0,0,0,0,0,0
60,26,26,0,0,0,0,0,0,0,0
60,26,31,0,0,0,0,0,0,0,0
60,26,36,0,0,0,0,0,0,0,0
60,26,41,0,0,0,0,0,0,0,0
60,26,46,0,0,0,0,0,0,0,0
60,26,51,0,0,0,0,0,0,0,0
60,26,56,0,0,0,0,0,0,0,0
60,26,61,0,0,0,0,0,0,0,0
60,26,66,0,0,0,0,0,0,0,0
60,26,71,0,0,0,0,0,0,0,0
60,26,76,0,0,0,0,0,0,0,0
60,26,81,0,0,0,0,0,0,0,0
60,26,86,0,0,0,0,0,0,0,0
60,26,91,0,0,0,0,0,0,0,0
60,26,96,0,0,0,0,0,0,0,0
60,26,101,0,0,0,0,0,0,0,0
60,26,106,0,0,0,0,0,0,0,0
60,26,111,0,0,0,0,0,0,0,0
60,26,116,0,0,0,0,0,0,0,0
60,26,121,0,0,0,0,0,0,0,0
60,26,126,0,0,0,0,0,0,0,0
60,26,131,0,0,0,0,0,0,0,0
60,26,136,0,0,0,0,0,0,0,0
60,26,141,0,0,0,0,0,0,0,0
60,26,146,0,0,0,0,0,0,0,0
60,26,151,0,0,0,0,0,0,0,0
60,26,156,0,0,0,0,0,0,0,0
60,26,161,0,0,0,0,0,0,0,0
60,26,166,0,0,0,0,0,0,0,0
60,26,171,0,0,0,0,0,0,0,0
60,26,176,0,0,0,0,0,0,0,0
60,26,181,0,0,0,0,0,0,0,0
60,26,186,0,0,0,0,0,0,0,0
60,26,191,0,0,0,0,0,0,0,0
60,26,196,0,0,0,0,0,0,0,0
60,26,201,0,0,0,0,0,0,0,0
60,26,206,0,0,0,0,0,0,0,0
60,27,1,0,0,0,0,0,0,0,0
60,27,6,0,0,0,0,0,0,0,0
60,27,11,0,0,0,0,0,0,0,0
60,27,16,0,0,0,0,0,0,0,0
60,27,21,0,0,0,0,0,0,0,0
60,27,26,0,0,0,0,0,0,0,0
60,27,31,0,0,0,0,0,0,0,0
60,27,36,0,0,0,0,0,0,0,0
60,27,41,0,0,0,0,0,0,0,0
60,27,46,0,0,0,0,0,0,0,0
60,27,51,0,0,0,0,0,0,0,0
60,27,56,0,0,0,0,0,0,0,0
60,27,61,0,0,0,0,0,0,0,0
60,27,66,0,0,0,0,0,0,0,0
60,27,71,0,0,0,0,0,0,0,0
60,27,76,0,0,0,0,0,0,0,0
60,27,81,0,0,0,0,0,0,0,0
60,27,86,0,0,0,0,0,0,0,0
60,27,91,0,0,0,0,0,0,0,0
60,27,96,0,0,0,0,0,0,0,0
60,27,101,0,0,0,0,0,0,0,0
60,27,106,0,0,0,0,0,0,0,0
60,27,111,0,0,0,0,0,0,0,0
60,27,116,0,0,0,0,0,0,0,0
60,27,121,0,0,0,0,0,0,0,0
60,27,126,0,0,0,0,0,0,0,0
60,27,131,0,0,0,0,0,0,0,0
60,27,136,0,0,0,0,0,0,0,0
60,27,141,0,0,0,0,0,0,0,0
60,27,146,0,0,0,0,0,0,0,0
60,27,151,0,0,0,0,0,0,0,0
60,27,156,0,0,0,0,0,0,0,0
60,27,161,0,0,0,0,0,0,0,0
60,27,166,0,0,0,0,0,0,0,0
60,27,171,0,0,0,0,0,0,0,0
60,27,176,0,0,0,0,0,0,0,0
60,27,181,0,0,0,0,0,0,0,0
60,27,186,0,0,0,0,0,0,0,0
60,27,191,0,0,0,0,0,0,0,0
60,27,196,0,0,0,0,0,0,0,0
60,27,201,0,0,0,0,0,0,0,0
60,27,206,0,0,0,0,0,0,0,0
60,28,1,0,0,0,0,0,0,0,0
60,28,6,0,0,0,0,0,0,0,0
60,28,11,0,0,0,0,0,0,0,0
60,28,16,0,0,0,0,0,0,0,0
60,28,21,0,0,0,0,0,0,0,0
60,28,26,0,0,0,0,0,0,0,0
60,28,31,0,0,0,0,0,0,0,0
60,28,36,0,0,0,0,0,0,0,0
60,28,41,0,0,0,0,0,0,0,0
60,28,46,0,0,0,0,0,0,0,0
60,28,51,0,0,0,0,0,0,0,0
60,28,56,0,0,0,0,0,0,0,0
60,28,61,0,0,0,0,0,0,0,0
60,28,66,0,0,0,0,0,0,0,0
60,28,71,0,0,0,0,0,0,0,0
60,28,76,0,0,0,0,0,0,0,0
60,28,81,0,0,0,0,0,0,0,0
60,28,86,0,0,0,0,0,0,0,0
60,28,91,0,0,0,0,0,0,0,0
60,28,96,0,0,0,0,0,0,0,0
60,28,101,0,0,0,0,0,0,0,0
60,28,106,0,0,0,0,0,0,0,0
60,28,111,0,0,0,0,0,0,0,0
60,28,116,0,0,0,0,0,0,0,0
60,28,121,0,0,0,0,0,0,0,0
60,28,126,0,0,0,0,0,0,0,0
60,28,131,0,0,0,0,0,0,0,0
60,28,136,0,0,0,0,0,0,0,0
60,28,141,0,0,0,0,0,0,0,0
60,28,146,0,0,0,0,0,0,0,0
60,28,151,0,0,0,0,0,0,0,0
60,28,156,0,0,0,0,0,0,0,0
60,28,161,0,0,0,0,0,0,0,0
60,28,166,0,0,0,0,0,0,0,0
60,28,171,0,0,0,0,0,0,0,0
60,28,176,0,0,0,0,0,0,0,0
60,28,181,0,0,0,0,0,0,0,0
60,28,186,0,0,0,0,0,0,0,0
60,28,191,0,0,0,0,0,0,0,0
60,28,196,0,0,0,0,0,0,0,0
60,28,201,0,0,0,0,0,0,0,0
60,28,206,0,0,0,0,0,0,0,0
60,29,1,0,0,0,0,0,0,0,0
60,29,6,0,0,0,0,0,0,0,0
60,29,11,0,0,0,0,0,0,0,0
60,29,16,0,0,0,0,0,0,0,0
60,29,21,0,0,0,0,0,0,0,0
60,29,26,0,0,0,0,0,0,0,0
60,29,31,0,0,0,0,0,0,0,0
60,29,36,0,0,0,0,0,0,0,0
60,29,41,0,0,0,0,0,0,0,0
60,29,46,0,0,0,0,0,0,0,0
60,29,51,0,0,0,0,0,0,0,0
60,29,56,0,0,0,0,0,0,0,0
60,29,61,0,0,0,0,0,0,0,0
60,29,66,0,0,0,0,0,0,0,0
60,29,71,0,0,0,0,0,0,0,0
60,29,76,0,0,0,0,0,0,0,0
60,29,81,0,0,0,0,0,0,0,0
60,29,86,0,0,0,0,0,0,0,0
60,29,91,0,0,0,0,0,0,0,0
60,29,96,0,0,0,0,0,0,0,0
60,29,101,0,0,0,0,0,0,0,0
60,29,106,0,0,0,0,0,0,0,0
60,29,111,0,0,0,0,0,0,0,0
60,29,116,0,0,0,0,0,0,0,0
60,29,121,0,0,0,0,0,0,0,0
60,29,126,0,0,0,0,0,0,0,0
60,29,131,0,0,0,0,0,0,0,0
60,29,136,0,0,0,0,0,0,0,0
60,29,141,0,0,0,0,0,0,0,0
60,29,146,0,0,0,0,0,0,0,0
60,29,151,0,0,0,0,0,0,0,0
60,29,156,0,0,0,0,0,0,0,0
60,29,161,0,0,0,0,0,0,0,0
60,29,166,0,0,0,0,0,0,0,0
60,29,171,0,0,0,0,0,0,0,0
60,29,176,0,0,0,0,0,0,0,0
60,29,181,0,0,0,0,0,0,0,0
60,29,186,0,0,0,0,0,0,0,0
60,29,191,0,0,0,0,0,0,0,0
60,29,196,0,0,0,0,0,0,0,0
60,29,201,0,0,0,0,0,0,0,0
60,29,206,0,0,0,0,0,0,0,0
60,30,1,0,0,0,0,0,0,0,0
60,30,6,0,0,0,0,0,0,0,0
60,30,11,0,0,0,0,0,0,0,0
60,30,16,0,0,0,0,0,0,0,0
60,30,21,0,0,0,0,0,0,0,0
60,30,26,0,0,0,0,0,0,0,0
60,30,31,0,0,0,0,0,0,0,0
60,30,36,0,0,0,0,0,0,0,0
60,30,41,0,0,0,0,0,0,0,0
60,30,46,0,0,0,0,0,0,0,0
60,30,51,0,0,0,0,0,0,0,0
60,30,56,0,0,0,0,0,0,0,0
60,30,61,0,0,0,0,0,0,0,0
60,30,66,0,0,0,0,0,0,0,0
60,30,71,0,0,0,0,0,0,0,0
60,30,76,0,0,0,0,0,0,0,0
60,30,81,0,0,0,0,0,0,0,0
60,30,86,0,0,0,0,0,0,0,0
60,30,91,0,0,0,0,0,0,0,0
60,30,96,0,0,0,0,0,0,0,0
60,30,101,0,0,0,0,0,0,0,0
60,30,106,0,0,0,0,0,0,0,0
60,30,111,0,0,0,0,0,0,0,0
60,30,116,0,0,0,0,0,0,0,0
60,30,121,0,0,0,0,0,0,0,0
60,30,126,0,0,0,0,0,0,0,0
60,30,131,0,0,0,0,0,0,0,0
60,30,136,0,0,0,0,0,0,0,0
60,30,141,0,0,0,0,0,0,0,0
60,30,146,0,0,0,0,0,0,0,0
60,30,151,0,0,0,0,0,0,0,0
60,30,156,0,0,0,0,0,0,0,0
60,30,161,0,0,0,0,0,0,0,0
60,30,166,0,0,0,0,0,0,0,0
60,30,171,0,0,0,0,0,0,0,0
60,30,176,0,0,0,0,0,0,0,0
60,30,181,0,0,0,0,0,0,0,0
60,30,186,0,0,0,0,0,0,0,0
60,30,191,0,0,0,0,0,0,0,0
60,30,196,0,0,0,0,0,0,0,0
60,30,201,0,0,0,0,0,0,0,0
60,30,206,0,0,0,0,0,0,0,0
60,31,1,0,0,0,0,0,0,0,0
60,31,6,0,0,0,0,0,0,0,0
60,31,11,0,0,0,0,0,0,0,0
60,31,16,0,0,0,0,0,0,0,0
60,31,21,0,0,0,0,0,0,0,0
60,31,26,0,0,0,0,0,0,0,0
60,31,31,0,0,0,0,0,0,0,0
60,31,36,0,0,0,0,0,0,0,0
60,31,41,0,0,0,0,0,0,0,0
60,31,46,0,0,0,0,0,0,0,0
60,31,51,0,0,0,0,0,0,0,0
60,31,56,0,0,0,0,0,0,0,0
60,31,61,0,0,0,0,0,0,0,0
60,31,66,0,0,0,0,0,0,0,0
60,31,71,0,0,0,0,0,0,0,0
60,31,76,0,0,0,0,0,0,0,0
60,31,81,0,0,0,0,0,0,0,0
60,31,86,0,0,0,0,0,0,0,0
60,31,91,0,0,0,0,0,0,0,0
60,31,96,0,0,0,0,0,0,0,0
60,31,101,0,0,0,0,0,0,0,0
60,31,106,0,0,0,0,0,0,0,0
60,31,111,0,0,0,0,0,0,0,0
60,31,116,0,0,0,0,0,0,0,0
60,31,121,0,0,0,0,0,0,0,0
60,31,126,0,0,0,0,0,0,0,0
60,31,131,0,0,0,0,0,0,0,0
60,31,136,0,0,0,0,0,0,0,0
60,31,141,0,0,0,0,0,0,0,0
60,31,146,0,0,0,0,0,0,0,0
60,31,151,0,0,0,0,0,0,0,0
60,31,156,0,0,0,0,0,0,0,0
60,31,161,0,0,0,0,0,0,0,0
60,31,166,0,0,0,0,0,0,0,0
60,31,171,0,0,0,0,0,0,0,0
60,31,176,0,0,0,0,0,0,0,0
60,31,181,0,0,0,0,0,0,0,0
60,31,186,0,0,0,0,0,0,0,0
60,31,191,0,0,0,0,0,0,0,0
60,31,196,0,0,0,0,0,0,0,0
60,31,201,0,0,0,0,0,0,0,0
60,31,206,0,0,0,0,0,0,0,0
60,32,1,-0.96275,0,0,0,0,0,0,0
60,32,6,0,0,0,0,0,0,0,0
60,32,11,0,0,0,0,0,0,0,0
60,32,16,0,0,0,0,0,0,0,0
60,32,21,0,0,0,0,0,0,0,0
60,32,26,0,0,0,0,0,0,0,0
60,32,31,0,0,0,0,0,0,0,0
60,32,36,0,0,0,0,0,0,0,0
60,32,41,0,0,0,0,0,0,0,0
60,32,46,0,0,0,0,0,0,0,0
60,32,51,0,0,0,0,0,0,0,0
60,32,56,0,0,0,0,0,0,0,0
60,32,61,0,0,0,0,0,0,0,0
60,32,66,0,0,0,0,0,0,0,0
60,32,71,0,0,0,0,0,0,0,0
60,32,76,0,0,0,0,0,0,0,0
60,32,81,0,0,0,0,0,0,0,0
60,32,86,0,0,0,0,0,0,0,0
60,32,91,0,0,0,0,0,0,0,0
60,32,96,0,0,0,0,0,0,0,0
60,32,101,0,0,0,0,0,0,0,0
60,32,106,0,0,0,0,0,0,0,0
60,32,111,0,0,0,0,0,0,0,0
60,32,116,0,0,0,0,0,0,0,0
60,32,121,0,0,0,0,0,0,0,0
60,32,126,0,0,0,0,0,0,0,0
60,32,131,0,0,0,0,0,0,0,0
60,32,136,0,0,0,0,0,0,0,0
60,32,141,0,0,0,0,0,0,0,0
60,32,146,0,0,0,0,0,0,0,0
60,32,151,0,0,0,0,0,0,0,0
60,32,156,0,0,0,0,0,0,0,0
60,32,161,0,0,0,0,0,0,0,0
60,32,166,0,0,0,0,0,0,0,0
60,32,171,0,0,0,0,0,0,0,0
60,32,176,0,0,0,0,0,0,0,0
60,32,181,0,0,0,0,0,0,0,0
60,32,186,0,0,0,0,0,0,0,0
60,32,191,0,0,0,0,0,0,0,0
60,32,196,0,0,0,0,0,0,0,0
60,32,201,0,0,0,0,0,0,0,0
60,32,206,0,0,0,0,0,0,0,0
60,33,1,0,0,0,0,0,0,0,0
60,33,6,0,0,0,0,0,0,0,0
60,33,11,0,0,0,0,0,0,0,0
60,33,16,0,0,0,0,0,0,0,0
60,33,21,0,0,0,0,0,0,0,0
60,33,26,0,0,0,0,0,0,0,0
60,33,31,0,0,0,0,0,0,0,0
60,33,36,0,0,0,0,0,0,0,0
60,33,41,0,0,0,0,0,0,0,0
60,33,46,0,0,0,0,0,0,0,0
60,33,51,0,0,0,0,0,0,0,0
60,33,56,0,0,0,0,0,0,0,0
60,33,61,0,0,0,0,0,0,0,0
60,33,66,0,0,0,0,0,0,0,0
60,33,71,0,0,0,0,0,0,0,0
60,33,76,0,0,0,0,0,0,0,0
60,33,81,0,0,0,0,0,0,0,0
60,33,86,0,0,0,0,0,0,0,0
60,33,91,0,0,0,0,0,0,0,0
60,33,96,0,0,0,0,0,0,0,0
60,33,101,0,0,0,0,0,0,0,0
60,33,106,0,0,0,0,0,0,0,0
60,33,111,0,0,0,0,0,0,0,0
60,33,116,0,0,0,0,0,0,0,0
60,33,121,0,0,0,0,0,0,0,0
60,33,126,0,0,0,0,0,0,0,0
60,33,131,0,0,0,0,0,0,0,0
60,33,136,0,0,0,0,0,0,0,0
60,33,141,0,0,0,0,0,0,0,0
60,33,146,0,0,0,0,0,0,0,0
60,33,151,0,0,0,0,0,0,0,0
60,33,156,0,0,0,0,0,0,0,0
60,33,161,0,0,0,0,0,0,0,0
60,33,166,0,0,0,0,0,0,0,0
60,33,171,0,0,0,0,0,0,0,0
60,33,176,0,0,0,0,0,0,0,0
60,33,181,0,0,0,0,0,0,0,0
60,33,186,0,0,0,0,0,0,0,0
60,33,191,0,0,0,0,0,0,0,0
60,33,196,0,0,0,0,0,0,0,0
60,33,201,0,0,0,0,0,0,0,0
60,33,206,0,0,0,0,0,0,0,0
60,34,1,0,0,0,0,0,0,0,0
60,34,6,0,0,0,0,0,0,0,0
60,34,11,0,0,0,0,0,0,0,0
60,34,16,0,0,0,0,0,0,0,0
60,34,21,0,0,0,0,0,0,0,0
60,34,26,0,0,0,0,0,0,0,0
60,34,31,0,0,0,0,0,0,0,0
60,34,36,0,0,0,0,0,0,0,0
60,34,41,0,0,0,0,0,0,0,0
60,34,46,0,0,0,0,0,0,0,0
60,34,51,0,0,0,0,0,0,0,0
60,34,56,0,0,0,0,0,0,0,0
60,34,61,0,0,0,0,0,0,0,0
60,34,66,0,0,0,0,0,0,0,0
60,34,71,0,0,0,0,0,0,0,0
60,34,76,0,0,0,0,0,0,0,0
60,34,81,0,0,0,0,0,0,0,0
60,34,86,0,0,0,0,0,0,0,0
60,34,91,0,0,0,0,0,0,0,0
60,34,96,0,0,0,0,0,0,0,0
60,34,101,0,0,0,0,0,0,0,0
60,34,106,0,0,0,0,0,0,0,0
60,34,111,0,0,0,0,0,0,0,0
60,34,116,0,0,0,0,0,0,0,0
60,34,121,0,0,0,0,0,0,0,0
60,34,126,0,0,0,0,0,0,0,0
60,34,131,0,0,0,0,0,0,0,0
60,34,136,0,0,0,0,0,0,0,0
60,34,141,0,0,0,0,0,0,0,0
60,34,146,0,0,0,0,0,0,0,0
60,34,151,0,0,0,0,0,0,0,0
60,34,156,0,0,0,0,0,0,0,0
60,34,161,0,0,0,0,0,0,0,0
60,34,166,0,0,0,0,0,0,0,0
60,34,171,0,0,0,0,0,0,0,0
60,34,176,0,0,0,0,0,0,0,0
60,34,181,0,0,0,0,0,0,0,0
60,34,186,0,0,0,0,0,0,0,0
60,34,191,0,0,0,0,0,0,0,0
60,34,196,0,0,0,0,0,0,0,0
60,34,201,0,0,0,0,0,0,0,0
60,34,206,0,0,0,0,0,0,0,0
60,35,1,0.65818,0,0,0,0,0,0,0
60,35,6,0,0,0,0,0,0,0,0
60,35,11,0,0,0,0,0,0,0,0
60,35,16,0,0,0,0,0,0,0,0
60,35,21,0,0,0,0,0,0,0,0
60,35,26,0,0,0,0,0,0,0,0
60,35,31,0,0,0,0,0,0,0,0
60,35,36,0,0,0,0,0,0,0,0
60,35,41,0,0,0,0,0,0,0,0
60,35,46,0,0,0,0,0,0,0,0
60,35,51,0,0,0,0,0,0,0,0
60,35,56,0,0,0,0,0,0,0,0
60,35,61,0,0,0,0,0,0,0,0
60,35,66,0,0,0,0,0,0,0,0
60,35,71,0,0,0,0,0,0,0,0
60,35,76,0,0,0,0,0,0,0,0
60,35,81,0,0,0,0,0,0,0,0
60,35,86,0,0,0,0,0,0,0,0
60,35,91,0,0,0,0,0,0,0,0
60,35,96,0,0,0,0,0,0,0,0
60,35,101,0,0,0,0,0,0,0,0
60,35,106,0,0,0,0,0,0,0,0
60,35,111,0,0,0,0,0,0,0,0
60,35,116,0,0,0,0,0,0,0,0
60,35,121,0,0,0,0,0,0,0,0
60,35,126,0,0,0,0,0,0,0,0
60,35,131,0,0,0,0,0,0,0,0
60,35,136,0,0,0,0,0,0,0,0
60,35,141,0,0,0,0,0,0,0,0
60,35,146,0,0,0,0,0,0,0,0
60,35,151,0,0,0,0,0,0,0,0
60,35,156,0,0,0,0,0,0,0,0
60,35,161,0,0,0,0,0,0,0,0
60,35,166,0,0,0,0,0,0,0,0
60,35,171,0,0,0,0,0,0,0,0
60,35,176,0,0,0,0,0,0,0,0
60,35,181,0,0,0,0,0,0,0,0
60,35,186,0,0,0,0,0,0,0,0
60,35,191,0,0,0,0,0,0,0,0
60,35,196,0,0,0,0,0,0,0,0
60,35,201,0,0,0,0,0,0,0,0
60,35,206,0,0,0,0,0,0,0,0
60,36,1,0,0,0,0,0,0,0,0
60,36,6,0,0,0,0,0,0,0,0
60,36,11,0,0,0,0,0,0,0,0
60,36,16,0,0,0,0,0,0,0,0
60,36,21,0,0,0,0,0,0,0,0
60,36,26,0,0,0,0,0,0,0,0
60,36,31,0,0,0,0,0,0,0,0
60,36,36,0,0,0,0,0,0,0,0
60,36,41,0,0,0,0,0,0,0,0
60,36,46,0,0,0,0,0,0,0,0
60,36,51,0,0,0,0,0,0,0,0
60,36,56,0,0,0,0,0,0,0,0
60,36,61,0,0,0,0,0,0,0,0
60,36,66,0,0,0,0,0,0,0,0
60,36,71,0,0,0,0,0,0,0,0
60,36,76,0,0,0,0,0,0,0,0
60,36,81,0,0,0,0,0,0,0,0
60,36,86,0,0,0,0,0,0,0,0
60,36,91,0,0,0,0,0,0,0,0
60,36,96,0,0,0,0,0,0,0,0
60,36,101,0,0,0,0,0,0,0,0
60,36,106,0,0,0,0,0,0,0,0
60,36,111,0,0,0,0,0,0,0,0
60,36,116,0,0,0,0,0,0,0,0
60,36,121,0,0,0,0,0,0,0,0
60,36,126,0,0,0,0,0,0,0,0
60,36,131,0,0,0,0,0,0,0,0
60,36,136,0,0,0,0,0,0,0,0
60,36,141,0,0,0,0,0,0,0,0
60,36,146,0,0,0,0,0,0,0,0
60,36,151,0,0,0,0,0,0,0,0
60,36,156,0,0,0,0,0,0,0,0
60,36,161,0,0,0,0,0,0,0,0
60,36,166,0,0,0,0,0,0,0,0
60,36,171,0,0,0,0,0,0,0,0
60,36,176,0,0,0,0,0,0,0,0
60,36,181,0,0,0,0,0,0,0,0
60,36,186,0,0,0,0,0,0,0,0
60,36,191,0,0,0,0,0,0,0,0
60,36,196,0,0,0,0,0,0,0,0
60,36,201,0,0,0,0,0,0,0,0
60,36,206,0,0,0,0,0,0,0,0
60,37,1,0,0,0,0,0,0,0,0
60,37,6,0,0,0,0,0,0,0,0
60,37,11,0,0,0,0,0,0,0,0
60,37,16,0,0,0,0,0,0,0,0
60,37,21,0,0,0,0,0,0,0,0
60,37,26,0,0,0,0,0,0,0,0
60,37,31,0,0,0,0,0,0,0,0
60,37,36,0,0,0,0,0,0,0,0
60,37,41,0,0,0,0,0,0,0,0
60,37,46,0,0,0,0,0,0,0,0
60,37,51,0,0,0,0,0,0,0,0
60,37,56,0,0,0,0,0,0,0,0
60,37,61,0,0,0,0,0,0,0,0
60,37,66,0,0,0,0,0,0,0,0
60,37,71,0,0,0,0,0,0,0,0
60,37,76,0,0,0,0,0,0,0,0
60,37,81,0,0,0,0,0,0,0,0
60,37,86,0,0,0,0,0,0,0,0
60,37,91,0,0,0,0,0,0,0,0
60,37,96,0,0,0,0,0,0,0,0
60,37,101,0,0,0,0,0,0,0,0
60,37,106,0,0,0,0,0,0,0,0
60,37,111,0,0,0,0,0,0,0,0
60,37,116,0,0,0,0,0,0,0,0
60,37,121,0,0,0,0,0,0,0,0
60,37,126,0,0,0,0,0,0,0,0
60,37,131,0,0,0,0,0,0,0,0
60,37,136,0,0,0,0,0,0,0,0
60,37,141,0,0,0,0,0,0,0,0
60,37,146,0,0,0,0,0,0,0,0
60,37,151,0,0,0,0,0,0,0,0
60,37,156,0,0,0,0,0,0,0,0
60,37,161,0,0,0,0,0,0,0,0
60,37,166,0,0,0,0,0,0,0,0
60,37,171,0,0,0,0,0,0,0,0
60,37,176,0,0,0,0,0,0,0,0
60,37,181,0,0,0,0,0,0,0,0
60,37,186,0,0,0,0,0,0,0,0
60,37,191,0,0,0,0,0,0,0,0
60,37,196,0,0,0,0,0,0,0,0
60,37,201,0,0,0,0,0,0,0,0
60,37,206,0,0,0,0,0,0,0,0
60,38,1,0,0,0,0,0,0,0,0
60,38,6,0,0,0,0,0,0,0,0
60,38,11,0,0,0,0,0,0,0,0
60,38,16,0,0,0,0,0,0,0,0
60,38,21,0,0,0,0,0,0,0,0
60,38,26,0,0,0,0,0,0,0,0
60,38,31,0,0,0,0,0,0,0,0
60,38,36,0,0,0,0,0,0,0,0
60,38,41,0,0,0,0,0,0,0,0
60,38,46,0,0,0,0,0,0,0,0
60,38,51,0,0,0,0,0,0,0,0
60,38,56,0,0,0,0,0,0,0,0
60,38,61,0,0,0,0,0,0,0,0
60,38,66,0,0,0,0,0,0,0,0
60,38,71,0,0,0,0,0,0,0,0
60,38,76,0,0,0,0,0,0,0,0
60,38,81,0,0,0,0,0,0,0,0
60,38,86,0,0,0,0,0,0,0,0
60,38,91,0,0,0,0,0,0,0,0
60,38,96,0,0,0,0,0,0,0,0
60,38,101,0,0,0,0,0,0,0,0
60,38,106,0,0,0,0,0,0,0,0
60,38,111,0,0,0,0,0,0,0,0
60,38,116,0,0,0,0,0,0,0,0
60,38,121,0,0,0,0,0,0,0,0
60,38,126,0,0,0,0,0,0,0,0
60,38,131,0,0,0,0,0,0,0,0
60,38,136,0,0,0,0,0,0,0,0
60,38,141,0,0,0,0,0,0,0,0
60,38,146,0,0,0,0,0,0,0,0
60,38,151,0,0,0,0,0,0,0,0
60,38,156,0,0,0,0,0,0,0,0
60,38,161,0,0,0,0,0,0,0,0
60,38,166,0,0,0,0,0,0,0,0
60,38,171,0,0,0,0,0,0,0,0
60,38,176,0,0,0,0,0,0,0,0
60,38,181,0,0,0,0,0,0,0,0
60,38,186,0,0,0,0,0,0,0,0
60,38,191,0,0,0,0,0,0,0,0
60,38,196,0,0,0,0,0,0,0,0
60,38,201,0,0,0,0,0,0,0,0
60,38,206,0,0,0,0,0,0,0,0
60,39,1,-0.32092,0,0,0,0,0,0,0
60,39,6,0,0,0,0,0,0,0,0
60,39,11,0,0,0,0,0,0,0,0
60,39,16,0,0,0,0,0,0,0,0
60,39,21,0,0,0,0,0,0,0,0
60,39,26,0,0,0,0,0,0,0,0
60,39,31,0,0,0,0,0,0,0,0
60,39,36,0,0,0,0,0,0,0,0
60,39,41,0,0,0,0,0,0,0,0
60,39,46,0,0,0,0,0,0,0,0
60,39,51,0,0,0,0,0,0,0,0
60,39,56,0,0,0,0,0,0,0,0
60,39,61,0,0,0,0,0,0,0,0
60,39,66,0,0,0,0,0,0,0,0
60,39,71,0,0,0,0,0,0,0,0
60,39,76,0,0,0,0,0,0,0,0
60,39,81,0,0,0,0,0,0,0,0
60,39,86,0,0,0,0,0,0,0,0
60,39,91,0,0,0,0,0,0,0,0
60,39,96,0,0,0,0,0,0,0,0
60,39,101,0,0,0,0,0,0,0,0
60,39,106,0,0,0,0,0,0,0,0
60,39,111,0,0,0,0,0,0,0,0
60,39,116,0,0,0,0,0,0,0,0
60,39,121,0,0,0,0,0,0,0,0
60,39,126,0,0,0,0,0,0,0,0
60,39,131,0,0,0,0,0,0,0,0
60,39,136,0,0,0,0,0,0,0,0
60,39,141,0,0,0,0,0,0,0,0
60,39,146,0,0,0,0,0,0,0,0
60,39,151,0,0,0,0,0,0,0,0
60,39,156,0,0,0,0,0,0,0,0
60,39,161,0,0,0,0,0,0,0,0
60,39,166,0,0,0,0,0,0,0,0
60,39,171,0,0,0,0,0,0,0,0
60,39,176,0,0,0,0,0,0,0,0
60,39,181,0,0,0,0,0,0,0,0
60,39,186,0,0,0,0,0,0,0,0
60,39,191,0,0,0,0,0,0,0,0
60,39,196,0,0,0,0,0,0,0,0
60,39,201,0,0,0,0,0,0,0,0
60,39,206,0,0,0,0,0,0,0,0
60,40,1,0,0,0,0,0,0,0,0
60,40,6,0,0,0,0,0,0,0,0
60,40,11,0,0,0,0,0,0,0,0
60,40,16,0,0,0,0,0,0,0,0
60,40,21,0,0,0,0,0,0,0,0
60,40,26,0,0,0,0,0,0,0,0
60,40,31,0,0,0,0,0,0,0,0
60,40,36,0,0,0,0,0,0,0,0
60,40,41,0,0,0,0,0,0,0,0
60,40,46,0,0,0,0,0,0,0,0
60,40,51,0,0,0,0,0,0,0,0
60,40,56,0,0,0,0,0,0,0,0
60,40,61,0,0,0,0,0,0,0,0
60,40,66,0,0,0,0,0,0,0,0
60,40,71,0,0,0,0,0,0,0,0
60,40,76,0,0,0,0,0,0,0,0
60,40,81,0,0,0,0,0,0,0,0
60,40,86,0,0,0,0,0,0,0,0
60,40,91,0,0,0,0,0,0,0,0
60,40,96,0,0,0,0,0,0,0,0
60,40,101,0,0,0,0,0,0,0,0
60,40,106,0,0,0,0,0,0,0,0
60,40,111,0,0,0,0,0,0,0,0
60,40,116,0,0,0,0,0,0,0,0
60,40,121,0,0,0,0,0,0,0,0
60,40,126,0,0,0,0,0,0,0,0
60,40,131,0,0,0,0,0,0,0,0
60,40,136,0,0,0,0,0,0,0,0
60,40,141,0,0,0,0,0,0,0,0
60,40,146,0,0,0,0,0,0,0,0
60,40,151,0,0,0,0,0,0,0,0
60,40,156,0,0,0,0,0,0,0,0
60,40,161,0,0,0,0,0,0,0,0
60,40,166,0,0,0,0,0,0,0,0
60,40,171,0,0,0,0,0,0,0,0
60,40,176,0,0,0,0,0,0,0,0
60,40,181,0,0,0,0,0,0,0,0
60,40,186,0,0,0,0,0,0,0,0
60,40,191,0,0,0,0,0,0,0,0
60,40,196,0,0,0,0,0,0,0,0
60,40,201,0,0,0,0,0,0,0,0
60,40,206,0,0,0,0,0,0,0,0
60,41,1,0,0,0,0,0,0,0,0
60,41,6,0,0,0,0,0,0,0,0
60,41,11,0,0,0,0,0,0,0,0
60,41,16,0,0,0,0,0,0,0,0
60,41,21,0,0,0,0,0,0,0,0
60,41,26,0,0,0,0,0,0,0,0
60,41,31,0,0,0,0,0,0,0,0
60,41,36,0,0,0,0,0,0,0,0
60,41,41,0,0,0,0,0,0,0,0
60,41,46,0,0,0,0,0,0,0,0
60,41,51,0,0,0,0,0,0,0,0
60,41,56,0,0,0,0,0,0,0,0
60,41,61,0,0,0,0,0,0,0,0
60,41,66,0,0,0,0,0,0,0,0
60,41,71,0,0,0,0,0,0,0,0
60,41,76,0,0,0,0,0,0,0,0
60,41,81,0,0,0,0,0,0,0,0
60,41,86,0,0,0,0,0,0,0,0
60,41,91,0,0,0,0,0,0,0,0
60,41,96,0,0,0,0,0,0,0,0
60,41,101,0,0,0,0,0,0,0,0
60,41,106,0,0,0,0,0,0,0,0
60,41,111,0,0,0,0,0,0,0,0
60,41,116,0,0,0,0,0,0,0,0
60,41,121,0,0,0,0,0,0,0,0
60,41,126,0,0,0,0,0,0,0,0
60,41,131,0,0,0,0,0,0,0,0
60,41,136,0,0,0,0,0,0,0,0
60,41,141,0,0,0,0,0,0,0,0
60,41,146,0,0,0,0,0,0,0,0
60,41,151,0,0,0,0,0,0,0,0
60,41,156,0,0,0,0,0,0,0,0
60,41,161,0,0,0,0,0,0,0,0
60,41,166,0,0,0,0,0,0,0,0
60,41,171,0,0,0,0,0,0,0,0
60,41,176,0,0,0,0,0,0,0,0
60,41,181,0,0,0,0,0,0,0,0
60,41,186,0,0,0,0,0,0,0,0
60,41,191,0,0,0,0,0,0,0,0
60,41,196,0,0,0,0,0,0,0,0
60,41,201,0,0,0,0,0,0,0,0
60,41,206,0,0,0,0,0,0,0,0
60,42,1,0,0,0,0,0,0,0,0
60,42,6,0,0,0,0,0,0,0,0
60,42,11,0,0,0,0,0,0,0,0
60,42,16,0,0,0,0,0,0,0,0
60,42,21,0,0,0,0,0,0,0,0
60,42,26,0,0,0,0,0,0,0,0
60,42,31,0,0,0,0,0,0,0,0
60,42,36,0,0,0,0,0,0,0,0
60,42,41,0,0,0,0,0,0,0,0
60,42,46,0,0,0,0,0,0,0,0
60,42,51,0,0,0,0,0,0,0,0
60,42,56,0,0,0,0,0,0,0,0
60,42,61,0,0,0,0,0,0,0,0
60,42,66,0,0,0,0,0,0,0,0
60,42,71,0,0,0,0,0,0,0,0
60,42,76,0,0,0,0,0,0,0,0
60,42,81,0,0,0,0,0,0,0,0
60,42,86,0,0,0,0,0,0,0,0
60,42,91,0,0,0,0,0,0,0,0
60,42,96,0,0,0,0,0,0,0,0
60,42,101,0,0,0,0,0,0,0,0
60,42,106,0,0,0,0,0,0,0,0
60,42,111,0,0,0,0,0,0,0,0
60,42,116,0,0,0,0,0,0,0,0
60,42,121,0,0,0,0,0,0,0,0
60,42,126,0,0,0,0,0,0,0,0
60,42,131,0,0,0,0,0,0,0,0
60,42,136,0,0,0,0,0,0,0,0
60,42,141,0,0,0,0,0,0,0,0
60,42,146,0,0,0,0,0,0,0,0
60,42,151,0,0,0,0,0,0,0,0
60,42,156,0,0,0,0,0,0,0,0
60,42,161,0,0,0,0,0,0,0,0
60,42,166,0,0,0,0,0,0,0,0
60,42,171,0,0,0,0,0,0,0,0
60,42,176,0,0,0,0,0,0,0,0
60,42,181,0,0,0,0,0,0,0,0
60,42,186,0,0,0,0,0,0,0,0
60,42,191,0,0,0,0,0,0,0,0
60,42,196,0,0,0,0,0,0,0,0
60,42,201,0,0,0,0,0,0,0,0
60,42,206,0,0,0,0,0,0,0,0
60,43,1,0,0,0,0,0,0,0,0
60,43,6,0,0,0,0,0,0,0,0
60,43,11,0,0,0,0,0,0,0,0
60,43,16,0,0,0,0,0,0,0,0
60,43,21,0,0,0,0,0,0,0,0
60,43,26,0,0,0,0,0,0,0,0
60,43,31,0,0,0,0,0,0,0,0
60,43,36,0,0,0,0,0,0,0,0
60,43,41,0,0,0,0,0,0,0,0
60,43,46,0,0,0,0,0,0,0,0
60,43,51,0,0,0,0,0,0,0,0
60,43,56,0,0,0,0,0,0,0,0
60,43,61,0,0,0,0,0,0,0,0
60,43,66,0,0,0,0,0,0,0,0
60,43,71,0,0,0,0,0,0,0,0
60,43,76,0,0,0,0,0,0,0,0
60,43,81,0,0,0,0,0,0,0,0
60,43,86,0,0,0,0,0,0,0,0
60,43,91,0,0,0,0,0,0,0,0
60,43,96,0,0,0,0,0,0,0,0
60,43,101,0,0,0,0,0,0,0,0
60,43,106,0,0,0,0,0,0,0,0
60,43,111,0,0,0,0,0,0,0,0
60,43,116,0,0,0,0,0,0,0,0
60,43,121,0,0,0,0,0,0,0,0
60,43,126,0,0,0,0,0,0,0,0
60,43,131,0,0,0,0,0,0,0,0
60,43,136,0,0,0,0,0,0,0,0
60,43,141,0,0,0,0,0,0,0,0
60,43,146,0,0,0,0,0,0,0,0
60,43,151,0,0,0,0,0,0,0,0
60,43,156,0,0,0,0,0,0,0,0
60,43,161,0,0,0,0,0,0,0,0
60,43,166,0,0,0,0,0,0,0,0
60,43,171,0,0,0,0,0,0,0,0
60,43,176,0,0,0,0,0,0,0,0
60,43,181,0,0,0,0,0,0,0,0
60,43,186,0,0,0,0,0,0,0,0
60,43,191,0,0,0,0,0,0,0,0
60,43,196,0,0,0,0,0,0,0,0
60,43,201,0,0,0,0,0,0,0,0
60,43,206,0,0,0,0,0,0,0,0
60,44,1,0,0,0,0,0,0,0,0
60,44,6,0,0,0,0,0,0,0,0
60,44,11,0,0,0,0,0,0,0,0
60,44,16,0,0,0,0,0,0,0,0
60,44,21,0,0,0,0,0,0,0,0
60,44,26,0,0,0,0,0,0,0,0
60,44,31,0,0,0,0,0,0,0,0
60,44,36,0,0,0,0,0,0,0,0
60,44,41,0,0,0,0,0,0,0,0
60,44,46,0,0,0,0,0,0,0,0
60,44,51,0,0,0,0,0,0,0,0
60,44,56,0,0,0,0,0,0,0,0
60,44,61,0,0,0,0,0,0,0,0
60,44,66,0,0,0,0,0,0,0,0
60,44,71,0,0,0,0,0,0,0,0
60,44,76,0,0,0,0,0,0,0,0
60,44,81,0,0,0,0,0,0,0,0
60,44,86,0,0,0,0,0,0,0,0
60,44,91,0,0,0,0,0,0,0,0
60,44,96,0,0,0,0,0,0,0,0
60,44,101,0,0,0,0,0,0,0,0
60,44,106,0,0,0,0,0,0,0,0
60,44,111,0,0,0,0,0,0,0,0
60,44,116,0,0,0,0,0,0,0,0
60,44,121,0,0,0,0,0,0,0,0
60,44,126,0,0,0,0,0,0,0,0
60,44,131,0,0,0,0,0,0,0,0
60,44,136,0,0,0,0,0,0,0,0
60,44,141,0,0,0,0,0,0,0,0
60,44,146,0,0,0,0,0,0,0,0
60,44,151,0,0,0,0,0,0,0,0
60,44,156,0,0,0,0,0,0,0,0
60,44,161,0,0,0,0,0,0,0,0
60,44,166,0,0,0,0,0,0,0,0
60,44,171,0,0,0,0,0,0,0,0
60,44,176,0,0,0,0,0,0,0,0
60,44,181,0,0,0,0,0,0,0,0
60,44,186,0,0,0,0,0,0,0,0
60,44,191,0,0,0,0,0,0,0,0
60,44,196,0,0,0,0,0,0,0,0
60,44,201,0,0,0,0,0,0,0,0
60,44,206,0,0,0,0,0,0,0,0
60,45,1,0,0,0,0,0,0,0,0
60,45,6,0,0,0,0,0,0,0,0
60,45,11,0,0,0,0,0,0,0,0
60,45,16,0,0,0,0,0,0,0,0
60,45,21,0,0,0,0,0,0,0,0
60,45,26,0,0,0,0,0,0,0,0
60,45,31,0,0,0,0,0,0,0,0
60,45,36,0,0,0,0,0,0,0,0
60,45,41,0,0,0,0,0,0,0,0
60,45,46,0,0,0,0,0,0,0,0
60,45,51,0,0,0,0,0,0,0,0
60,45,56,0,0,0,0,0,0,0,0
60,45,61,0,0,0,0,0,0,0,0
60,45,66,0,0,0,0,0,0,0,0
60,45,71,0,0,0,0,0,0,0,0
60,45,76,0,0,0,0,0,0,0,0
60,45,81,0,0,0,0,0,0,0,0
60,45,86,0,0,0,0,0,0,0,0
60,45,91,0,0,0,0,0,0,0,0
60,45,96,0,0,0,0,0,0,0,0
60,45,101,0,0,0,0,0,0,0,0
60,45,106,0,0,0,0,0,0,0,0
60,45,111,0,0,0,0,0,0,0,0
60,45,116,0,0,0,0,0,0,0,0
60,45,121,0,0,0,0,0,0,0,0
60,45,126,0,0,0,0,0,0,0,0
60,45,131,0,0,0,0,0,0,0,0
60,45,136,0,0,0,0,0,0,0,0
60,45,141,0,0,0,0,0,0,0,0
60,45,146,0,0,0,0,0,0,0,0
60,45,151,0,0,0,0,0,0,0,0
60,45,156,0,0,0,0,0,0,0,0
60,45,161,0,0,0,0,0,0,0,0
60,45,166,0,0,0,0,0,0,0,0
60,45,171,0,0,0,0,0,0,0,0
60,45,176,0,0,0,0,0,0,0,0
60,45,181,0,0,0,0,0,0,0,0
60,45,186,0,0,0,0,0,0,0,0
60,45,191,0,0,0,0,0,0,0,0
60,45,196,0,0,0,0,0,0,0,0
60,45,201,0,0,0,0,0,0,0,0
60,45,206,0,0,0,0,0,0,0,0
60,46,1,0,0,0,0,0,0,0,0
60,46,6,0,0,0,0,0,0,0,0
60,46,11,0,0,0,0,0,0,0,0
60,46,16,0,0,0,0,0,0,0,0
60,46,21,0,0,0,0,0,0,0,0
60,46,26,0,0,0,0,0,0,0,0
60,46,31,0,0,0,0,0,0,0,0
60,46,36,0,0,0,0,0,0,0,0
60,46,41,0,0,0,0,0,0,0,0
60,46,46,0,0,0,0,0,0,0,0
60,46,51,0,0,0,0,0,0,0,0
60,46,56,0,0,0,0,0,0,0,0
60,46,61,0,0,0,0,0,0,0,0
60,46,66,0,0,0,0,0,0,0,0
60,46,71,0,0,0,0,0,0,0,0
60,46,76,0,0,0,0,0,0,0,0
60,46,81,0,0,0,0,0,0,0,0
60,46,86,0,0,0,0,0,0,0,0
60,46,91,0,0,0,0,0,0,0,0
60,46,96,0,0,0,0,0,0,0,0
60,46,101,0,0,0,0,0,0,0,0
60,46,106,0,0,0,0,0,0,0,0
60,46,111,0,0,0,0,0,0,0,0
60,46,116,0,0,0,0,0,0,0,0
60,46,121,0,0,0,0,0,0,0,0
60,46,126,0,0,0,0,0,0,0,0
60,46,131,0,0,0,0,0,0,0,0
60,46,136,0,0,0,0,0,0,0,0
60,46,141,0,0,0,0,0,0,0,0
60,46,146,0,0,0,0,0,0,0,0
60,46,151,0,0,0,0,0,0,0,0
60,46,156,0,0,0,0,0,0,0,0
60,46,161,0,0,0,0,0,0,0,0
60,46,166,0,0,0,0,0,0,0,0
60,46,171,0,0,0,0,0,0,0,0
60,46,176,0,0,0,0,0,0,0,0
60,46,181,0,0,0,0,0,0,0,0
60,46,186,0,0,0,0,0,0,0,0
60,46,191,0,0,0,0,0,0,0,0
60,46,196,0,0,0,0,0,0,0,0
60,46,201,0,0,0,0,0,0,0,0
60,46,206,0,0,0,0,0,0,0,0
60,47,1,-0.64184,0,0,0,0,0,0,0
60,47,6,0,0,0,0,0,0,0,0
60,47,11,0,0,0,0,0,0,0,0
60,47,16,0,0,0,0,0,0,0,0
60,47,21,0,0,0,0,0,0,0,0
60,47,26,0,0,0,0,0,0,0,0
60,47,31,0,0,0,0,0,0,0,0
60,47,36,0,0,0,0,0,0,0,0
60,47,41,0,0,0,0,0,0,0,0
60,47,46,0,0,0,0,0,0,0,0
60,47,51,0,0,0,0,0,0,0,0
60,47,56,0,0,0,0,0,0,0,0
60,47,61,0,0,0,0,0,0,0,0
60,47,66,0,0,0,0,0,0,0,0
60,47,71,0,0,0,0,0,0,0,0
60,47,76,0,0,0,0,0,0,0,0
60,47,81,0,0,0,0,0,0,0,0
60,47,86,0,0,0,0,0,0,0,0
60,47,91,0,0,0,0,0,0,0,0
60,47,96,0,0,0,0,0,0,0,0
60,47,101,0,0,0,0,0,0,0,0
60,47,106,0,0,0,0,0,0,0,0
60,47,111,0,0,0,0,0,0,0,0
60,47,116,0,0,0,0,0,0,0,0
60,47,121,0,0,0,0,0,0,0,0
60,47,126,0,0,0,0,0,0,0,0
60,47,131,0,0,0,0,0,0,0,0
60,47,136,0,0,0,0,0,0,0,0
60,47,141,0,0,0,0,0,0,0,0
60,47,146,0,0,0,0,0,0,0,0
60,47,151,0,0,0,0,0,0,0,0
60,47,156,0,0,0,0,0,0,0,0
60,47,161,0,0,0,0,0,0,0,0
60,47,166,0,0,0,0,0,0,0,0
60,47,171,0,0,0,0,0,0,0,0
60,47,176,0,0,0,0,0,0,0,0
60,47,181,0,0,0,0,0,0,0,0
60,47,186,0,0,0,0,0,0,0,0
60,47,191,0,0,0,0,0,0,0,0
60,47,196,0,0,0,0,0,0,0,0
60,47,201,0,0,0,0,0,0,0,0
60,47,206,0,0,0,0,0,0,0,0
60,48,1,0,0,0,0,0,0,0,0
60,48,6,0,0,0,0,0,0,0,0
60,48,11,0,0,0,0,0,0,0,0
60,48,16,0,0,0,0,0,0,0,0
60,48,21,0,0,0,0,0,0,0,0
60,48,26,0,0,0,0,0,0,0,0
60,48,31,0,0,0,0,0,0,0,0
60,48,36,0,0,0,0,0,0,0,0
60,48,41,0,0,0,0,0,0,0,0
60,48,46,0,0,0,0,0,0,0,0
60,48,51,0,0,0,0,0,0,0,0
60,48,56,0,0,0,0,0,0,0,0
60,48,61,0,0,0,0,0,0,0,0
60,48,66,0,0,0,0,0,0,0,0
60,48,71,0,0,0,0,0,0,0,0
60,48,76,0,0,0,0,0,0,0,0
60,48,81,0,0,0,0,0,0,0,0
60,48,86,0,0,0,0,0,0,0,0
60,48,91,0,0,0,0,0,0,0,0
60,48,96,0,0,0,0,0,0,0,0
60,48,101,0,0,0,0,0,0,0,0
60,48,106,0,0,0,0,0,0,0,0
60,48,111,0,0,0,0,0,0,0,0
60,48,116,0,0,0,0,0,0,0,0
60,48,121,0,0,0,0,0,0,0,0
60,48,126,0,0,0,0,0,0,0,0
60,48,131,0,0,0,0,0,0,0,0
60,48,136,0,0,0,0,0,0,0,0
60,48,141,0,0,0,0,0,0,0,0
60,48,146,0,0,0,0,0,0,0,0
60,48,151,0,0,0,0,0,0,0,0
60,48,156,0,0,0,0,0,0,0,0
60,48,161,0,0,0,0,0,0,0,0
60,48,166,0,0,0,0,0,0,0,0
60,48,171,0,0,0,0,0,0,0,0
60,48,176,0,0,0,0,0,0,0,0
60,48,181,0,0,0,0,0,0,0,0
60,48,186,0,0,0,0,0,0,0,0
60,48,191,0,0,0,0,0,0,0,0
60,48,196,0,0,0,0,0,0,0,0
60,48,201,0,0,0,0,0,0,0,0
60,48,206,0,0,0,0,0,0,0,0
60,49,1,0,0,0,0,0,0,0,0
60,49,6,0,0,0,0,0,0,0,0
60,49,11,0,0,0,0,0,0,0,0
60,49,16,0,0,0,0,0,0,0,0
60,49,21,0,0,0,0,0,0,0,0
60,49,26,0,0,0,0,0,0,0,0
60,49,31,0,0,0,0,0,0,0,0
60,49,36,0,0,0,0,0,0,0,0
60,49,41,0,0,0,0,0,0,0,0
60,49,46,0,0,0,0,0,0,0,0
60,49,51,0,0,0,0,0,0,0,0
60,49,56,0,0,0,0,0,0,0,0
60,49,61,0,0,0,0,0,0,0,0
60,49,66,0,0,0,0,0,0,0,0
60,49,71,0,0,0,0,0,0,0,0
60,49,76,0,0,0,0,0,0,0,0
60,49,81,0,0,0,0,0,0,0,0
60,49,86,0,0,0,0,0,0,0,0
60,49,91,0,0,0,0,0,0,0,0
60,49,96,0,0,0,0,0,0,0,0
60,49,101,0,0,0,0,0,0,0,0
60,49,106,0,0,0,0,0,0,0,0
60,49,111,0,0,0,0,0,0,0,0
60,49,116,0,0,0,0,0,0,0,0
60,49,121,0,0,0,0,0,0,0,0
60,49,126,0,0,0,0,0,0,0,0
60,49,131,0,0,0,0,0,0,0,0
60,49,136,0,0,0,0,0,0,0,0
60,49,141,0,0,0,0,0,0,0,0
60,49,146,0,0,0,0,0,0,0,0
60,49,151,0,0,0,0,0,0,0,0
60,49,156,0,0,0,0,0,0,0,0
60,49,161,0,0,0,0,0,0,0,0
60,49,166,0,0,0,0,0,0,0,0
60,49,171,0,0,0,0,0,0,0,0
60,49,176,0,0,0,0,0,0,0,0
60,49,181,0,0,0,0,0,0,0,0
60,49,186,0,0,0,0,0,0,0,0
60,49,191,0,0,0,0,0,0,0,0
60,49,196,0,0,0,0,0,0,0,0
60,49,201,0,0,0,0,0,0,0,0
60,49,206,0,0,0,0,0,0,0,0
60,50,1,0,0,0,0,0,0,0,0
60,50,6,0,0,0,0,0,0,0,0
60,50,11,0,0,0,0,0,0,0,0
60,50,16,0,0,0,0,0,0,0,0
60,50,21,0,0,0,0,0,0,0,0
60,50,26,0,0,0,0,0,0,0,0
60,50,31,0,0,0,0,0,0,0,0
60,50,36,0,0,0,0,0,0,0,0
60,50,41,0,0,0,0,0,0,0,0
60,50,46,0,0,0,0,0,0,0,0
60,50,51,0,0,0,0,0,0,0,0
60,50,56,0,0,0,0,0,0,0,0
60,50,61,0,0,0,0,0,0,0,0
60,50,66,0,0,0,0,0,0,0,0
60,50,71,0,0,0,0,0,0,0,0
60,50,76,0,0,0,0,0,0,0,0
60,50,81,0,0,0,0,0,0,0,0
60,50,86,0,0,0,0,0,0,0,0
60,50,91,0,0,0,0,0,0,0,0
60,50,96,0,0,0,0,0,0,0,0
60,50,101,0,0,0,0,0,0,0,0
60,50,106,0,0,0,0,0,0,0,0
60,50,111,0,0,0,0,0,0,0,0
60,50,116,0,0,0,0,0,0,0,0
60,50,121,0,0,0,0,0,0,0,0
60,50,126,0,0,0,0,0,0,0,0
60,50,131,0,0,0,0,0,0,0,0
60,50,136,0,0,0,0,0,0,0,0
60,50,141,0,0,0,0,0,0,0,0
60,50,146,0,0,0,0,0,0,0,0
60,50,151,0,0,0,0,0,0,0,0
60,50,156,0,0,0,0,0,0,0,0
60,50,161,0,0,0,0,0,0,0,0
60,50,166,0,0,0,0,0,0,0,0
60,50,171,0,0,0,0,0,0,0,0
60,50,176,0,0,0,0,0,0,0,0
60,50,181,0,0,0,0,0,0,0,0
60,50,186,0,0,0,0,0,0,0,0
60,50,191,0,0,0,0,0,0,0,0
60,50,196,0,0,0,0,0,0,0,0
60,50,201,0,0,0,0,0,0,0,0
60,50,206,0,0,0,0,0,0,0,0
60,51,1,0,0,0,0,0,0,0,0
60,51,6,0,0,0,0,0,0,0,0
60,51,11,0,0,0,0,0,0,0,0
60,51,16,0,0,0,0,0,0,0,0
60,51,21,0,0,0,0,0,0,0,0
60,51,26,0,0,0,0,0,0,0,0
60,51,31,0,0,0,0,0,0,0,0
60,51,36,0,0,0,0,0,0,0,0
60,51,41,0,0,0,0,0,0,0,0
60,51,46,0,0,0,0,0,0,0,0
60,51,51,0,0,0,0,0,0,0,0
60,51,56,0,0,0,0,0,0,0,0
60,51,61,0,0,0,0,0,0,0,0
60,51,66,0,0,0,0,0,0,0,0
60,51,71,0,0,0,0,0,0,0,0
60,51,76,0,0,0,0,0,0,0,0
60,51,81,0,0,0,0,0,0,0,0
60,51,86,0,0,0,0,0,0,0,0
60,51,91,0,0,0,0,0,0,0,0
60,51,96,0,0,0,0,0,0,0,0
60,51,101,0,0,0,0,0,0,0,0
60,51,106,0,0,0,0,0,0,0,0
60,51,111,0,0,0,0,0,0,0,0
60,51,116,0,0,0,0,0,0,0,0
60,51,121,0,0,0,0,0,0,0,0
60,51,126,0,0,0,0,0,0,0,0
60,51,131,0,0,0,0,0,0,0,0
60,51,136,0,0,0,0,0,0,0,0
60,51,141,0,0,0,0,0,0,0,0
60,51,146,0,0,0,0,0,0,0,0
60,51,151,0,0,0,0,0,0,0,0
60,51,156,0,0,0,0,0,0,0,0
60,51,161,0,0,0,0,0,0,0,0
60,51,166,0,0,0,0,0,0,0,0
60,51,171,0,0,0,0,0,0,0,0
60,51,176,0,0,0,0,0,0,0,0
60,51,181,0,0,0,0,0,0,0,0
60,51,186,0,0,0,0,0,0,0,0
60,51,191,0,0,0,0,0,0,0,0
60,51,196,0,0,0,0,0,0,0,0
60,51,201,0,0,0,0,0,0,0,0
60,51,206,0,0,0,0,0,0,0,0
