iteration,time,US-AK,US-AL,US-AR,US-AZ,US-CA,US-CO,US-CT,US-DC,US-DE,US-FL,US-GA,US-HI,US-IA,US-ID,US-IL,US-IN,US-KS,US-KY,US-LA,US-MA,US-MD,US-ME,US-MI,US-MN,US-MO,US-MS,US-MT,US-NC,US-ND,US-NE,US-NH,US-NJ,US-NM,US-NV,US-NY,US-OH,US-OK,US-OR,US-PA,US-RI,US-SC,US-SD,US-TN,US-TX,US-UT,US-VA,US-VT,US-WA,US-WI,US-WV,US-WY
1,1/1/2012 12:00,0,0,0,0,0,0,0,0,0,0,0,0,0,0,0,0,0,0,0,0,0,0,0,0,0,497352,497352,497352,497352,497352,497352,497352,497352,497352,497352,497352,497352,497352,497352,497352,497352,497352,497352,497352,497352,497352,497352,497352,497352,497352,497352
2,1/3/2012 12:00,2346,2346,2346,2346,2346,2346,2346,2346,2346,2346,2346,2346,2346,2346,2346,2346,2346,2346,2346,2346,2346,2346,2346,2346,2346,495006,495006,495006,495006,495006,495006,495006,495006,495006,495006,495006,495006,495006,495006,495006,495006,495006,495006,495006,495006,495006,495006,495006,495006,495006,495006
3,1/4/2012 12:00,4692,4692,4692,4692,4692,4692,4692,4692,4692,4692,4692,4692,4692,4692,4692,4692,4692,4692,4692,4692,4692,4692,4692,4692,4692,492660,492660,492660,492660,492660,492660,492660,492660,492660,492660,492660,492660,492660,492660,492660,492660,492660,492660,492660,492660,492660,492660,492660,492660,492660,492660
4,1/5/2012 12:00,7038,7038,7038,7038,7038,7038,7038,7038,7038,7038,7038,7038,7038,7038,7038,7038,7038,7038,7038,7038,7038,7038,7038,7038,7038,490314,490314,490314,490314,490314,490314,490314,490314,490314,490314,490314,490314,490314,490314,490314,490314,490314,490314,490314,490314,490314,490314,490314,490314,490314,490314
5,1/6/2012 12:00,9384,9384,9384,9384,9384,9384,9384,9384,9384,9384,9384,9384,9384,9384,9384,9384,9384,9384,9384,9384,9384,9384,9384,9384,9384,487968,487968,487968,487968,487968,487968,487968,487968,487968,487968,487968,487968,487968,487968,487968,487968,487968,487968,487968,487968,487968,487968,487968,487968,487968,487968
6,1/7/2012 12:00,11730,11730,11730,11730,11730,11730,11730,11730,11730,11730,11730,11730,11730,11730,11730,11730,11730,11730,11730,11730,11730,11730,11730,11730,11730,485622,485622,485622,485622,485622,485622,485622,485622,485622,485622,485622,485622,485622,485622,485622,485622,485622,485622,485622,485622,485622,485622,485622,485622,485622,485622
7,1/8/2012 12:00,14076,14076,14076,14076,14076,14076,14076,14076,14076,14076,14076,14076,14076,14076,14076,14076,14076,14076,14076,14076,14076,14076,14076,14076,14076,483276,483276,483276,483276,483276,483276,483276,483276,483276,483276,483276,483276,483276,483276,483276,483276,483276,483276,483276,483276,483276,483276,483276,483276,483276,483276
8,1/9/2012 12:00,16422,16422,16422,16422,16422,16422,16422,16422,16422,16422,16422,16422,16422,16422,16422,16422,16422,16422,16422,16422,16422,16422,16422,16422,16422,480930,480930,480930,480930,480930,480930,480930,480930,480930,480930,480930,480930,480930,480930,480930,480930,480930,480930,480930,480930,480930,480930,480930,480930,480930,480930
9,1/10/2012 12:00,18768,18768,18768,18768,18768,18768,18768,18768,18768,18768,18768,18768,18768,18768,18768,18768,18768,18768,18768,18768,18768,18768,18768,18768,18768,478584,478584,478584,478584,478584,478584,478584,478584,478584,478584,478584,478584,478584,478584,478584,478584,478584,478584,478584,478584,478584,478584,478584,478584,478584,478584
10,1/11/2012 12:00,21114,21114,21114,21114,21114,21114,21114,21114,21114,21114,21114,21114,21114,21114,21114,21114,21114,21114,21114,21114,21114,21114,21114,21114,21114,476238,476238,476238,476238,476238,476238,476238,476238,476238,476238,476238,476238,476238,476238,476238,476238,476238,476238,476238,476238,476238,476238,476238,476238,476238,476238
11,1/12/2012 12:00,23460,23460,23460,23460,23460,23460,23460,23460,23460,23460,23460,23460,23460,23460,23460,23460,23460,23460,23460,23460,23460,23460,23460,23460,23460,473892,473892,473892,473892,473892,473892,473892,473892,473892,473892,473892,473892,473892,473892,473892,473892,473892,473892,473892,473892,473892,473892,473892,473892,473892,473892
12,1/13/2012 12:00,25806,25806,25806,25806,25806,25806,25806,25806,25806,25806,25806,25806,25806,25806,25806,25806,25806,25806,25806,25806,25806,25806,25806,25806,25806,471546,471546,471546,471546,471546,471546,471546,471546,471546,471546,471546,471546,471546,471546,471546,471546,471546,471546,471546,471546,471546,471546,471546,471546,471546,471546
13,1/14/2012 12:00,28152,28152,28152,28152,28152,28152,28152,28152,28152,28152,28152,28152,28152,28152,28152,28152,28152,28152,28152,28152,28152,28152,28152,28152,28152,469200,469200,469200,469200,469200,469200,469200,469200,469200,469200,469200,469200,469200,469200,469200,469200,469200,469200,469200,469200,469200,469200,469200,469200,469200,469200
14,1/15/2012 12:00,30498,30498,30498,30498,30498,30498,30498,30498,30498,30498,30498,30498,30498,30498,30498,30498,30498,30498,30498,30498,30498,30498,30498,30498,30498,466854,466854,466854,466854,466854,466854,466854,466854,466854,466854,466854,466854,466854,466854,466854,466854,466854,466854,466854,466854,466854,466854,466854,466854,466854,466854
15,1/16/2012 12:00,32844,32844,32844,32844,32844,32844,32844,32844,32844,32844,32844,32844,32844,32844,32844,32844,32844,32844,32844,32844,32844,32844,32844,32844,32844,464508,464508,464508,464508,464508,464508,464508,464508,464508,464508,464508,464508,464508,464508,464508,464508,464508,464508,464508,464508,464508,464508,464508,464508,464508,464508
16,1/17/2012 12:00,35190,35190,35190,35190,35190,35190,35190,35190,35190,35190,35190,35190,35190,35190,35190,35190,35190,35190,35190,35190,35190,35190,35190,35190,35190,462162,462162,462162,462162,462162,462162,462162,462162,462162,462162,462162,462162,462162,462162,462162,462162,462162,462162,462162,462162,462162,462162,462162,462162,462162,462162
17,1/18/2012 12:00,37536,37536,37536,37536,37536,37536,37536,37536,37536,37536,37536,37536,37536,37536,37536,37536,37536,37536,37536,37536,37536,37536,37536,37536,37536,459816,459816,459816,459816,459816,459816,459816,459816,459816,459816,459816,459816,459816,459816,459816,459816,459816,459816,459816,459816,459816,459816,459816,459816,459816,459816
18,1/19/2012 12:00,39882,39882,39882,39882,39882,39882,39882,39882,39882,39882,39882,39882,39882,39882,39882,39882,39882,39882,39882,39882,39882,39882,39882,39882,39882,457470,457470,457470,457470,457470,457470,457470,457470,457470,457470,457470,457470,457470,457470,457470,457470,457470,457470,457470,457470,457470,457470,457470,457470,457470,457470
19,1/20/2012 12:00,42228,42228,42228,42228,42228,42228,42228,42228,42228,42228,42228,42228,42228,42228,42228,42228,42228,42228,42228,42228,42228,42228,42228,42228,42228,455124,455124,455124,455124,455124,455124,455124,455124,455124,455124,455124,455124,455124,455124,455124,455124,455124,455124,455124,455124,455124,455124,455124,455124,455124,455124
20,1/21/2012 12:00,44574,44574,44574,44574,44574,44574,44574,44574,44574,44574,44574,44574,44574,44574,44574,44574,44574,44574,44574,44574,44574,44574,44574,44574,44574,452778,452778,452778,452778,452778,452778,452778,452778,452778,452778,452778,452778,452778,452778,452778,452778,452778,452778,452778,452778,452778,452778,452778,452778,452778,452778
21,1/22/2012 12:00,46920,46920,46920,46920,46920,46920,46920,46920,46920,46920,46920,46920,46920,46920,46920,46920,46920,46920,46920,46920,46920,46920,46920,46920,46920,450432,450432,450432,450432,450432,450432,450432,450432,450432,450432,450432,450432,450432,450432,450432,450432,450432,450432,450432,450432,450432,450432,450432,450432,450432,450432
22,1/23/2012 12:00,49266,49266,49266,49266,49266,49266,49266,49266,49266,49266,49266,49266,49266,49266,49266,49266,49266,49266,49266,49266,49266,49266,49266,49266,49266,448086,448086,448086,448086,448086,448086,448086,448086,448086,448086,448086,448086,448086,448086,448086,448086,448086,448086,448086,448086,448086,448086,448086,448086,448086,448086
23,1/24/2012 12:00,51612,51612,51612,51612,51612,51612,51612,51612,51612,51612,51612,51612,51612,51612,51612,51612,51612,51612,51612,51612,51612,51612,51612,51612,51612,445740,445740,445740,445740,445740,445740,445740,445740,445740,445740,445740,445740,445740,445740,445740,445740,445740,445740,445740,445740,445740,445740,445740,445740,445740,445740
24,1/25/2012 12:00,53958,53958,53958,53958,53958,53958,53958,53958,53958,53958,53958,53958,53958,53958,53958,53958,53958,53958,53958,53958,53958,53958,53958,53958,53958,443394,443394,443394,443394,443394,443394,443394,443394,443394,443394,443394,443394,443394,443394,443394,443394,443394,443394,443394,443394,443394,443394,443394,443394,443394,443394
25,1/26/2012 12:00,56304,56304,56304,56304,56304,56304,56304,56304,56304,56304,56304,56304,56304,56304,56304,56304,56304,56304,56304,56304,56304,56304,56304,56304,56304,441048,441048,441048,441048,441048,441048,441048,441048,441048,441048,441048,441048,441048,441048,441048,441048,441048,441048,441048,441048,441048,441048,441048,441048,441048,441048
26,1/27/2012 12:00,58650,58650,58650,58650,58650,58650,58650,58650,58650,58650,58650,58650,58650,58650,58650,58650,58650,58650,58650,58650,58650,58650,58650,58650,58650,438702,438702,438702,438702,438702,438702,438702,438702,438702,438702,438702,438702,438702,438702,438702,438702,438702,438702,438702,438702,438702,438702,438702,438702,438702,438702
27,1/28/2012 12:00,60996,60996,60996,60996,60996,60996,60996,60996,60996,60996,60996,60996,60996,60996,60996,60996,60996,60996,60996,60996,60996,60996,60996,60996,60996,436356,436356,436356,436356,436356,436356,436356,436356,436356,436356,436356,436356,436356,436356,436356,436356,436356,436356,436356,436356,436356,436356,436356,436356,436356,436356
28,1/29/2012 12:00,63342,63342,63342,63342,63342,63342,63342,63342,63342,63342,63342,63342,63342,63342,63342,63342,63342,63342,63342,63342,63342,63342,63342,63342,63342,434010,434010,434010,434010,434010,434010,434010,434010,434010,434010,434010,434010,434010,434010,434010,434010,434010,434010,434010,434010,434010,434010,434010,434010,434010,434010
29,1/30/2012 12:00,65688,65688,65688,65688,65688,65688,65688,65688,65688,65688,65688,65688,65688,65688,65688,65688,65688,65688,65688,65688,65688,65688,65688,65688,65688,431664,431664,431664,431664,431664,431664,431664,431664,431664,431664,431664,431664,431664,431664,431664,431664,431664,431664,431664,431664,431664,431664,431664,431664,431664,431664
30,1/31/2012 12:00,68034,68034,68034,68034,68034,68034,68034,68034,68034,68034,68034,68034,68034,68034,68034,68034,68034,68034,68034,68034,68034,68034,68034,68034,68034,429318,429318,429318,429318,429318,429318,429318,429318,429318,429318,429318,429318,429318,429318,429318,429318,429318,429318,429318,429318,429318,429318,429318,429318,429318,429318
31,2/1/2012 12:00,70380,70380,70380,70380,70380,70380,70380,70380,70380,70380,70380,70380,70380,70380,70380,70380,70380,70380,70380,70380,70380,70380,70380,70380,70380,426972,426972,426972,426972,426972,426972,426972,426972,426972,426972,426972,426972,426972,426972,426972,426972,426972,426972,426972,426972,426972,426972,426972,426972,426972,426972
32,2/2/2012 12:00,72726,72726,72726,72726,72726,72726,72726,72726,72726,72726,72726,72726,72726,72726,72726,72726,72726,72726,72726,72726,72726,72726,72726,72726,72726,424626,424626,424626,424626,424626,424626,424626,424626,424626,424626,424626,424626,424626,424626,424626,424626,424626,424626,424626,424626,424626,424626,424626,424626,424626,424626
33,2/3/2012 12:00,75072,75072,75072,75072,75072,75072,75072,75072,75072,75072,75072,75072,75072,75072,75072,75072,75072,75072,75072,75072,75072,75072,75072,75072,75072,422280,422280,422280,422280,422280,422280,422280,422280,422280,422280,422280,422280,422280,422280,422280,422280,422280,422280,422280,422280,422280,422280,422280,422280,422280,422280
34,2/4/2012 12:00,77418,77418,77418,77418,77418,77418,77418,77418,77418,77418,77418,77418,77418,77418,77418,77418,77418,77418,77418,77418,77418,77418,77418,77418,77418,419934,419934,419934,419934,419934,419934,419934,419934,419934,419934,419934,419934,419934,419934,419934,419934,419934,419934,419934,419934,419934,419934,419934,419934,419934,419934
35,2/5/2012 12:00,79764,79764,79764,79764,79764,79764,79764,79764,79764,79764,79764,79764,79764,79764,79764,79764,79764,79764,79764,79764,79764,79764,79764,79764,79764,417588,417588,417588,417588,417588,417588,417588,417588,417588,417588,417588,417588,417588,417588,417588,417588,417588,417588,417588,417588,417588,417588,417588,417588,417588,417588
36,2/6/2012 12:00,82110,82110,82110,82110,82110,82110,82110,82110,82110,82110,82110,82110,82110,82110,82110,82110,82110,82110,82110,82110,82110,82110,82110,82110,82110,415242,415242,415242,415242,415242,415242,415242,415242,415242,415242,415242,415242,415242,415242,415242,415242,415242,415242,415242,415242,415242,415242,415242,415242,415242,415242
37,2/7/2012 12:00,84456,84456,84456,84456,84456,84456,84456,84456,84456,84456,84456,84456,84456,84456,84456,84456,84456,84456,84456,84456,84456,84456,84456,84456,84456,412896,412896,412896,412896,412896,412896,412896,412896,412896,412896,412896,412896,412896,412896,412896,412896,412896,412896,412896,412896,412896,412896,412896,412896,412896,412896
38,2/8/2012 12:00,86802,86802,86802,86802,86802,86802,86802,86802,86802,86802,86802,86802,86802,86802,86802,86802,86802,86802,86802,86802,86802,86802,86802,86802,86802,410550,410550,410550,410550,410550,410550,410550,410550,410550,410550,410550,410550,410550,410550,410550,410550,410550,410550,410550,410550,410550,410550,410550,410550,410550,410550
39,2/9/2012 12:00,89148,89148,89148,89148,89148,89148,89148,89148,89148,89148,89148,89148,89148,89148,89148,89148,89148,89148,89148,89148,89148,89148,89148,89148,89148,408204,408204,408204,408204,408204,408204,408204,408204,408204,408204,408204,408204,408204,408204,408204,408204,408204,408204,408204,408204,408204,408204,408204,408204,408204,408204
40,2/10/2012 12:00,91494,91494,91494,91494,91494,91494,91494,91494,91494,91494,91494,91494,91494,91494,91494,91494,91494,91494,91494,91494,91494,91494,91494,91494,91494,405858,405858,405858,405858,405858,405858,405858,405858,405858,405858,405858,405858,405858,405858,405858,405858,405858,405858,405858,405858,405858,405858,405858,405858,405858,405858
41,2/11/2012 12:00,93840,93840,93840,93840,93840,93840,93840,93840,93840,93840,93840,93840,93840,93840,93840,93840,93840,93840,93840,93840,93840,93840,93840,93840,93840,403512,403512,403512,403512,403512,403512,403512,403512,403512,403512,403512,403512,403512,403512,403512,403512,403512,403512,403512,403512,403512,403512,403512,403512,403512,403512
42,2/12/2012 12:00,96186,96186,96186,96186,96186,96186,96186,96186,96186,96186,96186,96186,96186,96186,96186,96186,96186,96186,96186,96186,96186,96186,96186,96186,96186,401166,401166,401166,401166,401166,401166,401166,401166,401166,401166,401166,401166,401166,401166,401166,401166,401166,401166,401166,401166,401166,401166,401166,401166,401166,401166
43,2/13/2012 12:00,98532,98532,98532,98532,98532,98532,98532,98532,98532,98532,98532,98532,98532,98532,98532,98532,98532,98532,98532,98532,98532,98532,98532,98532,98532,398820,398820,398820,398820,398820,398820,398820,398820,398820,398820,398820,398820,398820,398820,398820,398820,398820,398820,398820,398820,398820,398820,398820,398820,398820,398820
44,2/14/2012 12:00,100878,100878,100878,100878,100878,100878,100878,100878,100878,100878,100878,100878,100878,100878,100878,100878,100878,100878,100878,100878,100878,100878,100878,100878,100878,396474,396474,396474,396474,396474,396474,396474,396474,396474,396474,396474,396474,396474,396474,396474,396474,396474,396474,396474,396474,396474,396474,396474,396474,396474,396474
45,2/15/2012 12:00,103224,103224,103224,103224,103224,103224,103224,103224,103224,103224,103224,103224,103224,103224,103224,103224,103224,103224,103224,103224,103224,103224,103224,103224,103224,394128,394128,394128,394128,394128,394128,394128,394128,394128,394128,394128,394128,394128,394128,394128,394128,394128,394128,394128,394128,394128,394128,394128,394128,394128,394128
46,2/16/2012 12:00,105570,105570,105570,105570,105570,105570,105570,105570,105570,105570,105570,105570,105570,105570,105570,105570,105570,105570,105570,105570,105570,105570,105570,105570,105570,391782,391782,391782,391782,391782,391782,391782,391782,391782,391782,391782,391782,391782,391782,391782,391782,391782,391782,391782,391782,391782,391782,391782,391782,391782,391782
47,2/17/2012 12:00,107916,107916,107916,107916,107916,107916,107916,107916,107916,107916,107916,107916,107916,107916,107916,107916,107916,107916,107916,107916,107916,107916,107916,107916,107916,389436,389436,389436,389436,389436,389436,389436,389436,389436,389436,389436,389436,389436,389436,389436,389436,389436,389436,389436,389436,389436,389436,389436,389436,389436,389436
48,2/18/2012 12:00,110262,110262,110262,110262,110262,110262,110262,110262,110262,110262,110262,110262,110262,110262,110262,110262,110262,110262,110262,110262,110262,110262,110262,110262,110262,387090,387090,387090,387090,387090,387090,387090,387090,387090,387090,387090,387090,387090,387090,387090,387090,387090,387090,387090,387090,387090,387090,387090,387090,387090,387090
49,2/19/2012 12:00,112608,112608,112608,112608,112608,112608,112608,112608,112608,112608,112608,112608,112608,112608,112608,112608,112608,112608,112608,112608,112608,112608,112608,112608,112608,384744,384744,384744,384744,384744,384744,384744,384744,384744,384744,384744,384744,384744,384744,384744,384744,384744,384744,384744,384744,384744,384744,384744,384744,384744,384744
50,2/20/2012 12:00,114954,114954,114954,114954,114954,114954,114954,114954,114954,114954,114954,114954,114954,114954,114954,114954,114954,114954,114954,114954,114954,114954,114954,114954,114954,382398,382398,382398,382398,382398,382398,382398,382398,382398,382398,382398,382398,382398,382398,382398,382398,382398,382398,382398,382398,382398,382398,382398,382398,382398,382398
51,2/21/2012 12:00,117300,117300,117300,117300,117300,117300,117300,117300,117300,117300,117300,117300,117300,117300,117300,117300,117300,117300,117300,117300,117300,117300,117300,117300,117300,380052,380052,380052,380052,380052,380052,380052,380052,380052,380052,380052,380052,380052,380052,380052,380052,380052,380052,380052,380052,380052,380052,380052,380052,380052,380052
52,2/22/2012 12:00,119646,119646,119646,119646,119646,119646,119646,119646,119646,119646,119646,119646,119646,119646,119646,119646,119646,119646,119646,119646,119646,119646,119646,119646,119646,377706,377706,377706,377706,377706,377706,377706,377706,377706,377706,377706,377706,377706,377706,377706,377706,377706,377706,377706,377706,377706,377706,377706,377706,377706,377706
53,2/23/2012 12:00,121992,121992,121992,121992,121992,121992,121992,121992,121992,121992,121992,121992,121992,121992,121992,121992,121992,121992,121992,121992,121992,121992,121992,121992,121992,375360,375360,375360,375360,375360,375360,375360,375360,375360,375360,375360,375360,375360,375360,375360,375360,375360,375360,375360,375360,375360,375360,375360,375360,375360,375360
54,2/24/2012 12:00,124338,124338,124338,124338,124338,124338,124338,124338,124338,124338,124338,124338,124338,124338,124338,124338,124338,124338,124338,124338,124338,124338,124338,124338,124338,373014,373014,373014,373014,373014,373014,373014,373014,373014,373014,373014,373014,373014,373014,373014,373014,373014,373014,373014,373014,373014,373014,373014,373014,373014,373014
55,2/25/2012 12:00,126684,126684,126684,126684,126684,126684,126684,126684,126684,126684,126684,126684,126684,126684,126684,126684,126684,126684,126684,126684,126684,126684,126684,126684,126684,370668,370668,370668,370668,370668,370668,370668,370668,370668,370668,370668,370668,370668,370668,370668,370668,370668,370668,370668,370668,370668,370668,370668,370668,370668,370668
56,2/26/2012 12:00,129030,129030,129030,129030,129030,129030,129030,129030,129030,129030,129030,129030,129030,129030,129030,129030,129030,129030,129030,129030,129030,129030,129030,129030,129030,368322,368322,368322,368322,368322,368322,368322,368322,368322,368322,368322,368322,368322,368322,368322,368322,368322,368322,368322,368322,368322,368322,368322,368322,368322,368322
57,2/27/2012 12:00,131376,131376,131376,131376,131376,131376,131376,131376,131376,131376,131376,131376,131376,131376,131376,131376,131376,131376,131376,131376,131376,131376,131376,131376,131376,365976,365976,365976,365976,365976,365976,365976,365976,365976,365976,365976,365976,365976,365976,365976,365976,365976,365976,365976,365976,365976,365976,365976,365976,365976,365976
58,2/28/2012 12:00,133722,133722,133722,133722,133722,133722,133722,133722,133722,133722,133722,133722,133722,133722,133722,133722,133722,133722,133722,133722,133722,133722,133722,133722,133722,363630,363630,363630,363630,363630,363630,363630,363630,363630,363630,363630,363630,363630,363630,363630,363630,363630,363630,363630,363630,363630,363630,363630,363630,363630,363630
59,2/29/2012 12:00,136068,136068,136068,136068,136068,136068,136068,136068,136068,136068,136068,136068,136068,136068,136068,136068,136068,136068,136068,136068,136068,136068,136068,136068,136068,361284,361284,361284,361284,361284,361284,361284,361284,361284,361284,361284,361284,361284,361284,361284,361284,361284,361284,361284,361284,361284,361284,361284,361284,361284,361284
60,3/1/2012 12:00,138414,138414,138414,138414,138414,138414,138414,138414,138414,138414,138414,138414,138414,138414,138414,138414,138414,138414,138414,138414,138414,138414,138414,138414,138414,358938,358938,358938,358938,358938,358938,358938,358938,358938,358938,358938,358938,358938,358938,358938,358938,358938,358938,358938,358938,358938,358938,358938,358938,358938,358938
61,3/2/2012 12:00,140760,140760,140760,140760,140760,140760,140760,140760,140760,140760,140760,140760,140760,140760,140760,140760,140760,140760,140760,140760,140760,140760,140760,140760,140760,356592,356592,356592,356592,356592,356592,356592,356592,356592,356592,356592,356592,356592,356592,356592,356592,356592,356592,356592,356592,356592,356592,356592,356592,356592,356592
62,3/3/2012 12:00,143106,143106,143106,143106,143106,143106,143106,143106,143106,143106,143106,143106,143106,143106,143106,143106,143106,143106,143106,143106,143106,143106,143106,143106,143106,354246,354246,354246,354246,354246,354246,354246,354246,354246,354246,354246,354246,354246,354246,354246,354246,354246,354246,354246,354246,354246,354246,354246,354246,354246,354246
63,3/4/2012 12:00,145452,145452,145452,145452,145452,145452,145452,145452,145452,145452,145452,145452,145452,145452,145452,145452,145452,145452,145452,145452,145452,145452,145452,145452,145452,351900,351900,351900,351900,351900,351900,351900,351900,351900,351900,351900,351900,351900,351900,351900,351900,351900,351900,351900,351900,351900,351900,351900,351900,351900,351900
64,3/5/2012 12:00,147798,147798,147798,147798,147798,147798,147798,147798,147798,147798,147798,147798,147798,147798,147798,147798,147798,147798,147798,147798,147798,147798,147798,147798,147798,349554,349554,349554,349554,349554,349554,349554,349554,349554,349554,349554,349554,349554,349554,349554,349554,349554,349554,349554,349554,349554,349554,349554,349554,349554,349554
65,3/6/2012 12:00,150144,150144,150144,150144,150144,150144,150144,150144,150144,150144,150144,150144,150144,150144,150144,150144,150144,150144,150144,150144,150144,150144,150144,150144,150144,347208,347208,347208,347208,347208,347208,347208,347208,347208,347208,347208,347208,347208,347208,347208,347208,347208,347208,347208,347208,347208,347208,347208,347208,347208,347208
66,3/7/2012 12:00,152490,152490,152490,152490,152490,152490,152490,152490,152490,152490,152490,152490,152490,152490,152490,152490,152490,152490,152490,152490,152490,152490,152490,152490,152490,344862,344862,344862,344862,344862,344862,344862,344862,344862,344862,344862,344862,344862,344862,344862,344862,344862,344862,344862,344862,344862,344862,344862,344862,344862,344862
67,3/8/2012 12:00,154836,154836,154836,154836,154836,154836,154836,154836,154836,154836,154836,154836,154836,154836,154836,154836,154836,154836,154836,154836,154836,154836,154836,154836,154836,342516,342516,342516,342516,342516,342516,342516,342516,342516,342516,342516,342516,342516,342516,342516,342516,342516,342516,342516,342516,342516,342516,342516,342516,342516,342516
68,3/9/2012 12:00,157182,157182,157182,157182,157182,157182,157182,157182,157182,157182,157182,157182,157182,157182,157182,157182,157182,157182,157182,157182,157182,157182,157182,157182,157182,340170,340170,340170,340170,340170,340170,340170,340170,340170,340170,340170,340170,340170,340170,340170,340170,340170,340170,340170,340170,340170,340170,340170,340170,340170,340170
69,3/10/2012 12:00,159528,159528,159528,159528,159528,159528,159528,159528,159528,159528,159528,159528,159528,159528,159528,159528,159528,159528,159528,159528,159528,159528,159528,159528,159528,337824,337824,337824,337824,337824,337824,337824,337824,337824,337824,337824,337824,337824,337824,337824,337824,337824,337824,337824,337824,337824,337824,337824,337824,337824,337824
70,3/11/2012 12:00,161874,161874,161874,161874,161874,161874,161874,161874,161874,161874,161874,161874,161874,161874,161874,161874,161874,161874,161874,161874,161874,161874,161874,161874,161874,335478,335478,335478,335478,335478,335478,335478,335478,335478,335478,335478,335478,335478,335478,335478,335478,335478,335478,335478,335478,335478,335478,335478,335478,335478,335478
71,3/12/2012 12:00,164220,164220,164220,164220,164220,164220,164220,164220,164220,164220,164220,164220,164220,164220,164220,164220,164220,164220,164220,164220,164220,164220,164220,164220,164220,333132,333132,333132,333132,333132,333132,333132,333132,333132,333132,333132,333132,333132,333132,333132,333132,333132,333132,333132,333132,333132,333132,333132,333132,333132,333132
72,3/13/2012 12:00,166566,166566,166566,166566,166566,166566,166566,166566,166566,166566,166566,166566,166566,166566,166566,166566,166566,166566,166566,166566,166566,166566,166566,166566,166566,330786,330786,330786,330786,330786,330786,330786,330786,330786,330786,330786,330786,330786,330786,330786,330786,330786,330786,330786,330786,330786,330786,330786,330786,330786,330786
73,3/14/2012 12:00,168912,168912,168912,168912,168912,168912,168912,168912,168912,168912,168912,168912,168912,168912,168912,168912,168912,168912,168912,168912,168912,168912,168912,168912,168912,328440,328440,328440,328440,328440,328440,328440,328440,328440,328440,328440,328440,328440,328440,328440,328440,328440,328440,328440,328440,328440,328440,328440,328440,328440,328440
74,3/15/2012 12:00,171258,171258,171258,171258,171258,171258,171258,171258,171258,171258,171258,171258,171258,171258,171258,171258,171258,171258,171258,171258,171258,171258,171258,171258,171258,326094,326094,326094,326094,326094,326094,326094,326094,326094,326094,326094,326094,326094,326094,326094,326094,326094,326094,326094,326094,326094,326094,326094,326094,326094,326094
75,3/16/2012 12:00,173604,173604,173604,173604,173604,173604,173604,173604,173604,173604,173604,173604,173604,173604,173604,173604,173604,173604,173604,173604,173604,173604,173604,173604,173604,323748,323748,323748,323748,323748,323748,323748,323748,323748,323748,323748,323748,323748,323748,323748,323748,323748,323748,323748,323748,323748,323748,323748,323748,323748,323748
76,3/17/2012 12:00,175950,175950,175950,175950,175950,175950,175950,175950,175950,175950,175950,175950,175950,175950,175950,175950,175950,175950,175950,175950,175950,175950,175950,175950,175950,321402,321402,321402,321402,321402,321402,321402,321402,321402,321402,321402,321402,321402,321402,321402,321402,321402,321402,321402,321402,321402,321402,321402,321402,321402,321402
77,3/18/2012 12:00,178296,178296,178296,178296,178296,178296,178296,178296,178296,178296,178296,178296,178296,178296,178296,178296,178296,178296,178296,178296,178296,178296,178296,178296,178296,319056,319056,319056,319056,319056,319056,319056,319056,319056,319056,319056,319056,319056,319056,319056,319056,319056,319056,319056,319056,319056,319056,319056,319056,319056,319056
78,3/19/2012 12:00,180642,180642,180642,180642,180642,180642,180642,180642,180642,180642,180642,180642,180642,180642,180642,180642,180642,180642,180642,180642,180642,180642,180642,180642,180642,316710,316710,316710,316710,316710,316710,316710,316710,316710,316710,316710,316710,316710,316710,316710,316710,316710,316710,316710,316710,316710,316710,316710,316710,316710,316710
79,3/20/2012 12:00,182988,182988,182988,182988,182988,182988,182988,182988,182988,182988,182988,182988,182988,182988,182988,182988,182988,182988,182988,182988,182988,182988,182988,182988,182988,314364,314364,314364,314364,314364,314364,314364,314364,314364,314364,314364,314364,314364,314364,314364,314364,314364,314364,314364,314364,314364,314364,314364,314364,314364,314364
80,3/21/2012 12:00,185334,185334,185334,185334,185334,185334,185334,185334,185334,185334,185334,185334,185334,185334,185334,185334,185334,185334,185334,185334,185334,185334,185334,185334,185334,312018,312018,312018,312018,312018,312018,312018,312018,312018,312018,312018,312018,312018,312018,312018,312018,312018,312018,312018,312018,312018,312018,312018,312018,312018,312018
81,3/22/2012 12:00,187680,187680,187680,187680,187680,187680,187680,187680,187680,187680,187680,187680,187680,187680,187680,187680,187680,187680,187680,187680,187680,187680,187680,187680,187680,309672,309672,309672,309672,309672,309672,309672,309672,309672,309672,309672,309672,309672,309672,309672,309672,309672,309672,309672,309672,309672,309672,309672,309672,309672,309672
82,3/23/2012 12:00,190026,190026,190026,190026,190026,190026,190026,190026,190026,190026,190026,190026,190026,190026,190026,190026,190026,190026,190026,190026,190026,190026,190026,190026,190026,307326,307326,307326,307326,307326,307326,307326,307326,307326,307326,307326,307326,307326,307326,307326,307326,307326,307326,307326,307326,307326,307326,307326,307326,307326,307326
83,3/24/2012 12:00,192372,192372,192372,192372,192372,192372,192372,192372,192372,192372,192372,192372,192372,192372,192372,192372,192372,192372,192372,192372,192372,192372,192372,192372,192372,304980,304980,304980,304980,304980,304980,304980,304980,304980,304980,304980,304980,304980,304980,304980,304980,304980,304980,304980,304980,304980,304980,304980,304980,304980,304980
84,3/25/2012 12:00,194718,194718,194718,194718,194718,194718,194718,194718,194718,194718,194718,194718,194718,194718,194718,194718,194718,194718,194718,194718,194718,194718,194718,194718,194718,302634,302634,302634,302634,302634,302634,302634,302634,302634,302634,302634,302634,302634,302634,302634,302634,302634,302634,302634,302634,302634,302634,302634,302634,302634,302634
85,3/26/2012 12:00,197064,197064,197064,197064,197064,197064,197064,197064,197064,197064,197064,197064,197064,197064,197064,197064,197064,197064,197064,197064,197064,197064,197064,197064,197064,300288,300288,300288,300288,300288,300288,300288,300288,300288,300288,300288,300288,300288,300288,300288,300288,300288,300288,300288,300288,300288,300288,300288,300288,300288,300288
86,3/27/2012 12:00,199410,199410,199410,199410,199410,199410,199410,199410,199410,199410,199410,199410,199410,199410,199410,199410,199410,199410,199410,199410,199410,199410,199410,199410,199410,297942,297942,297942,297942,297942,297942,297942,297942,297942,297942,297942,297942,297942,297942,297942,297942,297942,297942,297942,297942,297942,297942,297942,297942,297942,297942
87,3/28/2012 12:00,201756,201756,201756,201756,201756,201756,201756,201756,201756,201756,201756,201756,201756,201756,201756,201756,201756,201756,201756,201756,201756,201756,201756,201756,201756,295596,295596,295596,295596,295596,295596,295596,295596,295596,295596,295596,295596,295596,295596,295596,295596,295596,295596,295596,295596,295596,295596,295596,295596,295596,295596
88,3/29/2012 12:00,204102,204102,204102,204102,204102,204102,204102,204102,204102,204102,204102,204102,204102,204102,204102,204102,204102,204102,204102,204102,204102,204102,204102,204102,204102,293250,293250,293250,293250,293250,293250,293250,293250,293250,293250,293250,293250,293250,293250,293250,293250,293250,293250,293250,293250,293250,293250,293250,293250,293250,293250
89,3/30/2012 12:00,206448,206448,206448,206448,206448,206448,206448,206448,206448,206448,206448,206448,206448,206448,206448,206448,206448,206448,206448,206448,206448,206448,206448,206448,206448,290904,290904,290904,290904,290904,290904,290904,290904,290904,290904,290904,290904,290904,290904,290904,290904,290904,290904,290904,290904,290904,290904,290904,290904,290904,290904
90,3/31/2012 12:00,208794,208794,208794,208794,208794,208794,208794,208794,208794,208794,208794,208794,208794,208794,208794,208794,208794,208794,208794,208794,208794,208794,208794,208794,208794,288558,288558,288558,288558,288558,288558,288558,288558,288558,288558,288558,288558,288558,288558,288558,288558,288558,288558,288558,288558,288558,288558,288558,288558,288558,288558
91,4/1/2012 12:00,211140,211140,211140,211140,211140,211140,211140,211140,211140,211140,211140,211140,211140,211140,211140,211140,211140,211140,211140,211140,211140,211140,211140,211140,211140,286212,286212,286212,286212,286212,286212,286212,286212,286212,286212,286212,286212,286212,286212,286212,286212,286212,286212,286212,286212,286212,286212,286212,286212,286212,286212
92,4/2/2012 12:00,213486,213486,213486,213486,213486,213486,213486,213486,213486,213486,213486,213486,213486,213486,213486,213486,213486,213486,213486,213486,213486,213486,213486,213486,213486,283866,283866,283866,283866,283866,283866,283866,283866,283866,283866,283866,283866,283866,283866,283866,283866,283866,283866,283866,283866,283866,283866,283866,283866,283866,283866
93,4/3/2012 12:00,215832,215832,215832,215832,215832,215832,215832,215832,215832,215832,215832,215832,215832,215832,215832,215832,215832,215832,215832,215832,215832,215832,215832,215832,215832,281520,281520,281520,281520,281520,281520,281520,281520,281520,281520,281520,281520,281520,281520,281520,281520,281520,281520,281520,281520,281520,281520,281520,281520,281520,281520
94,4/4/2012 12:00,218178,218178,218178,218178,218178,218178,218178,218178,218178,218178,218178,218178,218178,218178,218178,218178,218178,218178,218178,218178,218178,218178,218178,218178,218178,279174,279174,279174,279174,279174,279174,279174,279174,279174,279174,279174,279174,279174,279174,279174,279174,279174,279174,279174,279174,279174,279174,279174,279174,279174,279174
95,4/5/2012 12:00,220524,220524,220524,220524,220524,220524,220524,220524,220524,220524,220524,220524,220524,220524,220524,220524,220524,220524,220524,220524,220524,220524,220524,220524,220524,276828,276828,276828,276828,276828,276828,276828,276828,276828,276828,276828,276828,276828,276828,276828,276828,276828,276828,276828,276828,276828,276828,276828,276828,276828,276828
96,4/6/2012 12:00,222870,222870,222870,222870,222870,222870,222870,222870,222870,222870,222870,222870,222870,222870,222870,222870,222870,222870,222870,222870,222870,222870,222870,222870,222870,274482,274482,274482,274482,274482,274482,274482,274482,274482,274482,274482,274482,274482,274482,274482,274482,274482,274482,274482,274482,274482,274482,274482,274482,274482,274482
97,4/7/2012 12:00,225216,225216,225216,225216,225216,225216,225216,225216,225216,225216,225216,225216,225216,225216,225216,225216,225216,225216,225216,225216,225216,225216,225216,225216,225216,272136,272136,272136,272136,272136,272136,272136,272136,272136,272136,272136,272136,272136,272136,272136,272136,272136,272136,272136,272136,272136,272136,272136,272136,272136,272136
98,4/8/2012 12:00,227562,227562,227562,227562,227562,227562,227562,227562,227562,227562,227562,227562,227562,227562,227562,227562,227562,227562,227562,227562,227562,227562,227562,227562,227562,269790,269790,269790,269790,269790,269790,269790,269790,269790,269790,269790,269790,269790,269790,269790,269790,269790,269790,269790,269790,269790,269790,269790,269790,269790,269790
99,4/9/2012 12:00,229908,229908,229908,229908,229908,229908,229908,229908,229908,229908,229908,229908,229908,229908,229908,229908,229908,229908,229908,229908,229908,229908,229908,229908,229908,267444,267444,267444,267444,267444,267444,267444,267444,267444,267444,267444,267444,267444,267444,267444,267444,267444,267444,267444,267444,267444,267444,267444,267444,267444,267444
100,4/10/2012 12:00,232254,232254,232254,232254,232254,232254,232254,232254,232254,232254,232254,232254,232254,232254,232254,232254,232254,232254,232254,232254,232254,232254,232254,232254,232254,265098,265098,265098,265098,265098,265098,265098,265098,265098,265098,265098,265098,265098,265098,265098,265098,265098,265098,265098,265098,265098,265098,265098,265098,265098,265098
101,4/11/2012 12:00,234600,234600,234600,234600,234600,234600,234600,234600,234600,234600,234600,234600,234600,234600,234600,234600,234600,234600,234600,234600,234600,234600,234600,234600,234600,262752,262752,262752,262752,262752,262752,262752,262752,262752,262752,262752,262752,262752,262752,262752,262752,262752,262752,262752,262752,262752,262752,262752,262752,262752,262752
102,4/12/2012 12:00,236946,236946,236946,236946,236946,236946,236946,236946,236946,236946,236946,236946,236946,236946,236946,236946,236946,236946,236946,236946,236946,236946,236946,236946,236946,260406,260406,260406,260406,260406,260406,260406,260406,260406,260406,260406,260406,260406,260406,260406,260406,260406,260406,260406,260406,260406,260406,260406,260406,260406,260406
103,4/13/2012 12:00,239292,239292,239292,239292,239292,239292,239292,239292,239292,239292,239292,239292,239292,239292,239292,239292,239292,239292,239292,239292,239292,239292,239292,239292,239292,258060,258060,258060,258060,258060,258060,258060,258060,258060,258060,258060,258060,258060,258060,258060,258060,258060,258060,258060,258060,258060,258060,258060,258060,258060,258060
104,4/14/2012 12:00,241638,241638,241638,241638,241638,241638,241638,241638,241638,241638,241638,241638,241638,241638,241638,241638,241638,241638,241638,241638,241638,241638,241638,241638,241638,255714,255714,255714,255714,255714,255714,255714,255714,255714,255714,255714,255714,255714,255714,255714,255714,255714,255714,255714,255714,255714,255714,255714,255714,255714,255714
105,4/15/2012 12:00,243984,243984,243984,243984,243984,243984,243984,243984,243984,243984,243984,243984,243984,243984,243984,243984,243984,243984,243984,243984,243984,243984,243984,243984,243984,253368,253368,253368,253368,253368,253368,253368,253368,253368,253368,253368,253368,253368,253368,253368,253368,253368,253368,253368,253368,253368,253368,253368,253368,253368,253368
106,4/16/2012 12:00,246330,246330,246330,246330,246330,246330,246330,246330,246330,246330,246330,246330,246330,246330,246330,246330,246330,246330,246330,246330,246330,246330,246330,246330,246330,251022,251022,251022,251022,251022,251022,251022,251022,251022,251022,251022,251022,251022,251022,251022,251022,251022,251022,251022,251022,251022,251022,251022,251022,251022,251022
107,4/17/2012 12:00,248676,248676,248676,248676,248676,248676,248676,248676,248676,248676,248676,248676,248676,248676,248676,248676,248676,248676,248676,248676,248676,248676,248676,248676,248676,248676,248676,248676,248676,248676,248676,248676,248676,248676,248676,248676,248676,248676,248676,248676,248676,248676,248676,248676,248676,248676,248676,248676,248676,248676,248676
108,4/18/2012 12:00,251022,251022,251022,251022,251022,251022,251022,251022,251022,251022,251022,251022,251022,251022,251022,251022,251022,251022,251022,251022,251022,251022,251022,251022,251022,246330,246330,246330,246330,246330,246330,246330,246330,246330,246330,246330,246330,246330,246330,246330,246330,246330,246330,246330,246330,246330,246330,246330,246330,246330,246330
109,4/19/2012 12:00,253368,253368,253368,253368,253368,253368,253368,253368,253368,253368,253368,253368,253368,253368,253368,253368,253368,253368,253368,253368,253368,253368,253368,253368,253368,243984,243984,243984,243984,243984,243984,243984,243984,243984,243984,243984,243984,243984,243984,243984,243984,243984,243984,243984,243984,243984,243984,243984,243984,243984,243984
110,4/20/2012 12:00,255714,255714,255714,255714,255714,255714,255714,255714,255714,255714,255714,255714,255714,255714,255714,255714,255714,255714,255714,255714,255714,255714,255714,255714,255714,241638,241638,241638,241638,241638,241638,241638,241638,241638,241638,241638,241638,241638,241638,241638,241638,241638,241638,241638,241638,241638,241638,241638,241638,241638,241638
111,4/21/2012 12:00,258060,258060,258060,258060,258060,258060,258060,258060,258060,258060,258060,258060,258060,258060,258060,258060,258060,258060,258060,258060,258060,258060,258060,258060,258060,239292,239292,239292,239292,239292,239292,239292,239292,239292,239292,239292,239292,239292,239292,239292,239292,239292,239292,239292,239292,239292,239292,239292,239292,239292,239292
112,4/22/2012 12:00,260406,260406,260406,260406,260406,260406,260406,260406,260406,260406,260406,260406,260406,260406,260406,260406,260406,260406,260406,260406,260406,260406,260406,260406,260406,236946,236946,236946,236946,236946,236946,236946,236946,236946,236946,236946,236946,236946,236946,236946,236946,236946,236946,236946,236946,236946,236946,236946,236946,236946,236946
113,4/23/2012 12:00,262752,262752,262752,262752,262752,262752,262752,262752,262752,262752,262752,262752,262752,262752,262752,262752,262752,262752,262752,262752,262752,262752,262752,262752,262752,234600,234600,234600,234600,234600,234600,234600,234600,234600,234600,234600,234600,234600,234600,234600,234600,234600,234600,234600,234600,234600,234600,234600,234600,234600,234600
114,4/24/2012 12:00,265098,265098,265098,265098,265098,265098,265098,265098,265098,265098,265098,265098,265098,265098,265098,265098,265098,265098,265098,265098,265098,265098,265098,265098,265098,232254,232254,232254,232254,232254,232254,232254,232254,232254,232254,232254,232254,232254,232254,232254,232254,232254,232254,232254,232254,232254,232254,232254,232254,232254,232254
115,4/25/2012 12:00,267444,267444,267444,267444,267444,267444,267444,267444,267444,267444,267444,267444,267444,267444,267444,267444,267444,267444,267444,267444,267444,267444,267444,267444,267444,229908,229908,229908,229908,229908,229908,229908,229908,229908,229908,229908,229908,229908,229908,229908,229908,229908,229908,229908,229908,229908,229908,229908,229908,229908,229908
116,4/26/2012 12:00,269790,269790,269790,269790,269790,269790,269790,269790,269790,269790,269790,269790,269790,269790,269790,269790,269790,269790,269790,269790,269790,269790,269790,269790,269790,227562,227562,227562,227562,227562,227562,227562,227562,227562,227562,227562,227562,227562,227562,227562,227562,227562,227562,227562,227562,227562,227562,227562,227562,227562,227562
117,4/27/2012 12:00,272136,272136,272136,272136,272136,272136,272136,272136,272136,272136,272136,272136,272136,272136,272136,272136,272136,272136,272136,272136,272136,272136,272136,272136,272136,225216,225216,225216,225216,225216,225216,225216,225216,225216,225216,225216,225216,225216,225216,225216,225216,225216,225216,225216,225216,225216,225216,225216,225216,225216,225216
118,4/28/2012 12:00,274482,274482,274482,274482,274482,274482,274482,274482,274482,274482,274482,274482,274482,274482,274482,274482,274482,274482,274482,274482,274482,274482,274482,274482,274482,222870,222870,222870,222870,222870,222870,222870,222870,222870,222870,222870,222870,222870,222870,222870,222870,222870,222870,222870,222870,222870,222870,222870,222870,222870,222870
119,4/29/2012 12:00,276828,276828,276828,276828,276828,276828,276828,276828,276828,276828,276828,276828,276828,276828,276828,276828,276828,276828,276828,276828,276828,276828,276828,276828,276828,220524,220524,220524,220524,220524,220524,220524,220524,220524,220524,220524,220524,220524,220524,220524,220524,220524,220524,220524,220524,220524,220524,220524,220524,220524,220524
120,4/30/2012 12:00,279174,279174,279174,279174,279174,279174,279174,279174,279174,279174,279174,279174,279174,279174,279174,279174,279174,279174,279174,279174,279174,279174,279174,279174,279174,218178,218178,218178,218178,218178,218178,218178,218178,218178,218178,218178,218178,218178,218178,218178,218178,218178,218178,218178,218178,218178,218178,218178,218178,218178,218178
121,5/1/2012 12:00,281520,281520,281520,281520,281520,281520,281520,281520,281520,281520,281520,281520,281520,281520,281520,281520,281520,281520,281520,281520,281520,281520,281520,281520,281520,215832,215832,215832,215832,215832,215832,215832,215832,215832,215832,215832,215832,215832,215832,215832,215832,215832,215832,215832,215832,215832,215832,215832,215832,215832,215832
122,5/2/2012 12:00,283866,283866,283866,283866,283866,283866,283866,283866,283866,283866,283866,283866,283866,283866,283866,283866,283866,283866,283866,283866,283866,283866,283866,283866,283866,213486,213486,213486,213486,213486,213486,213486,213486,213486,213486,213486,213486,213486,213486,213486,213486,213486,213486,213486,213486,213486,213486,213486,213486,213486,213486
123,5/3/2012 12:00,286212,286212,286212,286212,286212,286212,286212,286212,286212,286212,286212,286212,286212,286212,286212,286212,286212,286212,286212,286212,286212,286212,286212,286212,286212,211140,211140,211140,211140,211140,211140,211140,211140,211140,211140,211140,211140,211140,211140,211140,211140,211140,211140,211140,211140,211140,211140,211140,211140,211140,211140
124,5/4/2012 12:00,288558,288558,288558,288558,288558,288558,288558,288558,288558,288558,288558,288558,288558,288558,288558,288558,288558,288558,288558,288558,288558,288558,288558,288558,288558,208794,208794,208794,208794,208794,208794,208794,208794,208794,208794,208794,208794,208794,208794,208794,208794,208794,208794,208794,208794,208794,208794,208794,208794,208794,208794
125,5/5/2012 12:00,290904,290904,290904,290904,290904,290904,290904,290904,290904,290904,290904,290904,290904,290904,290904,290904,290904,290904,290904,290904,290904,290904,290904,290904,290904,206448,206448,206448,206448,206448,206448,206448,206448,206448,206448,206448,206448,206448,206448,206448,206448,206448,206448,206448,206448,206448,206448,206448,206448,206448,206448
126,5/6/2012 12:00,293250,293250,293250,293250,293250,293250,293250,293250,293250,293250,293250,293250,293250,293250,293250,293250,293250,293250,293250,293250,293250,293250,293250,293250,293250,204102,204102,204102,204102,204102,204102,204102,204102,204102,204102,204102,204102,204102,204102,204102,204102,204102,204102,204102,204102,204102,204102,204102,204102,204102,204102
127,5/7/2012 12:00,295596,295596,295596,295596,295596,295596,295596,295596,295596,295596,295596,295596,295596,295596,295596,295596,295596,295596,295596,295596,295596,295596,295596,295596,295596,201756,201756,201756,201756,201756,201756,201756,201756,201756,201756,201756,201756,201756,201756,201756,201756,201756,201756,201756,201756,201756,201756,201756,201756,201756,201756
128,5/8/2012 12:00,297942,297942,297942,297942,297942,297942,297942,297942,297942,297942,297942,297942,297942,297942,297942,297942,297942,297942,297942,297942,297942,297942,297942,297942,297942,199410,199410,199410,199410,199410,199410,199410,199410,199410,199410,199410,199410,199410,199410,199410,199410,199410,199410,199410,199410,199410,199410,199410,199410,199410,199410
129,5/9/2012 12:00,300288,300288,300288,300288,300288,300288,300288,300288,300288,300288,300288,300288,300288,300288,300288,300288,300288,300288,300288,300288,300288,300288,300288,300288,300288,197064,197064,197064,197064,197064,197064,197064,197064,197064,197064,197064,197064,197064,197064,197064,197064,197064,197064,197064,197064,197064,197064,197064,197064,197064,197064
130,5/10/2012 12:00,302634,302634,302634,302634,302634,302634,302634,302634,302634,302634,302634,302634,302634,302634,302634,302634,302634,302634,302634,302634,302634,302634,302634,302634,302634,194718,194718,194718,194718,194718,194718,194718,194718,194718,194718,194718,194718,194718,194718,194718,194718,194718,194718,194718,194718,194718,194718,194718,194718,194718,194718
131,5/11/2012 12:00,304980,304980,304980,304980,304980,304980,304980,304980,304980,304980,304980,304980,304980,304980,304980,304980,304980,304980,304980,304980,304980,304980,304980,304980,304980,192372,192372,192372,192372,192372,192372,192372,192372,192372,192372,192372,192372,192372,192372,192372,192372,192372,192372,192372,192372,192372,192372,192372,192372,192372,192372
132,5/12/2012 12:00,307326,307326,307326,307326,307326,307326,307326,307326,307326,307326,307326,307326,307326,307326,307326,307326,307326,307326,307326,307326,307326,307326,307326,307326,307326,190026,190026,190026,190026,190026,190026,190026,190026,190026,190026,190026,190026,190026,190026,190026,190026,190026,190026,190026,190026,190026,190026,190026,190026,190026,190026
133,5/13/2012 12:00,309672,309672,309672,309672,309672,309672,309672,309672,309672,309672,309672,309672,309672,309672,309672,309672,309672,309672,309672,309672,309672,309672,309672,309672,309672,187680,187680,187680,187680,187680,187680,187680,187680,187680,187680,187680,187680,187680,187680,187680,187680,187680,187680,187680,187680,187680,187680,187680,187680,187680,187680
134,5/14/2012 12:00,312018,312018,312018,312018,312018,312018,312018,312018,312018,312018,312018,312018,312018,312018,312018,312018,312018,312018,312018,312018,312018,312018,312018,312018,312018,185334,185334,185334,185334,185334,185334,185334,185334,185334,185334,185334,185334,185334,185334,185334,185334,185334,185334,185334,185334,185334,185334,185334,185334,185334,185334
135,5/15/2012 12:00,314364,314364,314364,314364,314364,314364,314364,314364,314364,314364,314364,314364,314364,314364,314364,314364,314364,314364,314364,314364,314364,314364,314364,314364,314364,182988,182988,182988,182988,182988,182988,182988,182988,182988,182988,182988,182988,182988,182988,182988,182988,182988,182988,182988,182988,182988,182988,182988,182988,182988,182988
136,5/16/2012 12:00,316710,316710,316710,316710,316710,316710,316710,316710,316710,316710,316710,316710,316710,316710,316710,316710,316710,316710,316710,316710,316710,316710,316710,316710,316710,180642,180642,180642,180642,180642,180642,180642,180642,180642,180642,180642,180642,180642,180642,180642,180642,180642,180642,180642,180642,180642,180642,180642,180642,180642,180642
137,5/17/2012 12:00,319056,319056,319056,319056,319056,319056,319056,319056,319056,319056,319056,319056,319056,319056,319056,319056,319056,319056,319056,319056,319056,319056,319056,319056,319056,178296,178296,178296,178296,178296,178296,178296,178296,178296,178296,178296,178296,178296,178296,178296,178296,178296,178296,178296,178296,178296,178296,178296,178296,178296,178296
138,5/18/2012 12:00,321402,321402,321402,321402,321402,321402,321402,321402,321402,321402,321402,321402,321402,321402,321402,321402,321402,321402,321402,321402,321402,321402,321402,321402,321402,175950,175950,175950,175950,175950,175950,175950,175950,175950,175950,175950,175950,175950,175950,175950,175950,175950,175950,175950,175950,175950,175950,175950,175950,175950,175950
139,5/19/2012 12:00,323748,323748,323748,323748,323748,323748,323748,323748,323748,323748,323748,323748,323748,323748,323748,323748,323748,323748,323748,323748,323748,323748,323748,323748,323748,173604,173604,173604,173604,173604,173604,173604,173604,173604,173604,173604,173604,173604,173604,173604,173604,173604,173604,173604,173604,173604,173604,173604,173604,173604,173604
140,5/20/2012 12:00,326094,326094,326094,326094,326094,326094,326094,326094,326094,326094,326094,326094,326094,326094,326094,326094,326094,326094,326094,326094,326094,326094,326094,326094,326094,171258,171258,171258,171258,171258,171258,171258,171258,171258,171258,171258,171258,171258,171258,171258,171258,171258,171258,171258,171258,171258,171258,171258,171258,171258,171258
141,5/21/2012 12:00,328440,328440,328440,328440,328440,328440,328440,328440,328440,328440,328440,328440,328440,328440,328440,328440,328440,328440,328440,328440,328440,328440,328440,328440,328440,168912,168912,168912,168912,168912,168912,168912,168912,168912,168912,168912,168912,168912,168912,168912,168912,168912,168912,168912,168912,168912,168912,168912,168912,168912,168912
142,5/22/2012 12:00,330786,330786,330786,330786,330786,330786,330786,330786,330786,330786,330786,330786,330786,330786,330786,330786,330786,330786,330786,330786,330786,330786,330786,330786,330786,166566,166566,166566,166566,166566,166566,166566,166566,166566,166566,166566,166566,166566,166566,166566,166566,166566,166566,166566,166566,166566,166566,166566,166566,166566,166566
143,5/23/2012 12:00,333132,333132,333132,333132,333132,333132,333132,333132,333132,333132,333132,333132,333132,333132,333132,333132,333132,333132,333132,333132,333132,333132,333132,333132,333132,164220,164220,164220,164220,164220,164220,164220,164220,164220,164220,164220,164220,164220,164220,164220,164220,164220,164220,164220,164220,164220,164220,164220,164220,164220,164220
144,5/24/2012 12:00,335478,335478,335478,335478,335478,335478,335478,335478,335478,335478,335478,335478,335478,335478,335478,335478,335478,335478,335478,335478,335478,335478,335478,335478,335478,161874,161874,161874,161874,161874,161874,161874,161874,161874,161874,161874,161874,161874,161874,161874,161874,161874,161874,161874,161874,161874,161874,161874,161874,161874,161874
145,5/25/2012 12:00,337824,337824,337824,337824,337824,337824,337824,337824,337824,337824,337824,337824,337824,337824,337824,337824,337824,337824,337824,337824,337824,337824,337824,337824,337824,159528,159528,159528,159528,159528,159528,159528,159528,159528,159528,159528,159528,159528,159528,159528,159528,159528,159528,159528,159528,159528,159528,159528,159528,159528,159528
146,5/26/2012 12:00,340170,340170,340170,340170,340170,340170,340170,340170,340170,340170,340170,340170,340170,340170,340170,340170,340170,340170,340170,340170,340170,340170,340170,340170,340170,157182,157182,157182,157182,157182,157182,157182,157182,157182,157182,157182,157182,157182,157182,157182,157182,157182,157182,157182,157182,157182,157182,157182,157182,157182,157182
147,5/27/2012 12:00,342516,342516,342516,342516,342516,342516,342516,342516,342516,342516,342516,342516,342516,342516,342516,342516,342516,342516,342516,342516,342516,342516,342516,342516,342516,154836,154836,154836,154836,154836,154836,154836,154836,154836,154836,154836,154836,154836,154836,154836,154836,154836,154836,154836,154836,154836,154836,154836,154836,154836,154836
148,5/28/2012 12:00,344862,344862,344862,344862,344862,344862,344862,344862,344862,344862,344862,344862,344862,344862,344862,344862,344862,344862,344862,344862,344862,344862,344862,344862,344862,152490,152490,152490,152490,152490,152490,152490,152490,152490,152490,152490,152490,152490,152490,152490,152490,152490,152490,152490,152490,152490,152490,152490,152490,152490,152490
149,5/29/2012 12:00,347208,347208,347208,347208,347208,347208,347208,347208,347208,347208,347208,347208,347208,347208,347208,347208,347208,347208,347208,347208,347208,347208,347208,347208,347208,150144,150144,150144,150144,150144,150144,150144,150144,150144,150144,150144,150144,150144,150144,150144,150144,150144,150144,150144,150144,150144,150144,150144,150144,150144,150144
150,5/30/2012 12:00,349554,349554,349554,349554,349554,349554,349554,349554,349554,349554,349554,349554,349554,349554,349554,349554,349554,349554,349554,349554,349554,349554,349554,349554,349554,147798,147798,147798,147798,147798,147798,147798,147798,147798,147798,147798,147798,147798,147798,147798,147798,147798,147798,147798,147798,147798,147798,147798,147798,147798,147798
151,5/31/2012 12:00,351900,351900,351900,351900,351900,351900,351900,351900,351900,351900,351900,351900,351900,351900,351900,351900,351900,351900,351900,351900,351900,351900,351900,351900,351900,145452,145452,145452,145452,145452,145452,145452,145452,145452,145452,145452,145452,145452,145452,145452,145452,145452,145452,145452,145452,145452,145452,145452,145452,145452,145452
152,6/1/2012 12:00,354246,354246,354246,354246,354246,354246,354246,354246,354246,354246,354246,354246,354246,354246,354246,354246,354246,354246,354246,354246,354246,354246,354246,354246,354246,143106,143106,143106,143106,143106,143106,143106,143106,143106,143106,143106,143106,143106,143106,143106,143106,143106,143106,143106,143106,143106,143106,143106,143106,143106,143106
153,6/2/2012 12:00,356592,356592,356592,356592,356592,356592,356592,356592,356592,356592,356592,356592,356592,356592,356592,356592,356592,356592,356592,356592,356592,356592,356592,356592,356592,140760,140760,140760,140760,140760,140760,140760,140760,140760,140760,140760,140760,140760,140760,140760,140760,140760,140760,140760,140760,140760,140760,140760,140760,140760,140760
154,6/3/2012 12:00,358938,358938,358938,358938,358938,358938,358938,358938,358938,358938,358938,358938,358938,358938,358938,358938,358938,358938,358938,358938,358938,358938,358938,358938,358938,138414,138414,138414,138414,138414,138414,138414,138414,138414,138414,138414,138414,138414,138414,138414,138414,138414,138414,138414,138414,138414,138414,138414,138414,138414,138414
155,6/4/2012 12:00,361284,361284,361284,361284,361284,361284,361284,361284,361284,361284,361284,361284,361284,361284,361284,361284,361284,361284,361284,361284,361284,361284,361284,361284,361284,136068,136068,136068,136068,136068,136068,136068,136068,136068,136068,136068,136068,136068,136068,136068,136068,136068,136068,136068,136068,136068,136068,136068,136068,136068,136068
156,6/5/2012 12:00,363630,363630,363630,363630,363630,363630,363630,363630,363630,363630,363630,363630,363630,363630,363630,363630,363630,363630,363630,363630,363630,363630,363630,363630,363630,133722,133722,133722,133722,133722,133722,133722,133722,133722,133722,133722,133722,133722,133722,133722,133722,133722,133722,133722,133722,133722,133722,133722,133722,133722,133722
157,6/6/2012 12:00,365976,365976,365976,365976,365976,365976,365976,365976,365976,365976,365976,365976,365976,365976,365976,365976,365976,365976,365976,365976,365976,365976,365976,365976,365976,131376,131376,131376,131376,131376,131376,131376,131376,131376,131376,131376,131376,131376,131376,131376,131376,131376,131376,131376,131376,131376,131376,131376,131376,131376,131376
158,6/7/2012 12:00,368322,368322,368322,368322,368322,368322,368322,368322,368322,368322,368322,368322,368322,368322,368322,368322,368322,368322,368322,368322,368322,368322,368322,368322,368322,129030,129030,129030,129030,129030,129030,129030,129030,129030,129030,129030,129030,129030,129030,129030,129030,129030,129030,129030,129030,129030,129030,129030,129030,129030,129030
159,6/8/2012 12:00,370668,370668,370668,370668,370668,370668,370668,370668,370668,370668,370668,370668,370668,370668,370668,370668,370668,370668,370668,370668,370668,370668,370668,370668,370668,126684,126684,126684,126684,126684,126684,126684,126684,126684,126684,126684,126684,126684,126684,126684,126684,126684,126684,126684,126684,126684,126684,126684,126684,126684,126684
160,6/9/2012 12:00,373014,373014,373014,373014,373014,373014,373014,373014,373014,373014,373014,373014,373014,373014,373014,373014,373014,373014,373014,373014,373014,373014,373014,373014,373014,124338,124338,124338,124338,124338,124338,124338,124338,124338,124338,124338,124338,124338,124338,124338,124338,124338,124338,124338,124338,124338,124338,124338,124338,124338,124338
161,6/10/2012 12:00,375360,375360,375360,375360,375360,375360,375360,375360,375360,375360,375360,375360,375360,375360,375360,375360,375360,375360,375360,375360,375360,375360,375360,375360,375360,121992,121992,121992,121992,121992,121992,121992,121992,121992,121992,121992,121992,121992,121992,121992,121992,121992,121992,121992,121992,121992,121992,121992,121992,121992,121992
162,6/11/2012 12:00,377706,377706,377706,377706,377706,377706,377706,377706,377706,377706,377706,377706,377706,377706,377706,377706,377706,377706,377706,377706,377706,377706,377706,377706,377706,119646,119646,119646,119646,119646,119646,119646,119646,119646,119646,119646,119646,119646,119646,119646,119646,119646,119646,119646,119646,119646,119646,119646,119646,119646,119646
163,6/12/2012 12:00,380052,380052,380052,380052,380052,380052,380052,380052,380052,380052,380052,380052,380052,380052,380052,380052,380052,380052,380052,380052,380052,380052,380052,380052,380052,117300,117300,117300,117300,117300,117300,117300,117300,117300,117300,117300,117300,117300,117300,117300,117300,117300,117300,117300,117300,117300,117300,117300,117300,117300,117300
164,6/13/2012 12:00,382398,382398,382398,382398,382398,382398,382398,382398,382398,382398,382398,382398,382398,382398,382398,382398,382398,382398,382398,382398,382398,382398,382398,382398,382398,114954,114954,114954,114954,114954,114954,114954,114954,114954,114954,114954,114954,114954,114954,114954,114954,114954,114954,114954,114954,114954,114954,114954,114954,114954,114954
165,6/14/2012 12:00,384744,384744,384744,384744,384744,384744,384744,384744,384744,384744,384744,384744,384744,384744,384744,384744,384744,384744,384744,384744,384744,384744,384744,384744,384744,112608,112608,112608,112608,112608,112608,112608,112608,112608,112608,112608,112608,112608,112608,112608,112608,112608,112608,112608,112608,112608,112608,112608,112608,112608,112608
166,6/15/2012 12:00,387090,387090,387090,387090,387090,387090,387090,387090,387090,387090,387090,387090,387090,387090,387090,387090,387090,387090,387090,387090,387090,387090,387090,387090,387090,110262,110262,110262,110262,110262,110262,110262,110262,110262,110262,110262,110262,110262,110262,110262,110262,110262,110262,110262,110262,110262,110262,110262,110262,110262,110262
167,6/16/2012 12:00,389436,389436,389436,389436,389436,389436,389436,389436,389436,389436,389436,389436,389436,389436,389436,389436,389436,389436,389436,389436,389436,389436,389436,389436,389436,107916,107916,107916,107916,107916,107916,107916,107916,107916,107916,107916,107916,107916,107916,107916,107916,107916,107916,107916,107916,107916,107916,107916,107916,107916,107916
168,6/17/2012 12:00,391782,391782,391782,391782,391782,391782,391782,391782,391782,391782,391782,391782,391782,391782,391782,391782,391782,391782,391782,391782,391782,391782,391782,391782,391782,105570,105570,105570,105570,105570,105570,105570,105570,105570,105570,105570,105570,105570,105570,105570,105570,105570,105570,105570,105570,105570,105570,105570,105570,105570,105570
169,6/18/2012 12:00,394128,394128,394128,394128,394128,394128,394128,394128,394128,394128,394128,394128,394128,394128,394128,394128,394128,394128,394128,394128,394128,394128,394128,394128,394128,103224,103224,103224,103224,103224,103224,103224,103224,103224,103224,103224,103224,103224,103224,103224,103224,103224,103224,103224,103224,103224,103224,103224,103224,103224,103224
170,6/19/2012 12:00,396474,396474,396474,396474,396474,396474,396474,396474,396474,396474,396474,396474,396474,396474,396474,396474,396474,396474,396474,396474,396474,396474,396474,396474,396474,100878,100878,100878,100878,100878,100878,100878,100878,100878,100878,100878,100878,100878,100878,100878,100878,100878,100878,100878,100878,100878,100878,100878,100878,100878,100878
171,6/20/2012 12:00,398820,398820,398820,398820,398820,398820,398820,398820,398820,398820,398820,398820,398820,398820,398820,398820,398820,398820,398820,398820,398820,398820,398820,398820,398820,98532,98532,98532,98532,98532,98532,98532,98532,98532,98532,98532,98532,98532,98532,98532,98532,98532,98532,98532,98532,98532,98532,98532,98532,98532,98532
172,6/21/2012 12:00,401166,401166,401166,401166,401166,401166,401166,401166,401166,401166,401166,401166,401166,401166,401166,401166,401166,401166,401166,401166,401166,401166,401166,401166,401166,96186,96186,96186,96186,96186,96186,96186,96186,96186,96186,96186,96186,96186,96186,96186,96186,96186,96186,96186,96186,96186,96186,96186,96186,96186,96186
173,6/22/2012 12:00,403512,403512,403512,403512,403512,403512,403512,403512,403512,403512,403512,403512,403512,403512,403512,403512,403512,403512,403512,403512,403512,403512,403512,403512,403512,93840,93840,93840,93840,93840,93840,93840,93840,93840,93840,93840,93840,93840,93840,93840,93840,93840,93840,93840,93840,93840,93840,93840,93840,93840,93840
174,6/23/2012 12:00,405858,405858,405858,405858,405858,405858,405858,405858,405858,405858,405858,405858,405858,405858,405858,405858,405858,405858,405858,405858,405858,405858,405858,405858,405858,91494,91494,91494,91494,91494,91494,91494,91494,91494,91494,91494,91494,91494,91494,91494,91494,91494,91494,91494,91494,91494,91494,91494,91494,91494,91494
175,6/24/2012 12:00,408204,408204,408204,408204,408204,408204,408204,408204,408204,408204,408204,408204,408204,408204,408204,408204,408204,408204,408204,408204,408204,408204,408204,408204,408204,89148,89148,89148,89148,89148,89148,89148,89148,89148,89148,89148,89148,89148,89148,89148,89148,89148,89148,89148,89148,89148,89148,89148,89148,89148,89148
176,6/25/2012 12:00,410550,410550,410550,410550,410550,410550,410550,410550,410550,410550,410550,410550,410550,410550,410550,410550,410550,410550,410550,410550,410550,410550,410550,410550,410550,86802,86802,86802,86802,86802,86802,86802,86802,86802,86802,86802,86802,86802,86802,86802,86802,86802,86802,86802,86802,86802,86802,86802,86802,86802,86802
177,6/26/2012 12:00,412896,412896,412896,412896,412896,412896,412896,412896,412896,412896,412896,412896,412896,412896,412896,412896,412896,412896,412896,412896,412896,412896,412896,412896,412896,84456,84456,84456,84456,84456,84456,84456,84456,84456,84456,84456,84456,84456,84456,84456,84456,84456,84456,84456,84456,84456,84456,84456,84456,84456,84456
178,6/27/2012 12:00,415242,415242,415242,415242,415242,415242,415242,415242,415242,415242,415242,415242,415242,415242,415242,415242,415242,415242,415242,415242,415242,415242,415242,415242,415242,82110,82110,82110,82110,82110,82110,82110,82110,82110,82110,82110,82110,82110,82110,82110,82110,82110,82110,82110,82110,82110,82110,82110,82110,82110,82110
179,6/28/2012 12:00,417588,417588,417588,417588,417588,417588,417588,417588,417588,417588,417588,417588,417588,417588,417588,417588,417588,417588,417588,417588,417588,417588,417588,417588,417588,79764,79764,79764,79764,79764,79764,79764,79764,79764,79764,79764,79764,79764,79764,79764,79764,79764,79764,79764,79764,79764,79764,79764,79764,79764,79764
180,6/29/2012 12:00,419934,419934,419934,419934,419934,419934,419934,419934,419934,419934,419934,419934,419934,419934,419934,419934,419934,419934,419934,419934,419934,419934,419934,419934,419934,77418,77418,77418,77418,77418,77418,77418,77418,77418,77418,77418,77418,77418,77418,77418,77418,77418,77418,77418,77418,77418,77418,77418,77418,77418,77418
181,6/30/2012 12:00,422280,422280,422280,422280,422280,422280,422280,422280,422280,422280,422280,422280,422280,422280,422280,422280,422280,422280,422280,422280,422280,422280,422280,422280,422280,75072,75072,75072,75072,75072,75072,75072,75072,75072,75072,75072,75072,75072,75072,75072,75072,75072,75072,75072,75072,75072,75072,75072,75072,75072,75072
182,7/1/2012 12:00,424626,424626,424626,424626,424626,424626,424626,424626,424626,424626,424626,424626,424626,424626,424626,424626,424626,424626,424626,424626,424626,424626,424626,424626,424626,72726,72726,72726,72726,72726,72726,72726,72726,72726,72726,72726,72726,72726,72726,72726,72726,72726,72726,72726,72726,72726,72726,72726,72726,72726,72726
183,7/2/2012 12:00,426972,426972,426972,426972,426972,426972,426972,426972,426972,426972,426972,426972,426972,426972,426972,426972,426972,426972,426972,426972,426972,426972,426972,426972,426972,70380,70380,70380,70380,70380,70380,70380,70380,70380,70380,70380,70380,70380,70380,70380,70380,70380,70380,70380,70380,70380,70380,70380,70380,70380,70380
184,7/3/2012 12:00,429318,429318,429318,429318,429318,429318,429318,429318,429318,429318,429318,429318,429318,429318,429318,429318,429318,429318,429318,429318,429318,429318,429318,429318,429318,68034,68034,68034,68034,68034,68034,68034,68034,68034,68034,68034,68034,68034,68034,68034,68034,68034,68034,68034,68034,68034,68034,68034,68034,68034,68034
185,7/4/2012 12:00,431664,431664,431664,431664,431664,431664,431664,431664,431664,431664,431664,431664,431664,431664,431664,431664,431664,431664,431664,431664,431664,431664,431664,431664,431664,65688,65688,65688,65688,65688,65688,65688,65688,65688,65688,65688,65688,65688,65688,65688,65688,65688,65688,65688,65688,65688,65688,65688,65688,65688,65688
186,7/5/2012 12:00,434010,434010,434010,434010,434010,434010,434010,434010,434010,434010,434010,434010,434010,434010,434010,434010,434010,434010,434010,434010,434010,434010,434010,434010,434010,63342,63342,63342,63342,63342,63342,63342,63342,63342,63342,63342,63342,63342,63342,63342,63342,63342,63342,63342,63342,63342,63342,63342,63342,63342,63342
187,7/6/2012 12:00,436356,436356,436356,436356,436356,436356,436356,436356,436356,436356,436356,436356,436356,436356,436356,436356,436356,436356,436356,436356,436356,436356,436356,436356,436356,60996,60996,60996,60996,60996,60996,60996,60996,60996,60996,60996,60996,60996,60996,60996,60996,60996,60996,60996,60996,60996,60996,60996,60996,60996,60996
188,7/7/2012 12:00,438702,438702,438702,438702,438702,438702,438702,438702,438702,438702,438702,438702,438702,438702,438702,438702,438702,438702,438702,438702,438702,438702,438702,438702,438702,58650,58650,58650,58650,58650,58650,58650,58650,58650,58650,58650,58650,58650,58650,58650,58650,58650,58650,58650,58650,58650,58650,58650,58650,58650,58650
189,7/8/2012 12:00,441048,441048,441048,441048,441048,441048,441048,441048,441048,441048,441048,441048,441048,441048,441048,441048,441048,441048,441048,441048,441048,441048,441048,441048,441048,56304,56304,56304,56304,56304,56304,56304,56304,56304,56304,56304,56304,56304,56304,56304,56304,56304,56304,56304,56304,56304,56304,56304,56304,56304,56304
190,7/9/2012 12:00,443394,443394,443394,443394,443394,443394,443394,443394,443394,443394,443394,443394,443394,443394,443394,443394,443394,443394,443394,443394,443394,443394,443394,443394,443394,53958,53958,53958,53958,53958,53958,53958,53958,53958,53958,53958,53958,53958,53958,53958,53958,53958,53958,53958,53958,53958,53958,53958,53958,53958,53958
191,7/10/2012 12:00,445740,445740,445740,445740,445740,445740,445740,445740,445740,445740,445740,445740,445740,445740,445740,445740,445740,445740,445740,445740,445740,445740,445740,445740,445740,51612,51612,51612,51612,51612,51612,51612,51612,51612,51612,51612,51612,51612,51612,51612,51612,51612,51612,51612,51612,51612,51612,51612,51612,51612,51612
192,7/11/2012 12:00,448086,448086,448086,448086,448086,448086,448086,448086,448086,448086,448086,448086,448086,448086,448086,448086,448086,448086,448086,448086,448086,448086,448086,448086,448086,49266,49266,49266,49266,49266,49266,49266,49266,49266,49266,49266,49266,49266,49266,49266,49266,49266,49266,49266,49266,49266,49266,49266,49266,49266,49266
193,7/12/2012 12:00,450432,450432,450432,450432,450432,450432,450432,450432,450432,450432,450432,450432,450432,450432,450432,450432,450432,450432,450432,450432,450432,450432,450432,450432,450432,46920,46920,46920,46920,46920,46920,46920,46920,46920,46920,46920,46920,46920,46920,46920,46920,46920,46920,46920,46920,46920,46920,46920,46920,46920,46920
194,7/13/2012 12:00,452778,452778,452778,452778,452778,452778,452778,452778,452778,452778,452778,452778,452778,452778,452778,452778,452778,452778,452778,452778,452778,452778,452778,452778,452778,44574,44574,44574,44574,44574,44574,44574,44574,44574,44574,44574,44574,44574,44574,44574,44574,44574,44574,44574,44574,44574,44574,44574,44574,44574,44574
195,7/14/2012 12:00,455124,455124,455124,455124,455124,455124,455124,455124,455124,455124,455124,455124,455124,455124,455124,455124,455124,455124,455124,455124,455124,455124,455124,455124,455124,42228,42228,42228,42228,42228,42228,42228,42228,42228,42228,42228,42228,42228,42228,42228,42228,42228,42228,42228,42228,42228,42228,42228,42228,42228,42228
196,7/15/2012 12:00,457470,457470,457470,457470,457470,457470,457470,457470,457470,457470,457470,457470,457470,457470,457470,457470,457470,457470,457470,457470,457470,457470,457470,457470,457470,39882,39882,39882,39882,39882,39882,39882,39882,39882,39882,39882,39882,39882,39882,39882,39882,39882,39882,39882,39882,39882,39882,39882,39882,39882,39882
197,7/16/2012 12:00,459816,459816,459816,459816,459816,459816,459816,459816,459816,459816,459816,459816,459816,459816,459816,459816,459816,459816,459816,459816,459816,459816,459816,459816,459816,37536,37536,37536,37536,37536,37536,37536,37536,37536,37536,37536,37536,37536,37536,37536,37536,37536,37536,37536,37536,37536,37536,37536,37536,37536,37536
198,7/17/2012 12:00,462162,462162,462162,462162,462162,462162,462162,462162,462162,462162,462162,462162,462162,462162,462162,462162,462162,462162,462162,462162,462162,462162,462162,462162,462162,35190,35190,35190,35190,35190,35190,35190,35190,35190,35190,35190,35190,35190,35190,35190,35190,35190,35190,35190,35190,35190,35190,35190,35190,35190,35190
199,7/18/2012 12:00,464508,464508,464508,464508,464508,464508,464508,464508,464508,464508,464508,464508,464508,464508,464508,464508,464508,464508,464508,464508,464508,464508,464508,464508,464508,32844,32844,32844,32844,32844,32844,32844,32844,32844,32844,32844,32844,32844,32844,32844,32844,32844,32844,32844,32844,32844,32844,32844,32844,32844,32844
200,7/19/2012 12:00,466854,466854,466854,466854,466854,466854,466854,466854,466854,466854,466854,466854,466854,466854,466854,466854,466854,466854,466854,466854,466854,466854,466854,466854,466854,30498,30498,30498,30498,30498,30498,30498,30498,30498,30498,30498,30498,30498,30498,30498,30498,30498,30498,30498,30498,30498,30498,30498,30498,30498,30498
201,7/20/2012 12:00,469200,469200,469200,469200,469200,469200,469200,469200,469200,469200,469200,469200,469200,469200,469200,469200,469200,469200,469200,469200,469200,469200,469200,469200,469200,28152,28152,28152,28152,28152,28152,28152,28152,28152,28152,28152,28152,28152,28152,28152,28152,28152,28152,28152,28152,28152,28152,28152,28152,28152,28152
202,7/21/2012 12:00,471546,471546,471546,471546,471546,471546,471546,471546,471546,471546,471546,471546,471546,471546,471546,471546,471546,471546,471546,471546,471546,471546,471546,471546,471546,25806,25806,25806,25806,25806,25806,25806,25806,25806,25806,25806,25806,25806,25806,25806,25806,25806,25806,25806,25806,25806,25806,25806,25806,25806,25806
203,7/22/2012 12:00,473892,473892,473892,473892,473892,473892,473892,473892,473892,473892,473892,473892,473892,473892,473892,473892,473892,473892,473892,473892,473892,473892,473892,473892,473892,23460,23460,23460,23460,23460,23460,23460,23460,23460,23460,23460,23460,23460,23460,23460,23460,23460,23460,23460,23460,23460,23460,23460,23460,23460,23460
204,7/23/2012 12:00,476238,476238,476238,476238,476238,476238,476238,476238,476238,476238,476238,476238,476238,476238,476238,476238,476238,476238,476238,476238,476238,476238,476238,476238,476238,21114,21114,21114,21114,21114,21114,21114,21114,21114,21114,21114,21114,21114,21114,21114,21114,21114,21114,21114,21114,21114,21114,21114,21114,21114,21114
205,7/24/2012 12:00,478584,478584,478584,478584,478584,478584,478584,478584,478584,478584,478584,478584,478584,478584,478584,478584,478584,478584,478584,478584,478584,478584,478584,478584,478584,18768,18768,18768,18768,18768,18768,18768,18768,18768,18768,18768,18768,18768,18768,18768,18768,18768,18768,18768,18768,18768,18768,18768,18768,18768,18768
206,7/25/2012 12:00,480930,480930,480930,480930,480930,480930,480930,480930,480930,480930,480930,480930,480930,480930,480930,480930,480930,480930,480930,480930,480930,480930,480930,480930,480930,16422,16422,16422,16422,16422,16422,16422,16422,16422,16422,16422,16422,16422,16422,16422,16422,16422,16422,16422,16422,16422,16422,16422,16422,16422,16422
207,7/26/2012 12:00,483276,483276,483276,483276,483276,483276,483276,483276,483276,483276,483276,483276,483276,483276,483276,483276,483276,483276,483276,483276,483276,483276,483276,483276,483276,14076,14076,14076,14076,14076,14076,14076,14076,14076,14076,14076,14076,14076,14076,14076,14076,14076,14076,14076,14076,14076,14076,14076,14076,14076,14076
208,7/27/2012 12:00,485622,485622,485622,485622,485622,485622,485622,485622,485622,485622,485622,485622,485622,485622,485622,485622,485622,485622,485622,485622,485622,485622,485622,485622,485622,11730,11730,11730,11730,11730,11730,11730,11730,11730,11730,11730,11730,11730,11730,11730,11730,11730,11730,11730,11730,11730,11730,11730,11730,11730,11730
209,7/28/2012 12:00,487968,487968,487968,487968,487968,487968,487968,487968,487968,487968,487968,487968,487968,487968,487968,487968,487968,487968,487968,487968,487968,487968,487968,487968,487968,9384,9384,9384,9384,9384,9384,9384,9384,9384,9384,9384,9384,9384,9384,9384,9384,9384,9384,9384,9384,9384,9384,9384,9384,9384,9384
210,7/29/2012 12:00,490314,490314,490314,490314,490314,490314,490314,490314,490314,490314,490314,490314,490314,490314,490314,490314,490314,490314,490314,490314,490314,490314,490314,490314,490314,7038,7038,7038,7038,7038,7038,7038,7038,7038,7038,7038,7038,7038,7038,7038,7038,7038,7038,7038,7038,7038,7038,7038,7038,7038,7038
211,7/30/2012 12:00,492660,492660,492660,492660,492660,492660,492660,492660,492660,492660,492660,492660,492660,492660,492660,492660,492660,492660,492660,492660,492660,492660,492660,492660,492660,4692,4692,4692,4692,4692,4692,4692,4692,4692,4692,4692,4692,4692,4692,4692,4692,4692,4692,4692,4692,4692,4692,4692,4692,4692,4692
212,7/31/2012 12:00,495006,495006,495006,495006,495006,495006,495006,495006,495006,495006,495006,495006,495006,495006,495006,495006,495006,495006,495006,495006,495006,495006,495006,495006,495006,2346,2346,2346,2346,2346,2346,2346,2346,2346,2346,2346,2346,2346,2346,2346,2346,2346,2346,2346,2346,2346,2346,2346,2346,2346,2346
213,8/1/2012 11:59,497352,497352,497352,497352,497352,497352,497352,497352,497352,497352,497352,497352,497352,497352,497352,497352,497352,497352,497352,497352,497352,497352,497352,497352,497352,0,0,0,0,0,0,0,0,0,0,0,0,0,0,0,0,0,0,0,0,0,0,0,0,0,0
